
### 2026-09-28T14:48:36Z  ekos migrate init --name ledgersmb-analytics --source postgres://lsmb-pg/ledgersmb --target clickhouse://lsmb-ch/lsmb_raw --source-secret-env LSMB_PG_PASSWORD --target-secret-env LSMB_CH_PASSWORD
Migration project 'ledgersmb-analytics' ready.
  id      : cd4d4e66-4f89-56ca-8648-6cd7a44cfc7c
  source  : postgres://lsmb-pg/ledgersmb
  target  : clickhouse://lsmb-ch/lsmb_raw
  source secret: $LSMB_PG_PASSWORD (name only — the value is never stored)
  target secret: $LSMB_CH_PASSWORD (name only — the value is never stored)

Add this to ekos.toml so other verbs find it:

[migrate]
enabled = true
project = "ledgersmb-analytics"
### exit=0  wall=0,0s

### 2026-09-28T14:48:42Z  ekos migrate discover
Discovering postgres://lsmb-pg/ledgersmb
Error: unknown pg_constraint.contype "t"
### exit=1  wall=0.4s

### 2026-09-28T14:51:00Z  ekos migrate discover
Discovering postgres://lsmb-pg/ledgersmb

Catalog:
  schema                 3
  table                  168
  view                   16
  column                 1205
  primary_key            158
  foreign_key            298
  unique_constraint      66
  check_constraint       72
  index                  62
  sequence               86
  function               503
  trigger                29
  extension              2

168 migration unit(s) discovered.

Drift (316 finding(s), recorded as facts):
  column_live_only       246
  column_repo_only       51
  table_live_only        1
  table_repo_only        18

  298 of these change what a migration would produce. The first few:
    public.acc_trans.additional_data — deployed but absent from the repository's DDL
    public.acc_trans.amount — in the repository's DDL but not deployed
    public.acc_trans.amount_bc — deployed but absent from the repository's DDL
    public.acc_trans.amount_tc — deployed but absent from the repository's DDL
    public.acc_trans.cleared_on — in the repository's DDL but not deployed
### exit=0  wall=12.2s

### 2026-09-28T14:51:21Z  ekos migrate profile --tier p1
  public.ac_tax_form                                0 rows    2 cols (est)
  public.acc_trans                              41248 rows   15 cols (est)
  public.account                                   66 rows   13 cols (est)
  public.account_checkpoint                         0 rows    8 cols (est)
  public.account_heading                            0 rows    5 cols (est)
  public.account_heading_translation                0 rows    3 cols (est)
  public.account_link                               0 rows    2 cols (est)
  public.account_link_description                   0 rows    3 cols (est)
  public.account_translation                        0 rows    3 cols (est)
  public.ap                                       223 rows   28 cols (est)
  public.ar                                      3238 rows   29 cols (est)
  public.assembly                                   0 rows    5 cols (est)
  public.asset_class                                0 rows    5 cols (est)
  public.asset_dep_method                           0 rows    6 cols (est)
  public.asset_disposal_method                      0 rows    4 cols (est)
  public.asset_item                                 0 rows   17 cols (est)
  public.asset_note                                 0 rows    8 cols (est)
  public.asset_report                               0 rows   12 cols (est)
  public.asset_report_class                         0 rows    2 cols (est)
  public.asset_report_line                          0 rows    5 cols (est)
  public.asset_rl_to_disposal_method                0 rows    4 cols (est)
  public.asset_unit_class                           0 rows    2 cols (est)
  public.audittrail                              3577 rows    9 cols (est)
  public.batch                                      0 rows   10 cols (est)
  public.batch_class                                0 rows    2 cols (est)
  public.bu_class_to_module                         0 rows    2 cols (est)
  public.budget_info                                0 rows   11 cols (est)
  public.budget_line                                0 rows    6 cols (est)
  public.budget_note                                0 rows    8 cols (est)
  public.budget_to_business_unit                    0 rows    3 cols (est)
  public.business                                   0 rows    4 cols (est)
  public.business_unit                             85 rows    8 cols (est)
  public.business_unit_ac                           0 rows    3 cols (est)
  public.business_unit_class                        0 rows    4 cols (est)
  public.business_unit_inv                          0 rows    3 cols (est)
  public.business_unit_jl                           0 rows    3 cols (est)
  public.business_unit_oitem                        0 rows    3 cols (est)
  public.business_unit_translation                  0 rows    3 cols (est)
  public.company                                   85 rows    8 cols (est)
  public.contact_class                              0 rows    2 cols (est)
  public.country                                  263 rows    5 cols (est)
  public.country_tax_form                           0 rows    5 cols (est)
  public.cr_coa_to_account                          0 rows    2 cols (est)
  public.cr_report                                  0 rows   15 cols (est)
  public.cr_report_line                             0 rows   11 cols (est)
  public.cr_report_line_links                       0 rows    4 cols (est)
  public.currency                                   0 rows    2 cols (est)
  public.custom_attribute_metadata                  0 rows    6 cols (est)
  public.defaults                                  35 rows    2 cols (est)
  public.eca_invoice                                0 rows    9 cols (est)
  public.eca_note                                   0 rows    8 cols (est)
  public.eca_tax                                    0 rows    2 cols (est)
  public.eca_to_contact                             0 rows    4 cols (est)
  public.eca_to_location                           85 rows    6 cols (est)
  public.email                                      0 rows   10 cols (est)
  public.employee_class                             0 rows    2 cols (est)
  public.employee_to_ec                             0 rows    2 cols (est)
  public.entity                                    85 rows    6 cols (est)
  public.entity_bank_account                        0 rows    5 cols (est)
  public.entity_class                               0 rows    3 cols (est)
  public.entity_credit_account                     85 rows   25 cols (est)
  public.entity_employee                            0 rows   10 cols (est)
  public.entity_note                                0 rows    9 cols (est)
  public.entity_other_name                          0 rows    2 cols (est)
  public.entity_to_contact                          0 rows    4 cols (est)
  public.entity_to_location                         0 rows    6 cols (est)
  public.exchangerate_default                       0 rows    5 cols (est)
  public.exchangerate_type                          0 rows    3 cols (est)
  public.file_base                                  0 rows    9 cols (est)
  public.file_class                                 0 rows    2 cols (est)
  public.file_eca                                   0 rows    9 cols (est)
  public.file_email                                 0 rows    9 cols (est)
  public.file_entity                                0 rows    9 cols (est)
  public.file_incoming                              0 rows    9 cols (est)
  public.file_internal                              0 rows    9 cols (est)
  public.file_order                                 0 rows    9 cols (est)
  public.file_order_to_order                        0 rows    6 cols (est)
  public.file_order_to_tx                           0 rows    6 cols (est)
  public.file_part                                  0 rows    9 cols (est)
  public.file_reconciliation                        0 rows    9 cols (est)
  public.file_secondary_attachment                  0 rows    6 cols (est)
  public.file_transaction                           0 rows    9 cols (est)
  public.file_tx_to_order                           0 rows    6 cols (est)
  public.file_view_catalog                          0 rows    2 cols (est)
  public.gifi                                       0 rows    3 cols (est)
  public.gl                                       116 rows    1 cols (est)
  public.inventory_report                           0 rows    4 cols (est)
  public.inventory_report_line                    648 rows    5 cols (est)
  public.invoice                                10148 rows   16 cols (est)
  public.invoice_note                               0 rows    8 cols (est)
  public.invoice_tax_form                           0 rows    2 cols (est)
  public.jcitems                                    0 rows   17 cols (est)
  public.jctype                                     0 rows    5 cols (est)
  public.job                                        0 rows    4 cols (est)
  public.journal_entry                              0 rows   13 cols (est)
  public.journal_line                               0 rows    9 cols (est)
  public.journal_note                               0 rows    9 cols (est)
  public.journal_type                               0 rows    2 cols (est)
  public.language                                   0 rows    3 cols (est)
  public.location                                  85 rows    8 cols (est)
  public.location_class                             0 rows    3 cols (est)
  public.location_class_to_entity_class             0 rows    3 cols (est)
  public.lsmb_module                                0 rows    2 cols (est)
  public.lsmb_sequence                              0 rows    6 cols (est)
  public.makemodel                                  0 rows    4 cols (est)
  public.menu_acl                                   0 rows    4 cols (est)
  public.menu_node                                  0 rows    7 cols (est)
  public.mfg_lot                                    0 rows    6 cols (est)
  public.mfg_lot_item                               0 rows    4 cols (est)
  public.mime_type                                684 rows    3 cols (est)
  public.note_class                                 4 rows    2 cols (est)
  public.oe                                      2128 rows   25 cols (est)
  public.oe_class                                   0 rows    2 cols (est)
  public.oe_tax                                     0 rows    7 cols (est)
  public.open_forms                                 0 rows    4 cols (est)
  public.open_item                               3461 rows    4 cols (est)
  public.orderitems                              6241 rows   13 cols (est)
  public.overpayment                                0 rows    3 cols (est)
  public.parts                                    114 rows   28 cols (est)
  public.parts_translation                          0 rows    3 cols (est)
  public.partscustomer                              0 rows   10 cols (est)
  public.partsgroup                                 0 rows    4 cols (est)
  public.partsgroup_translation                     0 rows    3 cols (est)
  public.partstax                                 114 rows    3 cols (est)
  public.partsvendor                                0 rows    7 cols (est)
  public.payment                                 3046 rows   11 cols (est)
  public.payment_type                               0 rows    2 cols (est)
  public.payroll_deduction                          0 rows    4 cols (est)
  public.payroll_deduction_class                    0 rows    4 cols (est)
  public.payroll_deduction_type                     0 rows    8 cols (est)
  public.payroll_employee_class                     0 rows    2 cols (est)
  public.payroll_employee_class_to_income_type          0 rows    2 cols (est)
  public.payroll_income_category                    0 rows    2 cols (est)
  public.payroll_income_class                       0 rows    3 cols (est)
  public.payroll_income_type                        0 rows    7 cols (est)
  public.payroll_paid_timeoff                       0 rows    4 cols (est)
  public.payroll_pto_class                          0 rows    2 cols (est)
  public.payroll_report                             0 rows    5 cols (est)
  public.payroll_report_line                        0 rows    7 cols (est)
  public.payroll_wage                               0 rows    4 cols (est)
  public.person                                     0 rows    9 cols (est)
  public.person_to_company                          0 rows    3 cols (est)
  public.pricegroup                                 0 rows    3 cols (est)
  public.recurring                                  0 rows    8 cols (est)
  public.recurringemail                             0 rows    4 cols (est)
  public.recurringprint                             0 rows    4 cols (est)
  public.robot                                      0 rows    6 cols (est)
  public.salutation                                 0 rows    2 cols (est)
  public.session                                    0 rows    6 cols (est)
  public.session_history                            0 rows    6 cols (est)
  public.sic                                        0 rows    5 cols (est)
  public.tax                                        0 rows    8 cols (est)
  public.tax_exempt_reason                          0 rows    2 cols (est)
  public.tax_extended                               0 rows    3 cols (est)
  public.taxcategory                                0 rows    3 cols (est)
  public.taxmodule                                  0 rows    2 cols (est)
  public.template                                   0 rows    6 cols (est)
  public.trans_type                                 0 rows    3 cols (est)
  public.transactions                            6623 rows   14 cols (est)
  public.trial_balance__yearend_types               0 rows    1 cols (est)
  public.user_preference                            0 rows    4 cols (est)
  public.users                                      0 rows    4 cols (est)
  public.warehouse                                  0 rows    3 cols (est)
  public.warehouse_inventory                        0 rows    8 cols (est)
  public.workflow                                3046 rows    4 cols (est)
  public.workflow_context                           0 rows    2 cols (est)
  public.workflow_history                           0 rows    8 cols (est)
  public.yearend                                    0 rows    3 cols (est)

168 unit(s) profiled at p1.
22 column(s) classified as personal data: no bounds and no top-k recorded for them, at any tier.
### exit=0  wall=34.7s
ANALYZE done (planner statistics for P1 estimates)

### 2026-09-28T14:52:04Z  ekos migrate profile --tier p1
  public.ac_tax_form                                0 rows    2 cols (est)
  public.acc_trans                              41248 rows   15 cols (est)
  public.account                                   66 rows   13 cols (est)
  public.account_checkpoint                         0 rows    8 cols (est)
  public.account_heading                           12 rows    5 cols (est)
  public.account_heading_translation                0 rows    3 cols (est)
  public.account_link                              36 rows    2 cols (est)
  public.account_link_description                  27 rows    3 cols (est)
  public.account_translation                        0 rows    3 cols (est)
  public.ap                                       223 rows   28 cols (est)
  public.ar                                      3238 rows   29 cols (est)
  public.assembly                                   0 rows    5 cols (est)
  public.asset_class                                0 rows    5 cols (est)
  public.asset_dep_method                           3 rows    6 cols (est)
  public.asset_disposal_method                      2 rows    4 cols (est)
  public.asset_item                                 0 rows   17 cols (est)
  public.asset_note                                 0 rows    8 cols (est)
  public.asset_report                               0 rows   12 cols (est)
  public.asset_report_class                         4 rows    2 cols (est)
  public.asset_report_line                          0 rows    5 cols (est)
  public.asset_rl_to_disposal_method                0 rows    4 cols (est)
  public.asset_unit_class                           2 rows    2 cols (est)
  public.audittrail                              3577 rows    9 cols (est)
  public.batch                                      0 rows   10 cols (est)
  public.batch_class                               10 rows    2 cols (est)
  public.bu_class_to_module                        49 rows    2 cols (est)
  public.budget_info                                0 rows   11 cols (est)
  public.budget_line                                0 rows    6 cols (est)
  public.budget_note                                0 rows    8 cols (est)
  public.budget_to_business_unit                    0 rows    3 cols (est)
  public.business                                   4 rows    4 cols (est)
  public.business_unit                             85 rows    8 cols (est)
  public.business_unit_ac                           0 rows    3 cols (est)
  public.business_unit_class                        7 rows    4 cols (est)
  public.business_unit_inv                          0 rows    3 cols (est)
  public.business_unit_jl                           0 rows    3 cols (est)
  public.business_unit_oitem                        0 rows    3 cols (est)
  public.business_unit_translation                  0 rows    3 cols (est)
  public.company                                   85 rows    8 cols (est)
  public.contact_class                             20 rows    2 cols (est)
  public.country                                  263 rows    5 cols (est)
  public.country_tax_form                           0 rows    5 cols (est)
  public.cr_coa_to_account                          0 rows    2 cols (est)
  public.cr_report                                  0 rows   15 cols (est)
  public.cr_report_line                             0 rows   11 cols (est)
  public.cr_report_line_links                       0 rows    4 cols (est)
  public.currency                                   1 rows    2 cols (est)
  public.custom_attribute_metadata                  0 rows    6 cols (est)
  public.defaults                                  35 rows    2 cols (est)
  public.eca_invoice                                0 rows    9 cols (est)
  public.eca_note                                   0 rows    8 cols (est)
  public.eca_tax                                    0 rows    2 cols (est)
  public.eca_to_contact                             0 rows    4 cols (est)
  public.eca_to_location                           85 rows    6 cols (est)
  public.email                                      0 rows   10 cols (est)
  public.employee_class                             0 rows    2 cols (est)
  public.employee_to_ec                             0 rows    2 cols (est)
  public.entity                                    85 rows    6 cols (est)
  public.entity_bank_account                        0 rows    5 cols (est)
  public.entity_class                              10 rows    3 cols (est)
  public.entity_credit_account                     85 rows   25 cols (est)
  public.entity_employee                            0 rows   10 cols (est)
  public.entity_note                                0 rows    9 cols (est)
  public.entity_other_name                          0 rows    2 cols (est)
  public.entity_to_contact                          0 rows    4 cols (est)
  public.entity_to_location                         0 rows    6 cols (est)
  public.exchangerate_default                       0 rows    5 cols (est)
  public.exchangerate_type                          1 rows    3 cols (est)
  public.file_base                                  0 rows    9 cols (est)
  public.file_class                                 9 rows    2 cols (est)
  public.file_eca                                   0 rows    9 cols (est)
  public.file_email                                 0 rows    9 cols (est)
  public.file_entity                                0 rows    9 cols (est)
  public.file_incoming                              0 rows    9 cols (est)
  public.file_internal                              0 rows    9 cols (est)
  public.file_order                                 0 rows    9 cols (est)
  public.file_order_to_order                        0 rows    6 cols (est)
  public.file_order_to_tx                           0 rows    6 cols (est)
  public.file_part                                  0 rows    9 cols (est)
  public.file_reconciliation                        0 rows    9 cols (est)
  public.file_secondary_attachment                  0 rows    6 cols (est)
  public.file_transaction                           0 rows    9 cols (est)
  public.file_tx_to_order                           0 rows    6 cols (est)
  public.file_view_catalog                          1 rows    2 cols (est)
  public.gifi                                       0 rows    3 cols (est)
  public.gl                                       116 rows    1 cols (est)
  public.inventory_report                           6 rows    4 cols (est)
  public.inventory_report_line                    648 rows    5 cols (est)
  public.invoice                                10148 rows   16 cols (est)
  public.invoice_note                               0 rows    8 cols (est)
  public.invoice_tax_form                           0 rows    2 cols (est)
  public.jcitems                                    0 rows   17 cols (est)
  public.jctype                                     3 rows    5 cols (est)
  public.job                                        0 rows    4 cols (est)
  public.journal_entry                              0 rows   13 cols (est)
  public.journal_line                               0 rows    9 cols (est)
  public.journal_note                               0 rows    9 cols (est)
  public.journal_type                               5 rows    2 cols (est)
  public.language                                  43 rows    3 cols (est)
  public.location                                  85 rows    8 cols (est)
  public.location_class                             5 rows    3 cols (est)
  public.location_class_to_entity_class            46 rows    3 cols (est)
  public.lsmb_module                                7 rows    2 cols (est)
  public.lsmb_sequence                              0 rows    6 cols (est)
  public.makemodel                                  0 rows    4 cols (est)
  public.menu_acl                                   0 rows    4 cols (est)
  public.menu_node                                  0 rows    7 cols (est)
  public.mfg_lot                                    0 rows    6 cols (est)
  public.mfg_lot_item                               0 rows    4 cols (est)
  public.mime_type                                684 rows    3 cols (est)
  public.note_class                                 6 rows    2 cols (est)
  public.oe                                      2128 rows   25 cols (est)
  public.oe_class                                   4 rows    2 cols (est)
  public.oe_tax                                     0 rows    7 cols (est)
  public.open_forms                                 0 rows    4 cols (est)
  public.open_item                               3461 rows    4 cols (est)
  public.orderitems                              6241 rows   13 cols (est)
  public.overpayment                                0 rows    3 cols (est)
  public.parts                                    114 rows   28 cols (est)
  public.parts_translation                          0 rows    3 cols (est)
  public.partscustomer                              0 rows   10 cols (est)
  public.partsgroup                                 8 rows    4 cols (est)
  public.partsgroup_translation                     0 rows    3 cols (est)
  public.partstax                                 114 rows    3 cols (est)
  public.partsvendor                                0 rows    7 cols (est)
  public.payment                                 3046 rows   11 cols (est)
  public.payment_type                               0 rows    2 cols (est)
  public.payroll_deduction                          0 rows    4 cols (est)
  public.payroll_deduction_class                    0 rows    4 cols (est)
  public.payroll_deduction_type                     0 rows    8 cols (est)
  public.payroll_employee_class                     0 rows    2 cols (est)
  public.payroll_employee_class_to_income_type          0 rows    2 cols (est)
  public.payroll_income_category                    4 rows    2 cols (est)
  public.payroll_income_class                       0 rows    3 cols (est)
  public.payroll_income_type                        0 rows    7 cols (est)
  public.payroll_paid_timeoff                       0 rows    4 cols (est)
  public.payroll_pto_class                          0 rows    2 cols (est)
  public.payroll_report                             0 rows    5 cols (est)
  public.payroll_report_line                        0 rows    7 cols (est)
  public.payroll_wage                               0 rows    4 cols (est)
  public.person                                     0 rows    9 cols (est)
  public.person_to_company                          0 rows    3 cols (est)
  public.pricegroup                                 0 rows    3 cols (est)
  public.recurring                                  0 rows    8 cols (est)
  public.recurringemail                             0 rows    4 cols (est)
  public.recurringprint                             0 rows    4 cols (est)
  public.robot                                      0 rows    6 cols (est)
  public.salutation                                 7 rows    2 cols (est)
  public.session                                    0 rows    6 cols (est)
  public.session_history                            0 rows    6 cols (est)
  public.sic                                        0 rows    5 cols (est)
  public.tax                                        1 rows    8 cols (est)
  public.tax_exempt_reason                          2 rows    2 cols (est)
  public.tax_extended                               0 rows    3 cols (est)
  public.taxcategory                                0 rows    3 cols (est)
  public.taxmodule                                  2 rows    2 cols (est)
  public.template                                   0 rows    6 cols (est)
  public.trans_type                                12 rows    3 cols (est)
  public.transactions                            6623 rows   14 cols (est)
  public.trial_balance__yearend_types               3 rows    1 cols (est)
  public.user_preference                            2 rows    4 cols (est)
  public.users                                      0 rows    4 cols (est)
  public.warehouse                                  0 rows    3 cols (est)
  public.warehouse_inventory                        0 rows    8 cols (est)
  public.workflow                                3046 rows    4 cols (est)
  public.workflow_context                           0 rows    2 cols (est)
  public.workflow_history                           0 rows    8 cols (est)
  public.yearend                                    0 rows    3 cols (est)

168 unit(s) profiled at p1.
18 column(s) classified as personal data: no bounds and no top-k recorded for them, at any tier.
### exit=0  wall=6.0s

### 2026-09-28T14:52:15Z  ekos migrate assess
674 finding(s):

  BLOCK COMPAT.CH.NO_CONSTRAINT_ENFORCEMENT not measurable public.ac_tax_form
        public.ac_tax_form has a primary key that ClickHouse will not enforce. Nothing breaks on load day; duplicates accumulate afterwards, and a ReplacingMergeTree deduplicates only eventually — a SELECT before a merge still returns them.
  BLOCK COMPAT.CH.NO_CONSTRAINT_ENFORCEMENT not measurable public.acc_trans
        public.acc_trans has a primary key that ClickHouse will not enforce. Nothing breaks on load day; duplicates accumulate afterwards, and a ReplacingMergeTree deduplicates only eventually — a SELECT before a merge still returns them.
  BLOCK DQ.UNIQ.001                        34625 rows     public.acc_trans.trans_id
        trans_id looks like a key and is not declared unique; duplicates would be silently deduplicated by a ReplacingMergeTree target
  BLOCK DQ.UNIQ.001                        41231 rows     public.acc_trans.chart_id
        chart_id looks like a key and is not declared unique; duplicates would be silently deduplicated by a ReplacingMergeTree target
        DQ.COMPLETE.002                    0 rows         public.acc_trans.transdate
        transdate uses a sentinel date where NULL was likely meant
        COMPAT.CH.DATE_BEFORE_1900         0 rows         public.acc_trans.transdate
        transdate holds dates before 1900; ClickHouse Date32 bottoms out at 1900-01-01 and clamps to it without an error (verified on 24.8)
        DQ.COMPLETE.001                    0 rows         public.acc_trans.source
        source is nullable text and also contains empty strings; the two mean different things in every target
        DQ.COMPLETE.001                    0 rows         public.acc_trans.memo
        memo is nullable text and also contains empty strings; the two mean different things in every target
  BLOCK DQ.UNIQ.001                        18644 rows     public.acc_trans.invoice_id
        invoice_id looks like a key and is not declared unique; duplicates would be silently deduplicated by a ReplacingMergeTree target
        DQ.UNIQ.001                        0 rows         public.acc_trans.entry_id
        entry_id looks like a key and is not declared unique; duplicates would be silently deduplicated by a ReplacingMergeTree target
  BLOCK COMPAT.CH.NUMERIC_UNCONSTRAINED    not measurable public.acc_trans.amount_bc
        amount_bc is unconstrained numeric; the measured data uses precision 28 scale 22, so Decimal(28, 22) is narrowing-safe against that profile
  BLOCK COMPAT.CH.NUMERIC_UNCONSTRAINED    not measurable public.acc_trans.amount_tc
        amount_tc is unconstrained numeric; the measured data uses precision 8 scale 2, so Decimal(8, 2) is narrowing-safe against that profile
        COMPAT.CH.CHAR_PADDING             0 rows         public.acc_trans.curr
        curr is char(n); PostgreSQL pads to the declared width and ClickHouse does not, so trailing spaces are a real difference
  BLOCK DQ.UNIQ.001                        3046 rows      public.acc_trans.open_item_id
        open_item_id looks like a key and is not declared unique; duplicates would be silently deduplicated by a ReplacingMergeTree target
  BLOCK COMPAT.CH.NO_CONSTRAINT_ENFORCEMENT not measurable public.account
        public.account has a primary key that ClickHouse will not enforce. Nothing breaks on load day; duplicates accumulate afterwards, and a ReplacingMergeTree deduplicates only eventually — a SELECT before a merge still returns them.
        DQ.UNIQ.001                        0 rows         public.account.id
        id looks like a key and is not declared unique; duplicates would be silently deduplicated by a ReplacingMergeTree target
        COMPAT.CH.CHAR_PADDING             0 rows         public.account.category
        category is char(n); PostgreSQL pads to the declared width and ClickHouse does not, so trailing spaces are a real difference
        DQ.COMPLETE.001                    0 rows         public.account.gifi_accno
        gifi_accno is nullable text and also contains empty strings; the two mean different things in every target
  BLOCK COMPAT.CH.NO_CONSTRAINT_ENFORCEMENT not measurable public.account_checkpoint
        public.account_checkpoint has a primary key that ClickHouse will not enforce. Nothing breaks on load day; duplicates accumulate afterwards, and a ReplacingMergeTree deduplicates only eventually — a SELECT before a merge still returns them.
        DQ.COMPLETE.002                    0 rows         public.account_checkpoint.end_date
        end_date uses a sentinel date where NULL was likely meant
        COMPAT.CH.DATE_BEFORE_1900         0 rows         public.account_checkpoint.end_date
        end_date holds dates before 1900; ClickHouse Date32 bottoms out at 1900-01-01 and clamps to it without an error (verified on 24.8)
  BLOCK COMPAT.CH.NUMERIC_UNCONSTRAINED    not measurable public.account_checkpoint.debits
        debits is unconstrained numeric and has not been profiled. Run `ekos migrate profile --tier p1` before choosing a target type; guessing one is how a migration truncates money.
  BLOCK COMPAT.CH.NUMERIC_UNCONSTRAINED    not measurable public.account_checkpoint.credits
        credits is unconstrained numeric and has not been profiled. Run `ekos migrate profile --tier p1` before choosing a target type; guessing one is how a migration truncates money.
  BLOCK COMPAT.CH.NUMERIC_UNCONSTRAINED    not measurable public.account_checkpoint.amount_bc
        amount_bc is unconstrained numeric and has not been profiled. Run `ekos migrate profile --tier p1` before choosing a target type; guessing one is how a migration truncates money.
  BLOCK COMPAT.CH.NUMERIC_UNCONSTRAINED    not measurable public.account_checkpoint.amount_tc
        amount_tc is unconstrained numeric and has not been profiled. Run `ekos migrate profile --tier p1` before choosing a target type; guessing one is how a migration truncates money.
        COMPAT.CH.CHAR_PADDING             0 rows         public.account_checkpoint.curr
        curr is char(n); PostgreSQL pads to the declared width and ClickHouse does not, so trailing spaces are a real difference
  BLOCK COMPAT.CH.NO_CONSTRAINT_ENFORCEMENT not measurable public.account_heading
        public.account_heading has a primary key that ClickHouse will not enforce. Nothing breaks on load day; duplicates accumulate afterwards, and a ReplacingMergeTree deduplicates only eventually — a SELECT before a merge still returns them.
        DQ.UNIQ.001                        0 rows         public.account_heading.id
        id looks like a key and is not declared unique; duplicates would be silently deduplicated by a ReplacingMergeTree target
        DQ.COMPLETE.001                    0 rows         public.account_heading.category
        category is nullable text and also contains empty strings; the two mean different things in every target
        COMPAT.CH.CHAR_PADDING             0 rows         public.account_heading.category
        category is char(n); PostgreSQL pads to the declared width and ClickHouse does not, so trailing spaces are a real difference
  BLOCK COMPAT.CH.NO_CONSTRAINT_ENFORCEMENT not measurable public.account_heading_translation
        public.account_heading_translation has a primary key that ClickHouse will not enforce. Nothing breaks on load day; duplicates accumulate afterwards, and a ReplacingMergeTree deduplicates only eventually — a SELECT before a merge still returns them.
  BLOCK COMPAT.CH.NO_CONSTRAINT_ENFORCEMENT not measurable public.account_link
        public.account_link has a primary key that ClickHouse will not enforce. Nothing breaks on load day; duplicates accumulate afterwards, and a ReplacingMergeTree deduplicates only eventually — a SELECT before a merge still returns them.
  BLOCK DQ.UNIQ.001                        10 rows        public.account_link.account_id
        account_id looks like a key and is not declared unique; duplicates would be silently deduplicated by a ReplacingMergeTree target
  BLOCK COMPAT.CH.NO_CONSTRAINT_ENFORCEMENT not measurable public.account_link_description
        public.account_link_description has a primary key that ClickHouse will not enforce. Nothing breaks on load day; duplicates accumulate afterwards, and a ReplacingMergeTree deduplicates only eventually — a SELECT before a merge still returns them.
  BLOCK COMPAT.CH.NO_CONSTRAINT_ENFORCEMENT not measurable public.account_translation
        public.account_translation has a primary key that ClickHouse will not enforce. Nothing breaks on load day; duplicates accumulate afterwards, and a ReplacingMergeTree deduplicates only eventually — a SELECT before a merge still returns them.
  BLOCK COMPAT.CH.NO_CONSTRAINT_ENFORCEMENT not measurable public.ap
        public.ap has a primary key that ClickHouse will not enforce. Nothing breaks on load day; duplicates accumulate afterwards, and a ReplacingMergeTree deduplicates only eventually — a SELECT before a merge still returns them.
        DQ.UNIQ.001                        0 rows         public.ap.trans_id
        trans_id looks like a key and is not declared unique; duplicates would be silently deduplicated by a ReplacingMergeTree target
        DQ.COMPLETE.002                    0 rows         public.ap.duedate
        duedate uses a sentinel date where NULL was likely meant
        COMPAT.CH.DATE_BEFORE_1900         0 rows         public.ap.duedate
        duedate holds dates before 1900; ClickHouse Date32 bottoms out at 1900-01-01 and clamps to it without an error (verified on 24.8)
        DQ.COMPLETE.001                    0 rows         public.ap.ordnumber
        ordnumber is nullable text and also contains empty strings; the two mean different things in every target
        COMPAT.CH.CHAR_PADDING             0 rows         public.ap.curr
        curr is char(n); PostgreSQL pads to the declared width and ClickHouse does not, so trailing spaces are a real difference
        DQ.COMPLETE.001                    0 rows         public.ap.notes
        notes is nullable text and also contains empty strings; the two mean different things in every target
        DQ.COMPLETE.001                    0 rows         public.ap.quonumber
        quonumber is nullable text and also contains empty strings; the two mean different things in every target
        DQ.COMPLETE.001                    0 rows         public.ap.shipvia
        shipvia is nullable text and also contains empty strings; the two mean different things in every target
        DQ.COMPLETE.001                    0 rows         public.ap.language_code
        language_code is nullable text and also contains empty strings; the two mean different things in every target
        DQ.COMPLETE.001                    0 rows         public.ap.ponumber
        ponumber is nullable text and also contains empty strings; the two mean different things in every target
        DQ.COMPLETE.001                    0 rows         public.ap.shippingpoint
        shippingpoint is nullable text and also contains empty strings; the two mean different things in every target
        DQ.COMPLETE.002                    0 rows         public.ap.crdate
        crdate uses a sentinel date where NULL was likely meant
        COMPAT.CH.DATE_BEFORE_1900         0 rows         public.ap.crdate
        crdate holds dates before 1900; ClickHouse Date32 bottoms out at 1900-01-01 and clamps to it without an error (verified on 24.8)
  BLOCK COMPAT.CH.NUMERIC_UNCONSTRAINED    not measurable public.ap.amount_bc
        amount_bc is unconstrained numeric; the measured data uses precision 8 scale 2, so Decimal(8, 2) is narrowing-safe against that profile
  BLOCK COMPAT.CH.NUMERIC_UNCONSTRAINED    not measurable public.ap.amount_tc
        amount_tc is unconstrained numeric and has not been profiled. Run `ekos migrate profile --tier p1` before choosing a target type; guessing one is how a migration truncates money.
  BLOCK COMPAT.CH.NUMERIC_UNCONSTRAINED    not measurable public.ap.netamount_bc
        netamount_bc is unconstrained numeric and has not been profiled. Run `ekos migrate profile --tier p1` before choosing a target type; guessing one is how a migration truncates money.
  BLOCK COMPAT.CH.NUMERIC_UNCONSTRAINED    not measurable public.ap.netamount_tc
        netamount_tc is unconstrained numeric and has not been profiled. Run `ekos migrate profile --tier p1` before choosing a target type; guessing one is how a migration truncates money.
        DQ.COMPLETE.001                    0 rows         public.ap.shipto_attn
        shipto_attn is nullable text and also contains empty strings; the two mean different things in every target
        DQ.UNIQ.001                        0 rows         public.ap.open_item_id
        open_item_id looks like a key and is not declared unique; duplicates would be silently deduplicated by a ReplacingMergeTree target
  BLOCK COMPAT.CH.NO_CONSTRAINT_ENFORCEMENT not measurable public.ar
        public.ar has a primary key that ClickHouse will not enforce. Nothing breaks on load day; duplicates accumulate afterwards, and a ReplacingMergeTree deduplicates only eventually — a SELECT before a merge still returns them.
        DQ.UNIQ.001                        0 rows         public.ar.trans_id
        trans_id looks like a key and is not declared unique; duplicates would be silently deduplicated by a ReplacingMergeTree target
        DQ.COMPLETE.002                    0 rows         public.ar.duedate
        duedate uses a sentinel date where NULL was likely meant
        COMPAT.CH.DATE_BEFORE_1900         0 rows         public.ar.duedate
        duedate holds dates before 1900; ClickHouse Date32 bottoms out at 1900-01-01 and clamps to it without an error (verified on 24.8)
        DQ.COMPLETE.001                    0 rows         public.ar.shippingpoint
        shippingpoint is nullable text and also contains empty strings; the two mean different things in every target
        DQ.COMPLETE.001                    0 rows         public.ar.notes
        notes is nullable text and also contains empty strings; the two mean different things in every target
        COMPAT.CH.CHAR_PADDING             0 rows         public.ar.curr
        curr is char(n); PostgreSQL pads to the declared width and ClickHouse does not, so trailing spaces are a real difference
        DQ.COMPLETE.001                    0 rows         public.ar.ordnumber
        ordnumber is nullable text and also contains empty strings; the two mean different things in every target
        DQ.COMPLETE.001                    0 rows         public.ar.quonumber
        quonumber is nullable text and also contains empty strings; the two mean different things in every target
        DQ.COMPLETE.001                    0 rows         public.ar.shipvia
        shipvia is nullable text and also contains empty strings; the two mean different things in every target
        DQ.COMPLETE.001                    0 rows         public.ar.language_code
        language_code is nullable text and also contains empty strings; the two mean different things in every target
        DQ.COMPLETE.001                    0 rows         public.ar.ponumber
        ponumber is nullable text and also contains empty strings; the two mean different things in every target
        DQ.COMPLETE.002                    0 rows         public.ar.crdate
        crdate uses a sentinel date where NULL was likely meant
        COMPAT.CH.DATE_BEFORE_1900         0 rows         public.ar.crdate
        crdate holds dates before 1900; ClickHouse Date32 bottoms out at 1900-01-01 and clamps to it without an error (verified on 24.8)
        DQ.COMPLETE.001                    0 rows         public.ar.setting_sequence
        setting_sequence is nullable text and also contains empty strings; the two mean different things in every target
  BLOCK COMPAT.CH.NUMERIC_UNCONSTRAINED    not measurable public.ar.amount_bc
        amount_bc is unconstrained numeric; the measured data uses precision 6 scale 2, so Decimal(6, 2) is narrowing-safe against that profile
  BLOCK COMPAT.CH.NUMERIC_UNCONSTRAINED    not measurable public.ar.amount_tc
        amount_tc is unconstrained numeric; the measured data uses precision 6 scale 2, so Decimal(6, 2) is narrowing-safe against that profile
  BLOCK COMPAT.CH.NUMERIC_UNCONSTRAINED    not measurable public.ar.netamount_bc
        netamount_bc is unconstrained numeric; the measured data uses precision 6 scale 2, so Decimal(6, 2) is narrowing-safe against that profile
  BLOCK COMPAT.CH.NUMERIC_UNCONSTRAINED    not measurable public.ar.netamount_tc
        netamount_tc is unconstrained numeric; the measured data uses precision 6 scale 2, so Decimal(6, 2) is narrowing-safe against that profile
        DQ.COMPLETE.001                    0 rows         public.ar.shipto_attn
        shipto_attn is nullable text and also contains empty strings; the two mean different things in every target
        DQ.UNIQ.001                        0 rows         public.ar.open_item_id
        open_item_id looks like a key and is not declared unique; duplicates would be silently deduplicated by a ReplacingMergeTree target
  BLOCK COMPAT.CH.NO_CONSTRAINT_ENFORCEMENT not measurable public.assembly
        public.assembly has a primary key that ClickHouse will not enforce. Nothing breaks on load day; duplicates accumulate afterwards, and a ReplacingMergeTree deduplicates only eventually — a SELECT before a merge still returns them.
  BLOCK COMPAT.CH.NUMERIC_UNCONSTRAINED    not measurable public.assembly.qty
        qty is unconstrained numeric and has not been profiled. Run `ekos migrate profile --tier p1` before choosing a target type; guessing one is how a migration truncates money.
  BLOCK COMPAT.CH.NO_CONSTRAINT_ENFORCEMENT not measurable public.asset_class
        public.asset_class has a primary key that ClickHouse will not enforce. Nothing breaks on load day; duplicates accumulate afterwards, and a ReplacingMergeTree deduplicates only eventually — a SELECT before a merge still returns them.
  BLOCK COMPAT.CH.NO_CONSTRAINT_ENFORCEMENT not measurable public.asset_dep_method
        public.asset_dep_method has a primary key that ClickHouse will not enforce. Nothing breaks on load day; duplicates accumulate afterwards, and a ReplacingMergeTree deduplicates only eventually — a SELECT before a merge still returns them.
        DQ.UNIQ.001                        0 rows         public.asset_dep_method.id
        id looks like a key and is not declared unique; duplicates would be silently deduplicated by a ReplacingMergeTree target
  BLOCK COMPAT.CH.NO_CONSTRAINT_ENFORCEMENT not measurable public.asset_disposal_method
        public.asset_disposal_method has a primary key that ClickHouse will not enforce. Nothing breaks on load day; duplicates accumulate afterwards, and a ReplacingMergeTree deduplicates only eventually — a SELECT before a merge still returns them.
        DQ.UNIQ.001                        0 rows         public.asset_disposal_method.id
        id looks like a key and is not declared unique; duplicates would be silently deduplicated by a ReplacingMergeTree target
        COMPAT.CH.CHAR_PADDING             0 rows         public.asset_disposal_method.short_label
        short_label is char(n); PostgreSQL pads to the declared width and ClickHouse does not, so trailing spaces are a real difference
  BLOCK COMPAT.CH.NO_CONSTRAINT_ENFORCEMENT not measurable public.asset_item
        public.asset_item has a primary key that ClickHouse will not enforce. Nothing breaks on load day; duplicates accumulate afterwards, and a ReplacingMergeTree deduplicates only eventually — a SELECT before a merge still returns them.
  BLOCK COMPAT.CH.NUMERIC_UNCONSTRAINED    not measurable public.asset_item.purchase_value
        purchase_value is unconstrained numeric and has not been profiled. Run `ekos migrate profile --tier p1` before choosing a target type; guessing one is how a migration truncates money.
  BLOCK COMPAT.CH.NUMERIC_UNCONSTRAINED    not measurable public.asset_item.salvage_value
        salvage_value is unconstrained numeric and has not been profiled. Run `ekos migrate profile --tier p1` before choosing a target type; guessing one is how a migration truncates money.
  BLOCK COMPAT.CH.NUMERIC_UNCONSTRAINED    not measurable public.asset_item.usable_life
        usable_life is unconstrained numeric and has not been profiled. Run `ekos migrate profile --tier p1` before choosing a target type; guessing one is how a migration truncates money.
        DQ.COMPLETE.002                    0 rows         public.asset_item.purchase_date
        purchase_date uses a sentinel date where NULL was likely meant
        COMPAT.CH.DATE_BEFORE_1900         0 rows         public.asset_item.purchase_date
        purchase_date holds dates before 1900; ClickHouse Date32 bottoms out at 1900-01-01 and clamps to it without an error (verified on 24.8)
        DQ.COMPLETE.002                    0 rows         public.asset_item.start_depreciation
        start_depreciation uses a sentinel date where NULL was likely meant
        COMPAT.CH.DATE_BEFORE_1900         0 rows         public.asset_item.start_depreciation
        start_depreciation holds dates before 1900; ClickHouse Date32 bottoms out at 1900-01-01 and clamps to it without an error (verified on 24.8)
        DQ.COMPLETE.002                    0 rows         public.asset_note.created
        created uses a sentinel date where NULL was likely meant
        COMPAT.CH.DATE_BEFORE_1900         0 rows         public.asset_note.created
        created holds dates before 1900; ClickHouse Date32 bottoms out at 1900-01-01 and clamps to it without an error (verified on 24.8)
        COMPAT.CH.INFINITE_TIMESTAMP       0 rows         public.asset_note.created
        created holds ±infinity, which no target can represent
  BLOCK COMPAT.CH.NO_CONSTRAINT_ENFORCEMENT not measurable public.asset_report
        public.asset_report has a primary key that ClickHouse will not enforce. Nothing breaks on load day; duplicates accumulate afterwards, and a ReplacingMergeTree deduplicates only eventually — a SELECT before a merge still returns them.
        DQ.COMPLETE.002                    0 rows         public.asset_report.report_date
        report_date uses a sentinel date where NULL was likely meant
        COMPAT.CH.DATE_BEFORE_1900         0 rows         public.asset_report.report_date
        report_date holds dates before 1900; ClickHouse Date32 bottoms out at 1900-01-01 and clamps to it without an error (verified on 24.8)
        DQ.COMPLETE.002                    0 rows         public.asset_report.entered_at
        entered_at uses a sentinel date where NULL was likely meant
        COMPAT.CH.DATE_BEFORE_1900         0 rows         public.asset_report.entered_at
        entered_at holds dates before 1900; ClickHouse Date32 bottoms out at 1900-01-01 and clamps to it without an error (verified on 24.8)
        COMPAT.CH.INFINITE_TIMESTAMP       0 rows         public.asset_report.entered_at
        entered_at holds ±infinity, which no target can represent
        DQ.COMPLETE.002                    0 rows         public.asset_report.approved_at
        approved_at uses a sentinel date where NULL was likely meant
        COMPAT.CH.DATE_BEFORE_1900         0 rows         public.asset_report.approved_at
        approved_at holds dates before 1900; ClickHouse Date32 bottoms out at 1900-01-01 and clamps to it without an error (verified on 24.8)
        COMPAT.CH.INFINITE_TIMESTAMP       0 rows         public.asset_report.approved_at
        approved_at holds ±infinity, which no target can represent
  BLOCK COMPAT.CH.NUMERIC_UNCONSTRAINED    not measurable public.asset_report.depreciated_qty
        depreciated_qty is unconstrained numeric and has not been profiled. Run `ekos migrate profile --tier p1` before choosing a target type; guessing one is how a migration truncates money.
  BLOCK COMPAT.CH.NO_CONSTRAINT_ENFORCEMENT not measurable public.asset_report_class
        public.asset_report_class has a primary key that ClickHouse will not enforce. Nothing breaks on load day; duplicates accumulate afterwards, and a ReplacingMergeTree deduplicates only eventually — a SELECT before a merge still returns them.
        DQ.UNIQ.001                        0 rows         public.asset_report_class.id
        id looks like a key and is not declared unique; duplicates would be silently deduplicated by a ReplacingMergeTree target
  BLOCK COMPAT.CH.NO_CONSTRAINT_ENFORCEMENT not measurable public.asset_report_line
        public.asset_report_line has a primary key that ClickHouse will not enforce. Nothing breaks on load day; duplicates accumulate afterwards, and a ReplacingMergeTree deduplicates only eventually — a SELECT before a merge still returns them.
  BLOCK COMPAT.CH.NUMERIC_UNCONSTRAINED    not measurable public.asset_report_line.amount
        amount is unconstrained numeric and has not been profiled. Run `ekos migrate profile --tier p1` before choosing a target type; guessing one is how a migration truncates money.
  BLOCK COMPAT.CH.NO_CONSTRAINT_ENFORCEMENT not measurable public.asset_rl_to_disposal_method
        public.asset_rl_to_disposal_method has a primary key that ClickHouse will not enforce. Nothing breaks on load day; duplicates accumulate afterwards, and a ReplacingMergeTree deduplicates only eventually — a SELECT before a merge still returns them.
  BLOCK COMPAT.CH.NUMERIC_UNCONSTRAINED    not measurable public.asset_rl_to_disposal_method.percent_disposed
        percent_disposed is unconstrained numeric and has not been profiled. Run `ekos migrate profile --tier p1` before choosing a target type; guessing one is how a migration truncates money.
  BLOCK COMPAT.CH.NO_CONSTRAINT_ENFORCEMENT not measurable public.asset_unit_class
        public.asset_unit_class has a primary key that ClickHouse will not enforce. Nothing breaks on load day; duplicates accumulate afterwards, and a ReplacingMergeTree deduplicates only eventually — a SELECT before a merge still returns them.
        DQ.UNIQ.001                        0 rows         public.asset_unit_class.id
        id looks like a key and is not declared unique; duplicates would be silently deduplicated by a ReplacingMergeTree target
  BLOCK COMPAT.CH.NO_CONSTRAINT_ENFORCEMENT not measurable public.audittrail
        public.audittrail has a primary key that ClickHouse will not enforce. Nothing breaks on load day; duplicates accumulate afterwards, and a ReplacingMergeTree deduplicates only eventually — a SELECT before a merge still returns them.
        DQ.UNIQ.001                        0 rows         public.audittrail.trans_id
        trans_id looks like a key and is not declared unique; duplicates would be silently deduplicated by a ReplacingMergeTree target
        DQ.COMPLETE.001                    0 rows         public.audittrail.formname
        formname is nullable text and also contains empty strings; the two mean different things in every target
        DQ.COMPLETE.002                    0 rows         public.audittrail.transdate
        transdate uses a sentinel date where NULL was likely meant
        COMPAT.CH.DATE_BEFORE_1900         0 rows         public.audittrail.transdate
        transdate holds dates before 1900; ClickHouse Date32 bottoms out at 1900-01-01 and clamps to it without an error (verified on 24.8)
        COMPAT.CH.INFINITE_TIMESTAMP       0 rows         public.audittrail.transdate
        transdate holds ±infinity, which no target can represent
        DQ.UNIQ.001                        0 rows         public.audittrail.entry_id
        entry_id looks like a key and is not declared unique; duplicates would be silently deduplicated by a ReplacingMergeTree target
  BLOCK COMPAT.CH.NO_CONSTRAINT_ENFORCEMENT not measurable public.batch
        public.batch has a primary key that ClickHouse will not enforce. Nothing breaks on load day; duplicates accumulate afterwards, and a ReplacingMergeTree deduplicates only eventually — a SELECT before a merge still returns them.
        DQ.COMPLETE.002                    0 rows         public.batch.default_date
        default_date uses a sentinel date where NULL was likely meant
        COMPAT.CH.DATE_BEFORE_1900         0 rows         public.batch.default_date
        default_date holds dates before 1900; ClickHouse Date32 bottoms out at 1900-01-01 and clamps to it without an error (verified on 24.8)
        DQ.COMPLETE.002                    0 rows         public.batch.approved_on
        approved_on uses a sentinel date where NULL was likely meant
        COMPAT.CH.DATE_BEFORE_1900         0 rows         public.batch.approved_on
        approved_on holds dates before 1900; ClickHouse Date32 bottoms out at 1900-01-01 and clamps to it without an error (verified on 24.8)
        DQ.COMPLETE.002                    0 rows         public.batch.created_on
        created_on uses a sentinel date where NULL was likely meant
        COMPAT.CH.DATE_BEFORE_1900         0 rows         public.batch.created_on
        created_on holds dates before 1900; ClickHouse Date32 bottoms out at 1900-01-01 and clamps to it without an error (verified on 24.8)
  BLOCK COMPAT.CH.NO_CONSTRAINT_ENFORCEMENT not measurable public.batch_class
        public.batch_class has a primary key that ClickHouse will not enforce. Nothing breaks on load day; duplicates accumulate afterwards, and a ReplacingMergeTree deduplicates only eventually — a SELECT before a merge still returns them.
        DQ.UNIQ.001                        0 rows         public.batch_class.id
        id looks like a key and is not declared unique; duplicates would be silently deduplicated by a ReplacingMergeTree target
  BLOCK COMPAT.CH.NO_CONSTRAINT_ENFORCEMENT not measurable public.bu_class_to_module
        public.bu_class_to_module has a primary key that ClickHouse will not enforce. Nothing breaks on load day; duplicates accumulate afterwards, and a ReplacingMergeTree deduplicates only eventually — a SELECT before a merge still returns them.
  BLOCK DQ.UNIQ.001                        42 rows        public.bu_class_to_module.bu_class_id
        bu_class_id looks like a key and is not declared unique; duplicates would be silently deduplicated by a ReplacingMergeTree target
  BLOCK DQ.UNIQ.001                        42 rows        public.bu_class_to_module.module_id
        module_id looks like a key and is not declared unique; duplicates would be silently deduplicated by a ReplacingMergeTree target
  BLOCK COMPAT.CH.NO_CONSTRAINT_ENFORCEMENT not measurable public.budget_info
        public.budget_info has a primary key that ClickHouse will not enforce. Nothing breaks on load day; duplicates accumulate afterwards, and a ReplacingMergeTree deduplicates only eventually — a SELECT before a merge still returns them.
        DQ.COMPLETE.002                    0 rows         public.budget_info.start_date
        start_date uses a sentinel date where NULL was likely meant
        COMPAT.CH.DATE_BEFORE_1900         0 rows         public.budget_info.start_date
        start_date holds dates before 1900; ClickHouse Date32 bottoms out at 1900-01-01 and clamps to it without an error (verified on 24.8)
        DQ.COMPLETE.002                    0 rows         public.budget_info.end_date
        end_date uses a sentinel date where NULL was likely meant
        COMPAT.CH.DATE_BEFORE_1900         0 rows         public.budget_info.end_date
        end_date holds dates before 1900; ClickHouse Date32 bottoms out at 1900-01-01 and clamps to it without an error (verified on 24.8)
        DQ.COMPLETE.002                    0 rows         public.budget_info.entered_at
        entered_at uses a sentinel date where NULL was likely meant
        COMPAT.CH.DATE_BEFORE_1900         0 rows         public.budget_info.entered_at
        entered_at holds dates before 1900; ClickHouse Date32 bottoms out at 1900-01-01 and clamps to it without an error (verified on 24.8)
        COMPAT.CH.INFINITE_TIMESTAMP       0 rows         public.budget_info.entered_at
        entered_at holds ±infinity, which no target can represent
        DQ.COMPLETE.002                    0 rows         public.budget_info.approved_at
        approved_at uses a sentinel date where NULL was likely meant
        COMPAT.CH.DATE_BEFORE_1900         0 rows         public.budget_info.approved_at
        approved_at holds dates before 1900; ClickHouse Date32 bottoms out at 1900-01-01 and clamps to it without an error (verified on 24.8)
        COMPAT.CH.INFINITE_TIMESTAMP       0 rows         public.budget_info.approved_at
        approved_at holds ±infinity, which no target can represent
        DQ.COMPLETE.002                    0 rows         public.budget_info.obsolete_at
        obsolete_at uses a sentinel date where NULL was likely meant
        COMPAT.CH.DATE_BEFORE_1900         0 rows         public.budget_info.obsolete_at
        obsolete_at holds dates before 1900; ClickHouse Date32 bottoms out at 1900-01-01 and clamps to it without an error (verified on 24.8)
        COMPAT.CH.INFINITE_TIMESTAMP       0 rows         public.budget_info.obsolete_at
        obsolete_at holds ±infinity, which no target can represent
  BLOCK COMPAT.CH.NO_CONSTRAINT_ENFORCEMENT not measurable public.budget_line
        public.budget_line has a primary key that ClickHouse will not enforce. Nothing breaks on load day; duplicates accumulate afterwards, and a ReplacingMergeTree deduplicates only eventually — a SELECT before a merge still returns them.
  BLOCK COMPAT.CH.NUMERIC_UNCONSTRAINED    not measurable public.budget_line.amount
        amount is unconstrained numeric and has not been profiled. Run `ekos migrate profile --tier p1` before choosing a target type; guessing one is how a migration truncates money.
  BLOCK COMPAT.CH.NUMERIC_UNCONSTRAINED    not measurable public.budget_line.amount_tc
        amount_tc is unconstrained numeric and has not been profiled. Run `ekos migrate profile --tier p1` before choosing a target type; guessing one is how a migration truncates money.
        COMPAT.CH.CHAR_PADDING             0 rows         public.budget_line.curr
        curr is char(n); PostgreSQL pads to the declared width and ClickHouse does not, so trailing spaces are a real difference
  BLOCK COMPAT.CH.NO_CONSTRAINT_ENFORCEMENT not measurable public.budget_note
        public.budget_note has a primary key that ClickHouse will not enforce. Nothing breaks on load day; duplicates accumulate afterwards, and a ReplacingMergeTree deduplicates only eventually — a SELECT before a merge still returns them.
        DQ.COMPLETE.002                    0 rows         public.budget_note.created
        created uses a sentinel date where NULL was likely meant
        COMPAT.CH.DATE_BEFORE_1900         0 rows         public.budget_note.created
        created holds dates before 1900; ClickHouse Date32 bottoms out at 1900-01-01 and clamps to it without an error (verified on 24.8)
        COMPAT.CH.INFINITE_TIMESTAMP       0 rows         public.budget_note.created
        created holds ±infinity, which no target can represent
  BLOCK COMPAT.CH.NO_CONSTRAINT_ENFORCEMENT not measurable public.budget_to_business_unit
        public.budget_to_business_unit has a primary key that ClickHouse will not enforce. Nothing breaks on load day; duplicates accumulate afterwards, and a ReplacingMergeTree deduplicates only eventually — a SELECT before a merge still returns them.
  BLOCK COMPAT.CH.NO_CONSTRAINT_ENFORCEMENT not measurable public.business
        public.business has a primary key that ClickHouse will not enforce. Nothing breaks on load day; duplicates accumulate afterwards, and a ReplacingMergeTree deduplicates only eventually — a SELECT before a merge still returns them.
        DQ.UNIQ.001                        0 rows         public.business.id
        id looks like a key and is not declared unique; duplicates would be silently deduplicated by a ReplacingMergeTree target
  BLOCK COMPAT.CH.NUMERIC_UNCONSTRAINED    not measurable public.business.discount
        discount is unconstrained numeric and has not been profiled. Run `ekos migrate profile --tier p1` before choosing a target type; guessing one is how a migration truncates money.
        DQ.COMPLETE.002                    0 rows         public.business.last_updated
        last_updated uses a sentinel date where NULL was likely meant
        COMPAT.CH.DATE_BEFORE_1900         0 rows         public.business.last_updated
        last_updated holds dates before 1900; ClickHouse Date32 bottoms out at 1900-01-01 and clamps to it without an error (verified on 24.8)
        COMPAT.CH.INFINITE_TIMESTAMP       0 rows         public.business.last_updated
        last_updated holds ±infinity, which no target can represent
  BLOCK COMPAT.CH.NO_CONSTRAINT_ENFORCEMENT not measurable public.business_unit
        public.business_unit has a primary key that ClickHouse will not enforce. Nothing breaks on load day; duplicates accumulate afterwards, and a ReplacingMergeTree deduplicates only eventually — a SELECT before a merge still returns them.
        DQ.UNIQ.001                        0 rows         public.business_unit.id
        id looks like a key and is not declared unique; duplicates would be silently deduplicated by a ReplacingMergeTree target
  BLOCK DQ.UNIQ.001                        83 rows        public.business_unit.class_id
        class_id looks like a key and is not declared unique; duplicates would be silently deduplicated by a ReplacingMergeTree target
        DQ.UNIQ.001                        0 rows         public.business_unit.control_code
        control_code looks like a key and is not declared unique; duplicates would be silently deduplicated by a ReplacingMergeTree target
        DQ.COMPLETE.002                    0 rows         public.business_unit.start_date
        start_date uses a sentinel date where NULL was likely meant
        COMPAT.CH.DATE_BEFORE_1900         0 rows         public.business_unit.start_date
        start_date holds dates before 1900; ClickHouse Date32 bottoms out at 1900-01-01 and clamps to it without an error (verified on 24.8)
        DQ.COMPLETE.002                    0 rows         public.business_unit.end_date
        end_date uses a sentinel date where NULL was likely meant
        COMPAT.CH.DATE_BEFORE_1900         0 rows         public.business_unit.end_date
        end_date holds dates before 1900; ClickHouse Date32 bottoms out at 1900-01-01 and clamps to it without an error (verified on 24.8)
        DQ.UNIQ.001                        0 rows         public.business_unit.credit_id
        credit_id looks like a key and is not declared unique; duplicates would be silently deduplicated by a ReplacingMergeTree target
  BLOCK COMPAT.CH.NO_CONSTRAINT_ENFORCEMENT not measurable public.business_unit_ac
        public.business_unit_ac has a primary key that ClickHouse will not enforce. Nothing breaks on load day; duplicates accumulate afterwards, and a ReplacingMergeTree deduplicates only eventually — a SELECT before a merge still returns them.
  BLOCK COMPAT.CH.NO_CONSTRAINT_ENFORCEMENT not measurable public.business_unit_class
        public.business_unit_class has a primary key that ClickHouse will not enforce. Nothing breaks on load day; duplicates accumulate afterwards, and a ReplacingMergeTree deduplicates only eventually — a SELECT before a merge still returns them.
        DQ.UNIQ.001                        0 rows         public.business_unit_class.id
        id looks like a key and is not declared unique; duplicates would be silently deduplicated by a ReplacingMergeTree target
  BLOCK COMPAT.CH.NO_CONSTRAINT_ENFORCEMENT not measurable public.business_unit_inv
        public.business_unit_inv has a primary key that ClickHouse will not enforce. Nothing breaks on load day; duplicates accumulate afterwards, and a ReplacingMergeTree deduplicates only eventually — a SELECT before a merge still returns them.
  BLOCK COMPAT.CH.NO_CONSTRAINT_ENFORCEMENT not measurable public.business_unit_jl
        public.business_unit_jl has a primary key that ClickHouse will not enforce. Nothing breaks on load day; duplicates accumulate afterwards, and a ReplacingMergeTree deduplicates only eventually — a SELECT before a merge still returns them.
  BLOCK COMPAT.CH.NO_CONSTRAINT_ENFORCEMENT not measurable public.business_unit_oitem
        public.business_unit_oitem has a primary key that ClickHouse will not enforce. Nothing breaks on load day; duplicates accumulate afterwards, and a ReplacingMergeTree deduplicates only eventually — a SELECT before a merge still returns them.
  BLOCK COMPAT.CH.NO_CONSTRAINT_ENFORCEMENT not measurable public.business_unit_translation
        public.business_unit_translation has a primary key that ClickHouse will not enforce. Nothing breaks on load day; duplicates accumulate afterwards, and a ReplacingMergeTree deduplicates only eventually — a SELECT before a merge still returns them.
  BLOCK COMPAT.CH.NO_CONSTRAINT_ENFORCEMENT not measurable public.company
        public.company has a primary key that ClickHouse will not enforce. Nothing breaks on load day; duplicates accumulate afterwards, and a ReplacingMergeTree deduplicates only eventually — a SELECT before a merge still returns them.
        DQ.UNIQ.001                        0 rows         public.company.id
        id looks like a key and is not declared unique; duplicates would be silently deduplicated by a ReplacingMergeTree target
        DQ.UNIQ.001                        0 rows         public.company.entity_id
        entity_id looks like a key and is not declared unique; duplicates would be silently deduplicated by a ReplacingMergeTree target
        DQ.UNIQ.001                        0 rows         public.company.tax_id
        tax_id looks like a key and is not declared unique; duplicates would be silently deduplicated by a ReplacingMergeTree target
        DQ.COMPLETE.001                    0 rows         public.company.sales_tax_id
        sales_tax_id is nullable text and also contains empty strings; the two mean different things in every target
        DQ.COMPLETE.001                    0 rows         public.company.license_number
        license_number is nullable text and also contains empty strings; the two mean different things in every target
        DQ.COMPLETE.001                    0 rows         public.company.sic_code
        sic_code is nullable text and also contains empty strings; the two mean different things in every target
        DQ.COMPLETE.002                    0 rows         public.company.created
        created uses a sentinel date where NULL was likely meant
        COMPAT.CH.DATE_BEFORE_1900         0 rows         public.company.created
        created holds dates before 1900; ClickHouse Date32 bottoms out at 1900-01-01 and clamps to it without an error (verified on 24.8)
  BLOCK COMPAT.CH.NO_CONSTRAINT_ENFORCEMENT not measurable public.contact_class
        public.contact_class has a primary key that ClickHouse will not enforce. Nothing breaks on load day; duplicates accumulate afterwards, and a ReplacingMergeTree deduplicates only eventually — a SELECT before a merge still returns them.
        DQ.UNIQ.001                        0 rows         public.contact_class.id
        id looks like a key and is not declared unique; duplicates would be silently deduplicated by a ReplacingMergeTree target
  BLOCK COMPAT.CH.NO_CONSTRAINT_ENFORCEMENT not measurable public.country
        public.country has a primary key that ClickHouse will not enforce. Nothing breaks on load day; duplicates accumulate afterwards, and a ReplacingMergeTree deduplicates only eventually — a SELECT before a merge still returns them.
        DQ.UNIQ.001                        0 rows         public.country.id
        id looks like a key and is not declared unique; duplicates would be silently deduplicated by a ReplacingMergeTree target
        DQ.COMPLETE.001                    0 rows         public.country.itu
        itu is nullable text and also contains empty strings; the two mean different things in every target
        DQ.COMPLETE.002                    0 rows         public.country.last_updated
        last_updated uses a sentinel date where NULL was likely meant
        COMPAT.CH.DATE_BEFORE_1900         0 rows         public.country.last_updated
        last_updated holds dates before 1900; ClickHouse Date32 bottoms out at 1900-01-01 and clamps to it without an error (verified on 24.8)
        COMPAT.CH.INFINITE_TIMESTAMP       0 rows         public.country.last_updated
        last_updated holds ±infinity, which no target can represent
  BLOCK COMPAT.CH.NO_CONSTRAINT_ENFORCEMENT not measurable public.country_tax_form
        public.country_tax_form has a primary key that ClickHouse will not enforce. Nothing breaks on load day; duplicates accumulate afterwards, and a ReplacingMergeTree deduplicates only eventually — a SELECT before a merge still returns them.
  BLOCK COMPAT.CH.NO_CONSTRAINT_ENFORCEMENT not measurable public.cr_coa_to_account
        public.cr_coa_to_account has a primary key that ClickHouse will not enforce. Nothing breaks on load day; duplicates accumulate afterwards, and a ReplacingMergeTree deduplicates only eventually — a SELECT before a merge still returns them.
  BLOCK COMPAT.CH.NO_CONSTRAINT_ENFORCEMENT not measurable public.cr_report
        public.cr_report has a primary key that ClickHouse will not enforce. Nothing breaks on load day; duplicates accumulate afterwards, and a ReplacingMergeTree deduplicates only eventually — a SELECT before a merge still returns them.
  BLOCK COMPAT.CH.NUMERIC_UNCONSTRAINED    not measurable public.cr_report.their_total
        their_total is unconstrained numeric and has not been profiled. Run `ekos migrate profile --tier p1` before choosing a target type; guessing one is how a migration truncates money.
        DQ.COMPLETE.002                    0 rows         public.cr_report.end_date
        end_date uses a sentinel date where NULL was likely meant
        COMPAT.CH.DATE_BEFORE_1900         0 rows         public.cr_report.end_date
        end_date holds dates before 1900; ClickHouse Date32 bottoms out at 1900-01-01 and clamps to it without an error (verified on 24.8)
        DQ.COMPLETE.002                    0 rows         public.cr_report.updated
        updated uses a sentinel date where NULL was likely meant
        COMPAT.CH.DATE_BEFORE_1900         0 rows         public.cr_report.updated
        updated holds dates before 1900; ClickHouse Date32 bottoms out at 1900-01-01 and clamps to it without an error (verified on 24.8)
        COMPAT.CH.INFINITE_TIMESTAMP       0 rows         public.cr_report.updated
        updated holds ±infinity, which no target can represent
  BLOCK COMPAT.CH.NO_CONSTRAINT_ENFORCEMENT not measurable public.cr_report_line
        public.cr_report_line has a primary key that ClickHouse will not enforce. Nothing breaks on load day; duplicates accumulate afterwards, and a ReplacingMergeTree deduplicates only eventually — a SELECT before a merge still returns them.
  BLOCK COMPAT.CH.NUMERIC_UNCONSTRAINED    not measurable public.cr_report_line.their_balance
        their_balance is unconstrained numeric and has not been profiled. Run `ekos migrate profile --tier p1` before choosing a target type; guessing one is how a migration truncates money.
  BLOCK COMPAT.CH.NUMERIC_UNCONSTRAINED    not measurable public.cr_report_line.our_balance
        our_balance is unconstrained numeric and has not been profiled. Run `ekos migrate profile --tier p1` before choosing a target type; guessing one is how a migration truncates money.
        DQ.COMPLETE.002                    0 rows         public.cr_report_line.clear_time
        clear_time uses a sentinel date where NULL was likely meant
        COMPAT.CH.DATE_BEFORE_1900         0 rows         public.cr_report_line.clear_time
        clear_time holds dates before 1900; ClickHouse Date32 bottoms out at 1900-01-01 and clamps to it without an error (verified on 24.8)
        DQ.COMPLETE.002                    0 rows         public.cr_report_line.insert_time
        insert_time uses a sentinel date where NULL was likely meant
        COMPAT.CH.DATE_BEFORE_1900         0 rows         public.cr_report_line.insert_time
        insert_time holds dates before 1900; ClickHouse Date32 bottoms out at 1900-01-01 and clamps to it without an error (verified on 24.8)
        COMPAT.CH.INFINITE_TIMESTAMP       0 rows         public.cr_report_line.insert_time
        insert_time holds ±infinity, which no target can represent
        DQ.COMPLETE.002                    0 rows         public.cr_report_line.post_date
        post_date uses a sentinel date where NULL was likely meant
        COMPAT.CH.DATE_BEFORE_1900         0 rows         public.cr_report_line.post_date
        post_date holds dates before 1900; ClickHouse Date32 bottoms out at 1900-01-01 and clamps to it without an error (verified on 24.8)
  BLOCK COMPAT.CH.NO_CONSTRAINT_ENFORCEMENT not measurable public.cr_report_line_links
        public.cr_report_line_links has a primary key that ClickHouse will not enforce. Nothing breaks on load day; duplicates accumulate afterwards, and a ReplacingMergeTree deduplicates only eventually — a SELECT before a merge still returns them.
  BLOCK COMPAT.CH.NO_CONSTRAINT_ENFORCEMENT not measurable public.currency
        public.currency has a primary key that ClickHouse will not enforce. Nothing breaks on load day; duplicates accumulate afterwards, and a ReplacingMergeTree deduplicates only eventually — a SELECT before a merge still returns them.
        COMPAT.CH.CHAR_PADDING             0 rows         public.currency.curr
        curr is char(n); PostgreSQL pads to the declared width and ClickHouse does not, so trailing spaces are a real difference
  BLOCK COMPAT.CH.NO_CONSTRAINT_ENFORCEMENT not measurable public.custom_attribute_metadata
        public.custom_attribute_metadata has a primary key that ClickHouse will not enforce. Nothing breaks on load day; duplicates accumulate afterwards, and a ReplacingMergeTree deduplicates only eventually — a SELECT before a merge still returns them.
        DQ.COMPLETE.002                    0 rows         public.custom_attribute_metadata.obsolete
        obsolete uses a sentinel date where NULL was likely meant
        COMPAT.CH.DATE_BEFORE_1900         0 rows         public.custom_attribute_metadata.obsolete
        obsolete holds dates before 1900; ClickHouse Date32 bottoms out at 1900-01-01 and clamps to it without an error (verified on 24.8)
  BLOCK COMPAT.CH.NO_CONSTRAINT_ENFORCEMENT not measurable public.defaults
        public.defaults has a primary key that ClickHouse will not enforce. Nothing breaks on load day; duplicates accumulate afterwards, and a ReplacingMergeTree deduplicates only eventually — a SELECT before a merge still returns them.
        DQ.UNIQ.001                        0 rows         public.defaults.setting_key
        setting_key looks like a key and is not declared unique; duplicates would be silently deduplicated by a ReplacingMergeTree target
  BLOCK COMPAT.CH.NO_CONSTRAINT_ENFORCEMENT not measurable public.eca_invoice
        public.eca_invoice has a primary key that ClickHouse will not enforce. Nothing breaks on load day; duplicates accumulate afterwards, and a ReplacingMergeTree deduplicates only eventually — a SELECT before a merge still returns them.
        DQ.COMPLETE.002                    0 rows         public.eca_invoice.due
        due uses a sentinel date where NULL was likely meant
        COMPAT.CH.DATE_BEFORE_1900         0 rows         public.eca_invoice.due
        due holds dates before 1900; ClickHouse Date32 bottoms out at 1900-01-01 and clamps to it without an error (verified on 24.8)
        COMPAT.CH.CHAR_PADDING             0 rows         public.eca_invoice.language_code
        language_code is char(n); PostgreSQL pads to the declared width and ClickHouse does not, so trailing spaces are a real difference
  BLOCK COMPAT.CH.NO_CONSTRAINT_ENFORCEMENT not measurable public.eca_note
        public.eca_note has a primary key that ClickHouse will not enforce. Nothing breaks on load day; duplicates accumulate afterwards, and a ReplacingMergeTree deduplicates only eventually — a SELECT before a merge still returns them.
        DQ.COMPLETE.002                    0 rows         public.eca_note.created
        created uses a sentinel date where NULL was likely meant
        COMPAT.CH.DATE_BEFORE_1900         0 rows         public.eca_note.created
        created holds dates before 1900; ClickHouse Date32 bottoms out at 1900-01-01 and clamps to it without an error (verified on 24.8)
        COMPAT.CH.INFINITE_TIMESTAMP       0 rows         public.eca_note.created
        created holds ±infinity, which no target can represent
  BLOCK COMPAT.CH.NO_CONSTRAINT_ENFORCEMENT not measurable public.eca_tax
        public.eca_tax has a primary key that ClickHouse will not enforce. Nothing breaks on load day; duplicates accumulate afterwards, and a ReplacingMergeTree deduplicates only eventually — a SELECT before a merge still returns them.
  BLOCK COMPAT.CH.NO_CONSTRAINT_ENFORCEMENT not measurable public.eca_to_contact
        public.eca_to_contact has a primary key that ClickHouse will not enforce. Nothing breaks on load day; duplicates accumulate afterwards, and a ReplacingMergeTree deduplicates only eventually — a SELECT before a merge still returns them.
  BLOCK COMPAT.CH.NO_CONSTRAINT_ENFORCEMENT not measurable public.eca_to_location
        public.eca_to_location has a primary key that ClickHouse will not enforce. Nothing breaks on load day; duplicates accumulate afterwards, and a ReplacingMergeTree deduplicates only eventually — a SELECT before a merge still returns them.
        DQ.UNIQ.001                        0 rows         public.eca_to_location.location_id
        location_id looks like a key and is not declared unique; duplicates would be silently deduplicated by a ReplacingMergeTree target
        DQ.UNIQ.001                        0 rows         public.eca_to_location.credit_id
        credit_id looks like a key and is not declared unique; duplicates would be silently deduplicated by a ReplacingMergeTree target
        DQ.COMPLETE.002                    0 rows         public.eca_to_location.created
        created uses a sentinel date where NULL was likely meant
        COMPAT.CH.DATE_BEFORE_1900         0 rows         public.eca_to_location.created
        created holds dates before 1900; ClickHouse Date32 bottoms out at 1900-01-01 and clamps to it without an error (verified on 24.8)
        DQ.COMPLETE.002                    0 rows         public.eca_to_location.inactive_date
        inactive_date uses a sentinel date where NULL was likely meant
        COMPAT.CH.DATE_BEFORE_1900         0 rows         public.eca_to_location.inactive_date
        inactive_date holds dates before 1900; ClickHouse Date32 bottoms out at 1900-01-01 and clamps to it without an error (verified on 24.8)
        COMPAT.CH.INFINITE_TIMESTAMP       0 rows         public.eca_to_location.inactive_date
        inactive_date holds ±infinity, which no target can represent
  BLOCK COMPAT.CH.NO_CONSTRAINT_ENFORCEMENT not measurable public.email
        public.email has a primary key that ClickHouse will not enforce. Nothing breaks on load day; duplicates accumulate afterwards, and a ReplacingMergeTree deduplicates only eventually — a SELECT before a merge still returns them.
        DQ.COMPLETE.002                    0 rows         public.email.sent_date
        sent_date uses a sentinel date where NULL was likely meant
        COMPAT.CH.DATE_BEFORE_1900         0 rows         public.email.sent_date
        sent_date holds dates before 1900; ClickHouse Date32 bottoms out at 1900-01-01 and clamps to it without an error (verified on 24.8)
  BLOCK COMPAT.CH.NO_CONSTRAINT_ENFORCEMENT not measurable public.employee_class
        public.employee_class has a primary key that ClickHouse will not enforce. Nothing breaks on load day; duplicates accumulate afterwards, and a ReplacingMergeTree deduplicates only eventually — a SELECT before a merge still returns them.
  BLOCK COMPAT.CH.NO_CONSTRAINT_ENFORCEMENT not measurable public.employee_to_ec
        public.employee_to_ec has a primary key that ClickHouse will not enforce. Nothing breaks on load day; duplicates accumulate afterwards, and a ReplacingMergeTree deduplicates only eventually — a SELECT before a merge still returns them.
  BLOCK COMPAT.CH.NO_CONSTRAINT_ENFORCEMENT not measurable public.entity
        public.entity has a primary key that ClickHouse will not enforce. Nothing breaks on load day; duplicates accumulate afterwards, and a ReplacingMergeTree deduplicates only eventually — a SELECT before a merge still returns them.
        DQ.UNIQ.001                        0 rows         public.entity.id
        id looks like a key and is not declared unique; duplicates would be silently deduplicated by a ReplacingMergeTree target
        DQ.COMPLETE.002                    0 rows         public.entity.created
        created uses a sentinel date where NULL was likely meant
        COMPAT.CH.DATE_BEFORE_1900         0 rows         public.entity.created
        created holds dates before 1900; ClickHouse Date32 bottoms out at 1900-01-01 and clamps to it without an error (verified on 24.8)
        DQ.UNIQ.001                        0 rows         public.entity.control_code
        control_code looks like a key and is not declared unique; duplicates would be silently deduplicated by a ReplacingMergeTree target
  BLOCK DQ.UNIQ.001                        84 rows        public.entity.country_id
        country_id looks like a key and is not declared unique; duplicates would be silently deduplicated by a ReplacingMergeTree target
  BLOCK COMPAT.CH.NO_CONSTRAINT_ENFORCEMENT not measurable public.entity_bank_account
        public.entity_bank_account has a primary key that ClickHouse will not enforce. Nothing breaks on load day; duplicates accumulate afterwards, and a ReplacingMergeTree deduplicates only eventually — a SELECT before a merge still returns them.
  BLOCK COMPAT.CH.NO_CONSTRAINT_ENFORCEMENT not measurable public.entity_class
        public.entity_class has a primary key that ClickHouse will not enforce. Nothing breaks on load day; duplicates accumulate afterwards, and a ReplacingMergeTree deduplicates only eventually — a SELECT before a merge still returns them.
        DQ.UNIQ.001                        0 rows         public.entity_class.id
        id looks like a key and is not declared unique; duplicates would be silently deduplicated by a ReplacingMergeTree target
  BLOCK COMPAT.CH.NO_CONSTRAINT_ENFORCEMENT not measurable public.entity_credit_account
        public.entity_credit_account has a primary key that ClickHouse will not enforce. Nothing breaks on load day; duplicates accumulate afterwards, and a ReplacingMergeTree deduplicates only eventually — a SELECT before a merge still returns them.
        DQ.UNIQ.001                        0 rows         public.entity_credit_account.id
        id looks like a key and is not declared unique; duplicates would be silently deduplicated by a ReplacingMergeTree target
        DQ.UNIQ.001                        0 rows         public.entity_credit_account.entity_id
        entity_id looks like a key and is not declared unique; duplicates would be silently deduplicated by a ReplacingMergeTree target
  BLOCK COMPAT.CH.NUMERIC_UNCONSTRAINED    not measurable public.entity_credit_account.discount
        discount is unconstrained numeric; the measured data uses precision 1 scale 0, so Decimal(1, 0) is narrowing-safe against that profile
  BLOCK COMPAT.CH.NUMERIC_UNCONSTRAINED    not measurable public.entity_credit_account.creditlimit
        creditlimit is unconstrained numeric and has not been profiled. Run `ekos migrate profile --tier p1` before choosing a target type; guessing one is how a migration truncates money.
  BLOCK DQ.UNIQ.001                        56 rows        public.entity_credit_account.business_id
        business_id looks like a key and is not declared unique; duplicates would be silently deduplicated by a ReplacingMergeTree target
  BLOCK DQ.UNIQ.001                        84 rows        public.entity_credit_account.language_code
        language_code looks like a key and is not declared unique; duplicates would be silently deduplicated by a ReplacingMergeTree target
        COMPAT.CH.CHAR_PADDING             0 rows         public.entity_credit_account.curr
        curr is char(n); PostgreSQL pads to the declared width and ClickHouse does not, so trailing spaces are a real difference
        DQ.COMPLETE.002                    0 rows         public.entity_credit_account.startdate
        startdate uses a sentinel date where NULL was likely meant
        COMPAT.CH.DATE_BEFORE_1900         0 rows         public.entity_credit_account.startdate
        startdate holds dates before 1900; ClickHouse Date32 bottoms out at 1900-01-01 and clamps to it without an error (verified on 24.8)
        DQ.COMPLETE.002                    0 rows         public.entity_credit_account.enddate
        enddate uses a sentinel date where NULL was likely meant
        COMPAT.CH.DATE_BEFORE_1900         0 rows         public.entity_credit_account.enddate
        enddate holds dates before 1900; ClickHouse Date32 bottoms out at 1900-01-01 and clamps to it without an error (verified on 24.8)
  BLOCK COMPAT.CH.NUMERIC_UNCONSTRAINED    not measurable public.entity_credit_account.threshold
        threshold is unconstrained numeric; the measured data uses precision 1 scale 0, so Decimal(1, 0) is narrowing-safe against that profile
  BLOCK DQ.UNIQ.001                        83 rows        public.entity_credit_account.ar_ap_account_id
        ar_ap_account_id looks like a key and is not declared unique; duplicates would be silently deduplicated by a ReplacingMergeTree target
  BLOCK DQ.UNIQ.001                        84 rows        public.entity_credit_account.cash_account_id
        cash_account_id looks like a key and is not declared unique; duplicates would be silently deduplicated by a ReplacingMergeTree target
  BLOCK COMPAT.CH.NO_CONSTRAINT_ENFORCEMENT not measurable public.entity_employee
        public.entity_employee has a primary key that ClickHouse will not enforce. Nothing breaks on load day; duplicates accumulate afterwards, and a ReplacingMergeTree deduplicates only eventually — a SELECT before a merge still returns them.
        DQ.COMPLETE.002                    0 rows         public.entity_employee.startdate
        startdate uses a sentinel date where NULL was likely meant
        COMPAT.CH.DATE_BEFORE_1900         0 rows         public.entity_employee.startdate
        startdate holds dates before 1900; ClickHouse Date32 bottoms out at 1900-01-01 and clamps to it without an error (verified on 24.8)
        DQ.COMPLETE.002                    0 rows         public.entity_employee.enddate
        enddate uses a sentinel date where NULL was likely meant
        COMPAT.CH.DATE_BEFORE_1900         0 rows         public.entity_employee.enddate
        enddate holds dates before 1900; ClickHouse Date32 bottoms out at 1900-01-01 and clamps to it without an error (verified on 24.8)
        DQ.COMPLETE.002                    0 rows         public.entity_employee.dob
        dob uses a sentinel date where NULL was likely meant
        COMPAT.CH.DATE_BEFORE_1900         0 rows         public.entity_employee.dob
        dob holds dates before 1900; ClickHouse Date32 bottoms out at 1900-01-01 and clamps to it without an error (verified on 24.8)
  BLOCK COMPAT.CH.NO_CONSTRAINT_ENFORCEMENT not measurable public.entity_note
        public.entity_note has a primary key that ClickHouse will not enforce. Nothing breaks on load day; duplicates accumulate afterwards, and a ReplacingMergeTree deduplicates only eventually — a SELECT before a merge still returns them.
        DQ.COMPLETE.002                    0 rows         public.entity_note.created
        created uses a sentinel date where NULL was likely meant
        COMPAT.CH.DATE_BEFORE_1900         0 rows         public.entity_note.created
        created holds dates before 1900; ClickHouse Date32 bottoms out at 1900-01-01 and clamps to it without an error (verified on 24.8)
        COMPAT.CH.INFINITE_TIMESTAMP       0 rows         public.entity_note.created
        created holds ±infinity, which no target can represent
  BLOCK COMPAT.CH.NO_CONSTRAINT_ENFORCEMENT not measurable public.entity_other_name
        public.entity_other_name has a primary key that ClickHouse will not enforce. Nothing breaks on load day; duplicates accumulate afterwards, and a ReplacingMergeTree deduplicates only eventually — a SELECT before a merge still returns them.
  BLOCK COMPAT.CH.NO_CONSTRAINT_ENFORCEMENT not measurable public.entity_to_contact
        public.entity_to_contact has a primary key that ClickHouse will not enforce. Nothing breaks on load day; duplicates accumulate afterwards, and a ReplacingMergeTree deduplicates only eventually — a SELECT before a merge still returns them.
  BLOCK COMPAT.CH.NO_CONSTRAINT_ENFORCEMENT not measurable public.entity_to_location
        public.entity_to_location has a primary key that ClickHouse will not enforce. Nothing breaks on load day; duplicates accumulate afterwards, and a ReplacingMergeTree deduplicates only eventually — a SELECT before a merge still returns them.
        DQ.COMPLETE.002                    0 rows         public.entity_to_location.created
        created uses a sentinel date where NULL was likely meant
        COMPAT.CH.DATE_BEFORE_1900         0 rows         public.entity_to_location.created
        created holds dates before 1900; ClickHouse Date32 bottoms out at 1900-01-01 and clamps to it without an error (verified on 24.8)
        DQ.COMPLETE.002                    0 rows         public.entity_to_location.inactive_date
        inactive_date uses a sentinel date where NULL was likely meant
        COMPAT.CH.DATE_BEFORE_1900         0 rows         public.entity_to_location.inactive_date
        inactive_date holds dates before 1900; ClickHouse Date32 bottoms out at 1900-01-01 and clamps to it without an error (verified on 24.8)
        COMPAT.CH.INFINITE_TIMESTAMP       0 rows         public.entity_to_location.inactive_date
        inactive_date holds ±infinity, which no target can represent
  BLOCK COMPAT.CH.NO_CONSTRAINT_ENFORCEMENT not measurable public.exchangerate_default
        public.exchangerate_default has a primary key that ClickHouse will not enforce. Nothing breaks on load day; duplicates accumulate afterwards, and a ReplacingMergeTree deduplicates only eventually — a SELECT before a merge still returns them.
        COMPAT.CH.CHAR_PADDING             0 rows         public.exchangerate_default.curr
        curr is char(n); PostgreSQL pads to the declared width and ClickHouse does not, so trailing spaces are a real difference
        DQ.COMPLETE.002                    0 rows         public.exchangerate_default.valid_from
        valid_from uses a sentinel date where NULL was likely meant
        COMPAT.CH.DATE_BEFORE_1900         0 rows         public.exchangerate_default.valid_from
        valid_from holds dates before 1900; ClickHouse Date32 bottoms out at 1900-01-01 and clamps to it without an error (verified on 24.8)
        DQ.COMPLETE.002                    0 rows         public.exchangerate_default.valid_to
        valid_to uses a sentinel date where NULL was likely meant
        COMPAT.CH.DATE_BEFORE_1900         0 rows         public.exchangerate_default.valid_to
        valid_to holds dates before 1900; ClickHouse Date32 bottoms out at 1900-01-01 and clamps to it without an error (verified on 24.8)
  BLOCK COMPAT.CH.NUMERIC_UNCONSTRAINED    not measurable public.exchangerate_default.rate
        rate is unconstrained numeric and has not been profiled. Run `ekos migrate profile --tier p1` before choosing a target type; guessing one is how a migration truncates money.
  BLOCK COMPAT.CH.NO_CONSTRAINT_ENFORCEMENT not measurable public.exchangerate_type
        public.exchangerate_type has a primary key that ClickHouse will not enforce. Nothing breaks on load day; duplicates accumulate afterwards, and a ReplacingMergeTree deduplicates only eventually — a SELECT before a merge still returns them.
        DQ.UNIQ.001                        0 rows         public.exchangerate_type.id
        id looks like a key and is not declared unique; duplicates would be silently deduplicated by a ReplacingMergeTree target
  BLOCK COMPAT.CH.NO_CONSTRAINT_ENFORCEMENT not measurable public.file_base
        public.file_base has a primary key that ClickHouse will not enforce. Nothing breaks on load day; duplicates accumulate afterwards, and a ReplacingMergeTree deduplicates only eventually — a SELECT before a merge still returns them.
        DQ.COMPLETE.002                    0 rows         public.file_base.uploaded_at
        uploaded_at uses a sentinel date where NULL was likely meant
        COMPAT.CH.DATE_BEFORE_1900         0 rows         public.file_base.uploaded_at
        uploaded_at holds dates before 1900; ClickHouse Date32 bottoms out at 1900-01-01 and clamps to it without an error (verified on 24.8)
        COMPAT.CH.INFINITE_TIMESTAMP       0 rows         public.file_base.uploaded_at
        uploaded_at holds ±infinity, which no target can represent
  BLOCK COMPAT.CH.NO_CONSTRAINT_ENFORCEMENT not measurable public.file_class
        public.file_class has a primary key that ClickHouse will not enforce. Nothing breaks on load day; duplicates accumulate afterwards, and a ReplacingMergeTree deduplicates only eventually — a SELECT before a merge still returns them.
        DQ.UNIQ.001                        0 rows         public.file_class.id
        id looks like a key and is not declared unique; duplicates would be silently deduplicated by a ReplacingMergeTree target
  BLOCK COMPAT.CH.NO_CONSTRAINT_ENFORCEMENT not measurable public.file_eca
        public.file_eca has a primary key that ClickHouse will not enforce. Nothing breaks on load day; duplicates accumulate afterwards, and a ReplacingMergeTree deduplicates only eventually — a SELECT before a merge still returns them.
        DQ.COMPLETE.002                    0 rows         public.file_eca.uploaded_at
        uploaded_at uses a sentinel date where NULL was likely meant
        COMPAT.CH.DATE_BEFORE_1900         0 rows         public.file_eca.uploaded_at
        uploaded_at holds dates before 1900; ClickHouse Date32 bottoms out at 1900-01-01 and clamps to it without an error (verified on 24.8)
        COMPAT.CH.INFINITE_TIMESTAMP       0 rows         public.file_eca.uploaded_at
        uploaded_at holds ±infinity, which no target can represent
  BLOCK COMPAT.CH.NO_CONSTRAINT_ENFORCEMENT not measurable public.file_email
        public.file_email has a primary key that ClickHouse will not enforce. Nothing breaks on load day; duplicates accumulate afterwards, and a ReplacingMergeTree deduplicates only eventually — a SELECT before a merge still returns them.
        DQ.COMPLETE.002                    0 rows         public.file_email.uploaded_at
        uploaded_at uses a sentinel date where NULL was likely meant
        COMPAT.CH.DATE_BEFORE_1900         0 rows         public.file_email.uploaded_at
        uploaded_at holds dates before 1900; ClickHouse Date32 bottoms out at 1900-01-01 and clamps to it without an error (verified on 24.8)
        COMPAT.CH.INFINITE_TIMESTAMP       0 rows         public.file_email.uploaded_at
        uploaded_at holds ±infinity, which no target can represent
  BLOCK COMPAT.CH.NO_CONSTRAINT_ENFORCEMENT not measurable public.file_entity
        public.file_entity has a primary key that ClickHouse will not enforce. Nothing breaks on load day; duplicates accumulate afterwards, and a ReplacingMergeTree deduplicates only eventually — a SELECT before a merge still returns them.
        DQ.COMPLETE.002                    0 rows         public.file_entity.uploaded_at
        uploaded_at uses a sentinel date where NULL was likely meant
        COMPAT.CH.DATE_BEFORE_1900         0 rows         public.file_entity.uploaded_at
        uploaded_at holds dates before 1900; ClickHouse Date32 bottoms out at 1900-01-01 and clamps to it without an error (verified on 24.8)
        COMPAT.CH.INFINITE_TIMESTAMP       0 rows         public.file_entity.uploaded_at
        uploaded_at holds ±infinity, which no target can represent
  BLOCK COMPAT.CH.NO_CONSTRAINT_ENFORCEMENT not measurable public.file_incoming
        public.file_incoming has a primary key that ClickHouse will not enforce. Nothing breaks on load day; duplicates accumulate afterwards, and a ReplacingMergeTree deduplicates only eventually — a SELECT before a merge still returns them.
        DQ.COMPLETE.002                    0 rows         public.file_incoming.uploaded_at
        uploaded_at uses a sentinel date where NULL was likely meant
        COMPAT.CH.DATE_BEFORE_1900         0 rows         public.file_incoming.uploaded_at
        uploaded_at holds dates before 1900; ClickHouse Date32 bottoms out at 1900-01-01 and clamps to it without an error (verified on 24.8)
        COMPAT.CH.INFINITE_TIMESTAMP       0 rows         public.file_incoming.uploaded_at
        uploaded_at holds ±infinity, which no target can represent
  BLOCK COMPAT.CH.NO_CONSTRAINT_ENFORCEMENT not measurable public.file_internal
        public.file_internal has a primary key that ClickHouse will not enforce. Nothing breaks on load day; duplicates accumulate afterwards, and a ReplacingMergeTree deduplicates only eventually — a SELECT before a merge still returns them.
        DQ.COMPLETE.002                    0 rows         public.file_internal.uploaded_at
        uploaded_at uses a sentinel date where NULL was likely meant
        COMPAT.CH.DATE_BEFORE_1900         0 rows         public.file_internal.uploaded_at
        uploaded_at holds dates before 1900; ClickHouse Date32 bottoms out at 1900-01-01 and clamps to it without an error (verified on 24.8)
        COMPAT.CH.INFINITE_TIMESTAMP       0 rows         public.file_internal.uploaded_at
        uploaded_at holds ±infinity, which no target can represent
  BLOCK COMPAT.CH.NO_CONSTRAINT_ENFORCEMENT not measurable public.file_order
        public.file_order has a primary key that ClickHouse will not enforce. Nothing breaks on load day; duplicates accumulate afterwards, and a ReplacingMergeTree deduplicates only eventually — a SELECT before a merge still returns them.
        DQ.COMPLETE.002                    0 rows         public.file_order.uploaded_at
        uploaded_at uses a sentinel date where NULL was likely meant
        COMPAT.CH.DATE_BEFORE_1900         0 rows         public.file_order.uploaded_at
        uploaded_at holds dates before 1900; ClickHouse Date32 bottoms out at 1900-01-01 and clamps to it without an error (verified on 24.8)
        COMPAT.CH.INFINITE_TIMESTAMP       0 rows         public.file_order.uploaded_at
        uploaded_at holds ±infinity, which no target can represent
  BLOCK COMPAT.CH.NO_CONSTRAINT_ENFORCEMENT not measurable public.file_order_to_order
        public.file_order_to_order has a primary key that ClickHouse will not enforce. Nothing breaks on load day; duplicates accumulate afterwards, and a ReplacingMergeTree deduplicates only eventually — a SELECT before a merge still returns them.
        DQ.COMPLETE.002                    0 rows         public.file_order_to_order.attached_at
        attached_at uses a sentinel date where NULL was likely meant
        COMPAT.CH.DATE_BEFORE_1900         0 rows         public.file_order_to_order.attached_at
        attached_at holds dates before 1900; ClickHouse Date32 bottoms out at 1900-01-01 and clamps to it without an error (verified on 24.8)
        COMPAT.CH.INFINITE_TIMESTAMP       0 rows         public.file_order_to_order.attached_at
        attached_at holds ±infinity, which no target can represent
  BLOCK COMPAT.CH.NO_CONSTRAINT_ENFORCEMENT not measurable public.file_order_to_tx
        public.file_order_to_tx has a primary key that ClickHouse will not enforce. Nothing breaks on load day; duplicates accumulate afterwards, and a ReplacingMergeTree deduplicates only eventually — a SELECT before a merge still returns them.
        DQ.COMPLETE.002                    0 rows         public.file_order_to_tx.attached_at
        attached_at uses a sentinel date where NULL was likely meant
        COMPAT.CH.DATE_BEFORE_1900         0 rows         public.file_order_to_tx.attached_at
        attached_at holds dates before 1900; ClickHouse Date32 bottoms out at 1900-01-01 and clamps to it without an error (verified on 24.8)
        COMPAT.CH.INFINITE_TIMESTAMP       0 rows         public.file_order_to_tx.attached_at
        attached_at holds ±infinity, which no target can represent
  BLOCK COMPAT.CH.NO_CONSTRAINT_ENFORCEMENT not measurable public.file_part
        public.file_part has a primary key that ClickHouse will not enforce. Nothing breaks on load day; duplicates accumulate afterwards, and a ReplacingMergeTree deduplicates only eventually — a SELECT before a merge still returns them.
        DQ.COMPLETE.002                    0 rows         public.file_part.uploaded_at
        uploaded_at uses a sentinel date where NULL was likely meant
        COMPAT.CH.DATE_BEFORE_1900         0 rows         public.file_part.uploaded_at
        uploaded_at holds dates before 1900; ClickHouse Date32 bottoms out at 1900-01-01 and clamps to it without an error (verified on 24.8)
        COMPAT.CH.INFINITE_TIMESTAMP       0 rows         public.file_part.uploaded_at
        uploaded_at holds ±infinity, which no target can represent
  BLOCK COMPAT.CH.NO_CONSTRAINT_ENFORCEMENT not measurable public.file_reconciliation
        public.file_reconciliation has a primary key that ClickHouse will not enforce. Nothing breaks on load day; duplicates accumulate afterwards, and a ReplacingMergeTree deduplicates only eventually — a SELECT before a merge still returns them.
        DQ.COMPLETE.002                    0 rows         public.file_reconciliation.uploaded_at
        uploaded_at uses a sentinel date where NULL was likely meant
        COMPAT.CH.DATE_BEFORE_1900         0 rows         public.file_reconciliation.uploaded_at
        uploaded_at holds dates before 1900; ClickHouse Date32 bottoms out at 1900-01-01 and clamps to it without an error (verified on 24.8)
        COMPAT.CH.INFINITE_TIMESTAMP       0 rows         public.file_reconciliation.uploaded_at
        uploaded_at holds ±infinity, which no target can represent
  BLOCK COMPAT.CH.NO_CONSTRAINT_ENFORCEMENT not measurable public.file_secondary_attachment
        public.file_secondary_attachment has a primary key that ClickHouse will not enforce. Nothing breaks on load day; duplicates accumulate afterwards, and a ReplacingMergeTree deduplicates only eventually — a SELECT before a merge still returns them.
        DQ.COMPLETE.002                    0 rows         public.file_secondary_attachment.attached_at
        attached_at uses a sentinel date where NULL was likely meant
        COMPAT.CH.DATE_BEFORE_1900         0 rows         public.file_secondary_attachment.attached_at
        attached_at holds dates before 1900; ClickHouse Date32 bottoms out at 1900-01-01 and clamps to it without an error (verified on 24.8)
        COMPAT.CH.INFINITE_TIMESTAMP       0 rows         public.file_secondary_attachment.attached_at
        attached_at holds ±infinity, which no target can represent
  BLOCK COMPAT.CH.NO_CONSTRAINT_ENFORCEMENT not measurable public.file_transaction
        public.file_transaction has a primary key that ClickHouse will not enforce. Nothing breaks on load day; duplicates accumulate afterwards, and a ReplacingMergeTree deduplicates only eventually — a SELECT before a merge still returns them.
        DQ.COMPLETE.002                    0 rows         public.file_transaction.uploaded_at
        uploaded_at uses a sentinel date where NULL was likely meant
        COMPAT.CH.DATE_BEFORE_1900         0 rows         public.file_transaction.uploaded_at
        uploaded_at holds dates before 1900; ClickHouse Date32 bottoms out at 1900-01-01 and clamps to it without an error (verified on 24.8)
        COMPAT.CH.INFINITE_TIMESTAMP       0 rows         public.file_transaction.uploaded_at
        uploaded_at holds ±infinity, which no target can represent
  BLOCK COMPAT.CH.NO_CONSTRAINT_ENFORCEMENT not measurable public.file_tx_to_order
        public.file_tx_to_order has a primary key that ClickHouse will not enforce. Nothing breaks on load day; duplicates accumulate afterwards, and a ReplacingMergeTree deduplicates only eventually — a SELECT before a merge still returns them.
        DQ.COMPLETE.002                    0 rows         public.file_tx_to_order.attached_at
        attached_at uses a sentinel date where NULL was likely meant
        COMPAT.CH.DATE_BEFORE_1900         0 rows         public.file_tx_to_order.attached_at
        attached_at holds dates before 1900; ClickHouse Date32 bottoms out at 1900-01-01 and clamps to it without an error (verified on 24.8)
        COMPAT.CH.INFINITE_TIMESTAMP       0 rows         public.file_tx_to_order.attached_at
        attached_at holds ±infinity, which no target can represent
  BLOCK COMPAT.CH.NO_CONSTRAINT_ENFORCEMENT not measurable public.file_view_catalog
        public.file_view_catalog has a primary key that ClickHouse will not enforce. Nothing breaks on load day; duplicates accumulate afterwards, and a ReplacingMergeTree deduplicates only eventually — a SELECT before a merge still returns them.
  BLOCK COMPAT.CH.NO_CONSTRAINT_ENFORCEMENT not measurable public.gifi
        public.gifi has a primary key that ClickHouse will not enforce. Nothing breaks on load day; duplicates accumulate afterwards, and a ReplacingMergeTree deduplicates only eventually — a SELECT before a merge still returns them.
        DQ.COMPLETE.002                    0 rows         public.gifi.last_updated
        last_updated uses a sentinel date where NULL was likely meant
        COMPAT.CH.DATE_BEFORE_1900         0 rows         public.gifi.last_updated
        last_updated holds dates before 1900; ClickHouse Date32 bottoms out at 1900-01-01 and clamps to it without an error (verified on 24.8)
        COMPAT.CH.INFINITE_TIMESTAMP       0 rows         public.gifi.last_updated
        last_updated holds ±infinity, which no target can represent
  BLOCK COMPAT.CH.NO_CONSTRAINT_ENFORCEMENT not measurable public.gl
        public.gl has a primary key that ClickHouse will not enforce. Nothing breaks on load day; duplicates accumulate afterwards, and a ReplacingMergeTree deduplicates only eventually — a SELECT before a merge still returns them.
        DQ.UNIQ.001                        0 rows         public.gl.id
        id looks like a key and is not declared unique; duplicates would be silently deduplicated by a ReplacingMergeTree target
  BLOCK COMPAT.CH.NO_CONSTRAINT_ENFORCEMENT not measurable public.inventory_report
        public.inventory_report has a primary key that ClickHouse will not enforce. Nothing breaks on load day; duplicates accumulate afterwards, and a ReplacingMergeTree deduplicates only eventually — a SELECT before a merge still returns them.
        DQ.UNIQ.001                        0 rows         public.inventory_report.id
        id looks like a key and is not declared unique; duplicates would be silently deduplicated by a ReplacingMergeTree target
        DQ.COMPLETE.002                    0 rows         public.inventory_report.report_date
        report_date uses a sentinel date where NULL was likely meant
        COMPAT.CH.DATE_BEFORE_1900         0 rows         public.inventory_report.report_date
        report_date holds dates before 1900; ClickHouse Date32 bottoms out at 1900-01-01 and clamps to it without an error (verified on 24.8)
        DQ.UNIQ.001                        0 rows         public.inventory_report.trans_id
        trans_id looks like a key and is not declared unique; duplicates would be silently deduplicated by a ReplacingMergeTree target
  BLOCK COMPAT.CH.NO_CONSTRAINT_ENFORCEMENT not measurable public.inventory_report_line
        public.inventory_report_line has a primary key that ClickHouse will not enforce. Nothing breaks on load day; duplicates accumulate afterwards, and a ReplacingMergeTree deduplicates only eventually — a SELECT before a merge still returns them.
  BLOCK DQ.UNIQ.001                        642 rows       public.inventory_report_line.adjust_id
        adjust_id looks like a key and is not declared unique; duplicates would be silently deduplicated by a ReplacingMergeTree target
  BLOCK DQ.UNIQ.001                        540 rows       public.inventory_report_line.parts_id
        parts_id looks like a key and is not declared unique; duplicates would be silently deduplicated by a ReplacingMergeTree target
  BLOCK COMPAT.CH.NUMERIC_UNCONSTRAINED    not measurable public.inventory_report_line.counted
        counted is unconstrained numeric and has not been profiled. Run `ekos migrate profile --tier p1` before choosing a target type; guessing one is how a migration truncates money.
  BLOCK COMPAT.CH.NUMERIC_UNCONSTRAINED    not measurable public.inventory_report_line.expected
        expected is unconstrained numeric and has not been profiled. Run `ekos migrate profile --tier p1` before choosing a target type; guessing one is how a migration truncates money.
  BLOCK COMPAT.CH.NUMERIC_UNCONSTRAINED    not measurable public.inventory_report_line.variance
        variance is unconstrained numeric and has not been profiled. Run `ekos migrate profile --tier p1` before choosing a target type; guessing one is how a migration truncates money.
  BLOCK COMPAT.CH.NO_CONSTRAINT_ENFORCEMENT not measurable public.invoice
        public.invoice has a primary key that ClickHouse will not enforce. Nothing breaks on load day; duplicates accumulate afterwards, and a ReplacingMergeTree deduplicates only eventually — a SELECT before a merge still returns them.
        DQ.UNIQ.001                        0 rows         public.invoice.id
        id looks like a key and is not declared unique; duplicates would be silently deduplicated by a ReplacingMergeTree target
  BLOCK DQ.UNIQ.001                        6687 rows      public.invoice.trans_id
        trans_id looks like a key and is not declared unique; duplicates would be silently deduplicated by a ReplacingMergeTree target
  BLOCK DQ.UNIQ.001                        10034 rows     public.invoice.parts_id
        parts_id looks like a key and is not declared unique; duplicates would be silently deduplicated by a ReplacingMergeTree target
  BLOCK COMPAT.CH.NUMERIC_UNCONSTRAINED    not measurable public.invoice.qty
        qty is unconstrained numeric; the measured data uses precision 3 scale 0, so Decimal(3, 0) is narrowing-safe against that profile
  BLOCK COMPAT.CH.NUMERIC_UNCONSTRAINED    not measurable public.invoice.allocated
        allocated is unconstrained numeric; the measured data uses precision 3 scale 0, so Decimal(3, 0) is narrowing-safe against that profile
  BLOCK COMPAT.CH.NUMERIC_UNCONSTRAINED    not measurable public.invoice.sellprice
        sellprice is unconstrained numeric; the measured data uses precision 5 scale 2, so Decimal(5, 2) is narrowing-safe against that profile
  BLOCK COMPAT.CH.NUMERIC_UNCONSTRAINED    not measurable public.invoice.fxsellprice
        fxsellprice is unconstrained numeric; the measured data uses precision 5 scale 2, so Decimal(5, 2) is narrowing-safe against that profile
  BLOCK COMPAT.CH.NUMERIC_UNCONSTRAINED    not measurable public.invoice.discount
        discount is unconstrained numeric; the measured data uses precision 1 scale 0, so Decimal(1, 0) is narrowing-safe against that profile
        DQ.COMPLETE.002                    0 rows         public.invoice.deliverydate
        deliverydate uses a sentinel date where NULL was likely meant
        COMPAT.CH.DATE_BEFORE_1900         0 rows         public.invoice.deliverydate
        deliverydate holds dates before 1900; ClickHouse Date32 bottoms out at 1900-01-01 and clamps to it without an error (verified on 24.8)
        DQ.COMPLETE.001                    0 rows         public.invoice.serialnumber
        serialnumber is nullable text and also contains empty strings; the two mean different things in every target
        DQ.COMPLETE.001                    0 rows         public.invoice.vendor_sku
        vendor_sku is nullable text and also contains empty strings; the two mean different things in every target
        DQ.COMPLETE.001                    0 rows         public.invoice.notes
        notes is nullable text and also contains empty strings; the two mean different things in every target
  BLOCK COMPAT.CH.NO_CONSTRAINT_ENFORCEMENT not measurable public.invoice_note
        public.invoice_note has a primary key that ClickHouse will not enforce. Nothing breaks on load day; duplicates accumulate afterwards, and a ReplacingMergeTree deduplicates only eventually — a SELECT before a merge still returns them.
        DQ.COMPLETE.002                    0 rows         public.invoice_note.created
        created uses a sentinel date where NULL was likely meant
        COMPAT.CH.DATE_BEFORE_1900         0 rows         public.invoice_note.created
        created holds dates before 1900; ClickHouse Date32 bottoms out at 1900-01-01 and clamps to it without an error (verified on 24.8)
        COMPAT.CH.INFINITE_TIMESTAMP       0 rows         public.invoice_note.created
        created holds ±infinity, which no target can represent
  BLOCK COMPAT.CH.NO_CONSTRAINT_ENFORCEMENT not measurable public.invoice_tax_form
        public.invoice_tax_form has a primary key that ClickHouse will not enforce. Nothing breaks on load day; duplicates accumulate afterwards, and a ReplacingMergeTree deduplicates only eventually — a SELECT before a merge still returns them.
  BLOCK COMPAT.CH.NO_CONSTRAINT_ENFORCEMENT not measurable public.jcitems
        public.jcitems has a primary key that ClickHouse will not enforce. Nothing breaks on load day; duplicates accumulate afterwards, and a ReplacingMergeTree deduplicates only eventually — a SELECT before a merge still returns them.
  BLOCK COMPAT.CH.NUMERIC_UNCONSTRAINED    not measurable public.jcitems.qty
        qty is unconstrained numeric and has not been profiled. Run `ekos migrate profile --tier p1` before choosing a target type; guessing one is how a migration truncates money.
  BLOCK COMPAT.CH.NUMERIC_UNCONSTRAINED    not measurable public.jcitems.allocated
        allocated is unconstrained numeric and has not been profiled. Run `ekos migrate profile --tier p1` before choosing a target type; guessing one is how a migration truncates money.
  BLOCK COMPAT.CH.NUMERIC_UNCONSTRAINED    not measurable public.jcitems.sellprice
        sellprice is unconstrained numeric and has not been profiled. Run `ekos migrate profile --tier p1` before choosing a target type; guessing one is how a migration truncates money.
  BLOCK COMPAT.CH.NUMERIC_UNCONSTRAINED    not measurable public.jcitems.fxsellprice
        fxsellprice is unconstrained numeric and has not been profiled. Run `ekos migrate profile --tier p1` before choosing a target type; guessing one is how a migration truncates money.
        DQ.COMPLETE.002                    0 rows         public.jcitems.checkedin
        checkedin uses a sentinel date where NULL was likely meant
        COMPAT.CH.DATE_BEFORE_1900         0 rows         public.jcitems.checkedin
        checkedin holds dates before 1900; ClickHouse Date32 bottoms out at 1900-01-01 and clamps to it without an error (verified on 24.8)
        COMPAT.CH.INFINITE_TIMESTAMP       0 rows         public.jcitems.checkedin
        checkedin holds ±infinity, which no target can represent
        DQ.COMPLETE.002                    0 rows         public.jcitems.checkedout
        checkedout uses a sentinel date where NULL was likely meant
        COMPAT.CH.DATE_BEFORE_1900         0 rows         public.jcitems.checkedout
        checkedout holds dates before 1900; ClickHouse Date32 bottoms out at 1900-01-01 and clamps to it without an error (verified on 24.8)
        COMPAT.CH.INFINITE_TIMESTAMP       0 rows         public.jcitems.checkedout
        checkedout holds ±infinity, which no target can represent
  BLOCK COMPAT.CH.NUMERIC_UNCONSTRAINED    not measurable public.jcitems.total
        total is unconstrained numeric and has not been profiled. Run `ekos migrate profile --tier p1` before choosing a target type; guessing one is how a migration truncates money.
  BLOCK COMPAT.CH.NUMERIC_UNCONSTRAINED    not measurable public.jcitems.non_billable
        non_billable is unconstrained numeric and has not been profiled. Run `ekos migrate profile --tier p1` before choosing a target type; guessing one is how a migration truncates money.
        COMPAT.CH.CHAR_PADDING             0 rows         public.jcitems.curr
        curr is char(n); PostgreSQL pads to the declared width and ClickHouse does not, so trailing spaces are a real difference
  BLOCK COMPAT.CH.NO_CONSTRAINT_ENFORCEMENT not measurable public.jctype
        public.jctype has a primary key that ClickHouse will not enforce. Nothing breaks on load day; duplicates accumulate afterwards, and a ReplacingMergeTree deduplicates only eventually — a SELECT before a merge still returns them.
        DQ.UNIQ.001                        0 rows         public.jctype.id
        id looks like a key and is not declared unique; duplicates would be silently deduplicated by a ReplacingMergeTree target
  BLOCK COMPAT.CH.NO_CONSTRAINT_ENFORCEMENT not measurable public.job
        public.job has a primary key that ClickHouse will not enforce. Nothing breaks on load day; duplicates accumulate afterwards, and a ReplacingMergeTree deduplicates only eventually — a SELECT before a merge still returns them.
  BLOCK COMPAT.CH.NUMERIC_UNCONSTRAINED    not measurable public.job.production
        production is unconstrained numeric and has not been profiled. Run `ekos migrate profile --tier p1` before choosing a target type; guessing one is how a migration truncates money.
  BLOCK COMPAT.CH.NUMERIC_UNCONSTRAINED    not measurable public.job.completed
        completed is unconstrained numeric and has not been profiled. Run `ekos migrate profile --tier p1` before choosing a target type; guessing one is how a migration truncates money.
  BLOCK COMPAT.CH.NO_CONSTRAINT_ENFORCEMENT not measurable public.journal_entry
        public.journal_entry has a primary key that ClickHouse will not enforce. Nothing breaks on load day; duplicates accumulate afterwards, and a ReplacingMergeTree deduplicates only eventually — a SELECT before a merge still returns them.
        DQ.COMPLETE.002                    0 rows         public.journal_entry.post_date
        post_date uses a sentinel date where NULL was likely meant
        COMPAT.CH.DATE_BEFORE_1900         0 rows         public.journal_entry.post_date
        post_date holds dates before 1900; ClickHouse Date32 bottoms out at 1900-01-01 and clamps to it without an error (verified on 24.8)
        DQ.COMPLETE.002                    0 rows         public.journal_entry.effective_start
        effective_start uses a sentinel date where NULL was likely meant
        COMPAT.CH.DATE_BEFORE_1900         0 rows         public.journal_entry.effective_start
        effective_start holds dates before 1900; ClickHouse Date32 bottoms out at 1900-01-01 and clamps to it without an error (verified on 24.8)
        DQ.COMPLETE.002                    0 rows         public.journal_entry.effective_end
        effective_end uses a sentinel date where NULL was likely meant
        COMPAT.CH.DATE_BEFORE_1900         0 rows         public.journal_entry.effective_end
        effective_end holds dates before 1900; ClickHouse Date32 bottoms out at 1900-01-01 and clamps to it without an error (verified on 24.8)
        COMPAT.CH.CHAR_PADDING             0 rows         public.journal_entry.currency
        currency is char(n); PostgreSQL pads to the declared width and ClickHouse does not, so trailing spaces are a real difference
  BLOCK COMPAT.CH.NO_CONSTRAINT_ENFORCEMENT not measurable public.journal_line
        public.journal_line has a primary key that ClickHouse will not enforce. Nothing breaks on load day; duplicates accumulate afterwards, and a ReplacingMergeTree deduplicates only eventually — a SELECT before a merge still returns them.
  BLOCK COMPAT.CH.NUMERIC_UNCONSTRAINED    not measurable public.journal_line.amount
        amount is unconstrained numeric and has not been profiled. Run `ekos migrate profile --tier p1` before choosing a target type; guessing one is how a migration truncates money.
  BLOCK COMPAT.CH.NUMERIC_UNCONSTRAINED    not measurable public.journal_line.amount_tc
        amount_tc is unconstrained numeric and has not been profiled. Run `ekos migrate profile --tier p1` before choosing a target type; guessing one is how a migration truncates money.
        COMPAT.CH.CHAR_PADDING             0 rows         public.journal_line.curr
        curr is char(n); PostgreSQL pads to the declared width and ClickHouse does not, so trailing spaces are a real difference
  BLOCK COMPAT.CH.NO_CONSTRAINT_ENFORCEMENT not measurable public.journal_note
        public.journal_note has a primary key that ClickHouse will not enforce. Nothing breaks on load day; duplicates accumulate afterwards, and a ReplacingMergeTree deduplicates only eventually — a SELECT before a merge still returns them.
        DQ.COMPLETE.002                    0 rows         public.journal_note.created
        created uses a sentinel date where NULL was likely meant
        COMPAT.CH.DATE_BEFORE_1900         0 rows         public.journal_note.created
        created holds dates before 1900; ClickHouse Date32 bottoms out at 1900-01-01 and clamps to it without an error (verified on 24.8)
        COMPAT.CH.INFINITE_TIMESTAMP       0 rows         public.journal_note.created
        created holds ±infinity, which no target can represent
  BLOCK COMPAT.CH.NO_CONSTRAINT_ENFORCEMENT not measurable public.journal_type
        public.journal_type has a primary key that ClickHouse will not enforce. Nothing breaks on load day; duplicates accumulate afterwards, and a ReplacingMergeTree deduplicates only eventually — a SELECT before a merge still returns them.
        DQ.UNIQ.001                        0 rows         public.journal_type.id
        id looks like a key and is not declared unique; duplicates would be silently deduplicated by a ReplacingMergeTree target
  BLOCK COMPAT.CH.NO_CONSTRAINT_ENFORCEMENT not measurable public.language
        public.language has a primary key that ClickHouse will not enforce. Nothing breaks on load day; duplicates accumulate afterwards, and a ReplacingMergeTree deduplicates only eventually — a SELECT before a merge still returns them.
        DQ.COMPLETE.002                    0 rows         public.language.last_updated
        last_updated uses a sentinel date where NULL was likely meant
        COMPAT.CH.DATE_BEFORE_1900         0 rows         public.language.last_updated
        last_updated holds dates before 1900; ClickHouse Date32 bottoms out at 1900-01-01 and clamps to it without an error (verified on 24.8)
        COMPAT.CH.INFINITE_TIMESTAMP       0 rows         public.language.last_updated
        last_updated holds ±infinity, which no target can represent
  BLOCK COMPAT.CH.NO_CONSTRAINT_ENFORCEMENT not measurable public.location
        public.location has a primary key that ClickHouse will not enforce. Nothing breaks on load day; duplicates accumulate afterwards, and a ReplacingMergeTree deduplicates only eventually — a SELECT before a merge still returns them.
        DQ.UNIQ.001                        0 rows         public.location.id
        id looks like a key and is not declared unique; duplicates would be silently deduplicated by a ReplacingMergeTree target
        DQ.COMPLETE.001                    0 rows         public.location.line_two
        line_two is nullable text and also contains empty strings; the two mean different things in every target
        DQ.COMPLETE.001                    0 rows         public.location.line_three
        line_three is nullable text and also contains empty strings; the two mean different things in every target
  BLOCK DQ.UNIQ.001                        84 rows        public.location.country_id
        country_id looks like a key and is not declared unique; duplicates would be silently deduplicated by a ReplacingMergeTree target
        DQ.UNIQ.001                        0 rows         public.location.mail_code
        mail_code looks like a key and is not declared unique; duplicates would be silently deduplicated by a ReplacingMergeTree target
  BLOCK COMPAT.CH.NO_CONSTRAINT_ENFORCEMENT not measurable public.location_class
        public.location_class has a primary key that ClickHouse will not enforce. Nothing breaks on load day; duplicates accumulate afterwards, and a ReplacingMergeTree deduplicates only eventually — a SELECT before a merge still returns them.
        DQ.UNIQ.001                        0 rows         public.location_class.id
        id looks like a key and is not declared unique; duplicates would be silently deduplicated by a ReplacingMergeTree target
        DQ.UNIQ.001                        0 rows         public.location_class_to_entity_class.id
        id looks like a key and is not declared unique; duplicates would be silently deduplicated by a ReplacingMergeTree target
  BLOCK COMPAT.CH.NO_CONSTRAINT_ENFORCEMENT not measurable public.lsmb_module
        public.lsmb_module has a primary key that ClickHouse will not enforce. Nothing breaks on load day; duplicates accumulate afterwards, and a ReplacingMergeTree deduplicates only eventually — a SELECT before a merge still returns them.
        DQ.UNIQ.001                        0 rows         public.lsmb_module.id
        id looks like a key and is not declared unique; duplicates would be silently deduplicated by a ReplacingMergeTree target
  BLOCK COMPAT.CH.NO_CONSTRAINT_ENFORCEMENT not measurable public.lsmb_sequence
        public.lsmb_sequence has a primary key that ClickHouse will not enforce. Nothing breaks on load day; duplicates accumulate afterwards, and a ReplacingMergeTree deduplicates only eventually — a SELECT before a merge still returns them.
  BLOCK COMPAT.CH.NO_CONSTRAINT_ENFORCEMENT not measurable public.makemodel
        public.makemodel has a primary key that ClickHouse will not enforce. Nothing breaks on load day; duplicates accumulate afterwards, and a ReplacingMergeTree deduplicates only eventually — a SELECT before a merge still returns them.
  BLOCK COMPAT.CH.NO_CONSTRAINT_ENFORCEMENT not measurable public.menu_acl
        public.menu_acl has a primary key that ClickHouse will not enforce. Nothing breaks on load day; duplicates accumulate afterwards, and a ReplacingMergeTree deduplicates only eventually — a SELECT before a merge still returns them.
  BLOCK COMPAT.CH.NO_CONSTRAINT_ENFORCEMENT not measurable public.menu_node
        public.menu_node has a primary key that ClickHouse will not enforce. Nothing breaks on load day; duplicates accumulate afterwards, and a ReplacingMergeTree deduplicates only eventually — a SELECT before a merge still returns them.
  BLOCK COMPAT.CH.NUMERIC_UNCONSTRAINED    not measurable public.mfg_lot.qty
        qty is unconstrained numeric and has not been profiled. Run `ekos migrate profile --tier p1` before choosing a target type; guessing one is how a migration truncates money.
        DQ.COMPLETE.002                    0 rows         public.mfg_lot.stock_date
        stock_date uses a sentinel date where NULL was likely meant
        COMPAT.CH.DATE_BEFORE_1900         0 rows         public.mfg_lot.stock_date
        stock_date holds dates before 1900; ClickHouse Date32 bottoms out at 1900-01-01 and clamps to it without an error (verified on 24.8)
  BLOCK COMPAT.CH.NUMERIC_UNCONSTRAINED    not measurable public.mfg_lot_item.qty
        qty is unconstrained numeric and has not been profiled. Run `ekos migrate profile --tier p1` before choosing a target type; guessing one is how a migration truncates money.
  BLOCK COMPAT.CH.NO_CONSTRAINT_ENFORCEMENT not measurable public.mime_type
        public.mime_type has a primary key that ClickHouse will not enforce. Nothing breaks on load day; duplicates accumulate afterwards, and a ReplacingMergeTree deduplicates only eventually — a SELECT before a merge still returns them.
        DQ.UNIQ.001                        0 rows         public.mime_type.id
        id looks like a key and is not declared unique; duplicates would be silently deduplicated by a ReplacingMergeTree target
  BLOCK COMPAT.CH.NO_CONSTRAINT_ENFORCEMENT not measurable public.note_class
        public.note_class has a primary key that ClickHouse will not enforce. Nothing breaks on load day; duplicates accumulate afterwards, and a ReplacingMergeTree deduplicates only eventually — a SELECT before a merge still returns them.
        DQ.UNIQ.001                        0 rows         public.note_class.id
        id looks like a key and is not declared unique; duplicates would be silently deduplicated by a ReplacingMergeTree target
  BLOCK COMPAT.CH.NO_CONSTRAINT_ENFORCEMENT not measurable public.oe
        public.oe has a primary key that ClickHouse will not enforce. Nothing breaks on load day; duplicates accumulate afterwards, and a ReplacingMergeTree deduplicates only eventually — a SELECT before a merge still returns them.
        DQ.UNIQ.001                        0 rows         public.oe.id
        id looks like a key and is not declared unique; duplicates would be silently deduplicated by a ReplacingMergeTree target
        DQ.COMPLETE.002                    0 rows         public.oe.transdate
        transdate uses a sentinel date where NULL was likely meant
        COMPAT.CH.DATE_BEFORE_1900         0 rows         public.oe.transdate
        transdate holds dates before 1900; ClickHouse Date32 bottoms out at 1900-01-01 and clamps to it without an error (verified on 24.8)
  BLOCK COMPAT.CH.NUMERIC_UNCONSTRAINED    not measurable public.oe.amount_tc
        amount_tc is unconstrained numeric; the measured data uses precision 6 scale 2, so Decimal(6, 2) is narrowing-safe against that profile
  BLOCK COMPAT.CH.NUMERIC_UNCONSTRAINED    not measurable public.oe.netamount_tc
        netamount_tc is unconstrained numeric; the measured data uses precision 6 scale 2, so Decimal(6, 2) is narrowing-safe against that profile
        DQ.COMPLETE.002                    0 rows         public.oe.reqdate
        reqdate uses a sentinel date where NULL was likely meant
        COMPAT.CH.DATE_BEFORE_1900         0 rows         public.oe.reqdate
        reqdate holds dates before 1900; ClickHouse Date32 bottoms out at 1900-01-01 and clamps to it without an error (verified on 24.8)
        DQ.COMPLETE.001                    0 rows         public.oe.shippingpoint
        shippingpoint is nullable text and also contains empty strings; the two mean different things in every target
        DQ.COMPLETE.001                    0 rows         public.oe.notes
        notes is nullable text and also contains empty strings; the two mean different things in every target
        COMPAT.CH.CHAR_PADDING             0 rows         public.oe.curr
        curr is char(n); PostgreSQL pads to the declared width and ClickHouse does not, so trailing spaces are a real difference
        DQ.COMPLETE.001                    0 rows         public.oe.quonumber
        quonumber is nullable text and also contains empty strings; the two mean different things in every target
        DQ.COMPLETE.001                    0 rows         public.oe.intnotes
        intnotes is nullable text and also contains empty strings; the two mean different things in every target
        DQ.COMPLETE.001                    0 rows         public.oe.shipvia
        shipvia is nullable text and also contains empty strings; the two mean different things in every target
        DQ.COMPLETE.001                    0 rows         public.oe.language_code
        language_code is nullable text and also contains empty strings; the two mean different things in every target
        DQ.COMPLETE.001                    0 rows         public.oe.ponumber
        ponumber is nullable text and also contains empty strings; the two mean different things in every target
  BLOCK DQ.UNIQ.001                        2127 rows      public.oe.oe_class_id
        oe_class_id looks like a key and is not declared unique; duplicates would be silently deduplicated by a ReplacingMergeTree target
        DQ.COMPLETE.001                    0 rows         public.oe.shipto_attn
        shipto_attn is nullable text and also contains empty strings; the two mean different things in every target
  BLOCK COMPAT.CH.NO_CONSTRAINT_ENFORCEMENT not measurable public.oe_class
        public.oe_class has a primary key that ClickHouse will not enforce. Nothing breaks on load day; duplicates accumulate afterwards, and a ReplacingMergeTree deduplicates only eventually — a SELECT before a merge still returns them.
        DQ.UNIQ.001                        0 rows         public.oe_class.id
        id looks like a key and is not declared unique; duplicates would be silently deduplicated by a ReplacingMergeTree target
  BLOCK COMPAT.CH.NO_CONSTRAINT_ENFORCEMENT not measurable public.oe_tax
        public.oe_tax has a primary key that ClickHouse will not enforce. Nothing breaks on load day; duplicates accumulate afterwards, and a ReplacingMergeTree deduplicates only eventually — a SELECT before a merge still returns them.
  BLOCK COMPAT.CH.NUMERIC_UNCONSTRAINED    not measurable public.oe_tax.basis
        basis is unconstrained numeric and has not been profiled. Run `ekos migrate profile --tier p1` before choosing a target type; guessing one is how a migration truncates money.
  BLOCK COMPAT.CH.NUMERIC_UNCONSTRAINED    not measurable public.oe_tax.rate
        rate is unconstrained numeric and has not been profiled. Run `ekos migrate profile --tier p1` before choosing a target type; guessing one is how a migration truncates money.
  BLOCK COMPAT.CH.NUMERIC_UNCONSTRAINED    not measurable public.oe_tax.amount
        amount is unconstrained numeric and has not been profiled. Run `ekos migrate profile --tier p1` before choosing a target type; guessing one is how a migration truncates money.
  BLOCK COMPAT.CH.NO_CONSTRAINT_ENFORCEMENT not measurable public.open_forms
        public.open_forms has a primary key that ClickHouse will not enforce. Nothing breaks on load day; duplicates accumulate afterwards, and a ReplacingMergeTree deduplicates only eventually — a SELECT before a merge still returns them.
  BLOCK COMPAT.CH.NUMERIC_PRECISION        not measurable public.open_forms.form_name
        form_name declares precision 100, beyond ClickHouse's maximum of 76
        DQ.COMPLETE.002                    0 rows         public.open_forms.last_used
        last_used uses a sentinel date where NULL was likely meant
        COMPAT.CH.DATE_BEFORE_1900         0 rows         public.open_forms.last_used
        last_used holds dates before 1900; ClickHouse Date32 bottoms out at 1900-01-01 and clamps to it without an error (verified on 24.8)
        COMPAT.CH.INFINITE_TIMESTAMP       0 rows         public.open_forms.last_used
        last_used holds ±infinity, which no target can represent
  BLOCK COMPAT.CH.NO_CONSTRAINT_ENFORCEMENT not measurable public.open_item
        public.open_item has a primary key that ClickHouse will not enforce. Nothing breaks on load day; duplicates accumulate afterwards, and a ReplacingMergeTree deduplicates only eventually — a SELECT before a merge still returns them.
        DQ.UNIQ.001                        0 rows         public.open_item.id
        id looks like a key and is not declared unique; duplicates would be silently deduplicated by a ReplacingMergeTree target
        COMPAT.CH.CHAR_PADDING             0 rows         public.open_item.item_type
        item_type is char(n); PostgreSQL pads to the declared width and ClickHouse does not, so trailing spaces are a real difference
  BLOCK DQ.UNIQ.001                        3459 rows      public.open_item.account_id
        account_id looks like a key and is not declared unique; duplicates would be silently deduplicated by a ReplacingMergeTree target
  BLOCK COMPAT.CH.NO_CONSTRAINT_ENFORCEMENT not measurable public.orderitems
        public.orderitems has a primary key that ClickHouse will not enforce. Nothing breaks on load day; duplicates accumulate afterwards, and a ReplacingMergeTree deduplicates only eventually — a SELECT before a merge still returns them.
        DQ.UNIQ.001                        0 rows         public.orderitems.id
        id looks like a key and is not declared unique; duplicates would be silently deduplicated by a ReplacingMergeTree target
  BLOCK DQ.UNIQ.001                        4113 rows      public.orderitems.trans_id
        trans_id looks like a key and is not declared unique; duplicates would be silently deduplicated by a ReplacingMergeTree target
  BLOCK DQ.UNIQ.001                        6127 rows      public.orderitems.parts_id
        parts_id looks like a key and is not declared unique; duplicates would be silently deduplicated by a ReplacingMergeTree target
  BLOCK COMPAT.CH.NUMERIC_UNCONSTRAINED    not measurable public.orderitems.qty
        qty is unconstrained numeric; the measured data uses precision 2 scale 0, so Decimal(2, 0) is narrowing-safe against that profile
  BLOCK COMPAT.CH.NUMERIC_UNCONSTRAINED    not measurable public.orderitems.sellprice
        sellprice is unconstrained numeric; the measured data uses precision 5 scale 2, so Decimal(5, 2) is narrowing-safe against that profile
  BLOCK COMPAT.CH.NUMERIC_UNCONSTRAINED    not measurable public.orderitems.discount
        discount is unconstrained numeric; the measured data uses precision 1 scale 0, so Decimal(1, 0) is narrowing-safe against that profile
        DQ.COMPLETE.002                    0 rows         public.orderitems.reqdate
        reqdate uses a sentinel date where NULL was likely meant
        COMPAT.CH.DATE_BEFORE_1900         0 rows         public.orderitems.reqdate
        reqdate holds dates before 1900; ClickHouse Date32 bottoms out at 1900-01-01 and clamps to it without an error (verified on 24.8)
  BLOCK COMPAT.CH.NUMERIC_UNCONSTRAINED    not measurable public.orderitems.ship
        ship is unconstrained numeric; the measured data uses precision 2 scale 0, so Decimal(2, 0) is narrowing-safe against that profile
        DQ.COMPLETE.001                    0 rows         public.orderitems.serialnumber
        serialnumber is nullable text and also contains empty strings; the two mean different things in every target
        DQ.COMPLETE.001                    0 rows         public.orderitems.notes
        notes is nullable text and also contains empty strings; the two mean different things in every target
  BLOCK COMPAT.CH.NO_CONSTRAINT_ENFORCEMENT not measurable public.overpayment
        public.overpayment has a primary key that ClickHouse will not enforce. Nothing breaks on load day; duplicates accumulate afterwards, and a ReplacingMergeTree deduplicates only eventually — a SELECT before a merge still returns them.
  BLOCK COMPAT.CH.NO_CONSTRAINT_ENFORCEMENT not measurable public.parts
        public.parts has a primary key that ClickHouse will not enforce. Nothing breaks on load day; duplicates accumulate afterwards, and a ReplacingMergeTree deduplicates only eventually — a SELECT before a merge still returns them.
        DQ.UNIQ.001                        0 rows         public.parts.id
        id looks like a key and is not declared unique; duplicates would be silently deduplicated by a ReplacingMergeTree target
  BLOCK COMPAT.CH.NUMERIC_UNCONSTRAINED    not measurable public.parts.listprice
        listprice is unconstrained numeric; the measured data uses precision 5 scale 2, so Decimal(5, 2) is narrowing-safe against that profile
  BLOCK COMPAT.CH.NUMERIC_UNCONSTRAINED    not measurable public.parts.sellprice
        sellprice is unconstrained numeric; the measured data uses precision 5 scale 2, so Decimal(5, 2) is narrowing-safe against that profile
  BLOCK COMPAT.CH.NUMERIC_UNCONSTRAINED    not measurable public.parts.lastcost
        lastcost is unconstrained numeric; the measured data uses precision 5 scale 2, so Decimal(5, 2) is narrowing-safe against that profile
        DQ.COMPLETE.002                    0 rows         public.parts.priceupdate
        priceupdate uses a sentinel date where NULL was likely meant
        COMPAT.CH.DATE_BEFORE_1900         0 rows         public.parts.priceupdate
        priceupdate holds dates before 1900; ClickHouse Date32 bottoms out at 1900-01-01 and clamps to it without an error (verified on 24.8)
  BLOCK COMPAT.CH.NUMERIC_UNCONSTRAINED    not measurable public.parts.weight
        weight is unconstrained numeric and has not been profiled. Run `ekos migrate profile --tier p1` before choosing a target type; guessing one is how a migration truncates money.
  BLOCK COMPAT.CH.NUMERIC_UNCONSTRAINED    not measurable public.parts.onhand
        onhand is unconstrained numeric; the measured data uses precision 3 scale 0, so Decimal(3, 0) is narrowing-safe against that profile
  BLOCK COMPAT.CH.NUMERIC_UNCONSTRAINED    not measurable public.parts.rop
        rop is unconstrained numeric; the measured data uses precision 3 scale 0, so Decimal(3, 0) is narrowing-safe against that profile
  BLOCK DQ.UNIQ.001                        107 rows       public.parts.inventory_accno_id
        inventory_accno_id looks like a key and is not declared unique; duplicates would be silently deduplicated by a ReplacingMergeTree target
  BLOCK DQ.UNIQ.001                        113 rows       public.parts.income_accno_id
        income_accno_id looks like a key and is not declared unique; duplicates would be silently deduplicated by a ReplacingMergeTree target
  BLOCK DQ.UNIQ.001                        113 rows       public.parts.expense_accno_id
        expense_accno_id looks like a key and is not declared unique; duplicates would be silently deduplicated by a ReplacingMergeTree target
        DQ.COMPLETE.001                    0 rows         public.parts.bin
        bin is nullable text and also contains empty strings; the two mean different things in every target
        DQ.COMPLETE.001                    0 rows         public.parts.image
        image is nullable text and also contains empty strings; the two mean different things in every target
        DQ.COMPLETE.001                    0 rows         public.parts.drawing
        drawing is nullable text and also contains empty strings; the two mean different things in every target
        DQ.COMPLETE.001                    0 rows         public.parts.microfiche
        microfiche is nullable text and also contains empty strings; the two mean different things in every target
  BLOCK DQ.UNIQ.001                        106 rows       public.parts.partsgroup_id
        partsgroup_id looks like a key and is not declared unique; duplicates would be silently deduplicated by a ReplacingMergeTree target
  BLOCK COMPAT.CH.NUMERIC_UNCONSTRAINED    not measurable public.parts.avgcost
        avgcost is unconstrained numeric and has not been profiled. Run `ekos migrate profile --tier p1` before choosing a target type; guessing one is how a migration truncates money.
  BLOCK COMPAT.CH.NO_CONSTRAINT_ENFORCEMENT not measurable public.parts_translation
        public.parts_translation has a primary key that ClickHouse will not enforce. Nothing breaks on load day; duplicates accumulate afterwards, and a ReplacingMergeTree deduplicates only eventually — a SELECT before a merge still returns them.
  BLOCK COMPAT.CH.NO_CONSTRAINT_ENFORCEMENT not measurable public.partscustomer
        public.partscustomer has a primary key that ClickHouse will not enforce. Nothing breaks on load day; duplicates accumulate afterwards, and a ReplacingMergeTree deduplicates only eventually — a SELECT before a merge still returns them.
  BLOCK COMPAT.CH.NUMERIC_UNCONSTRAINED    not measurable public.partscustomer.pricebreak
        pricebreak is unconstrained numeric and has not been profiled. Run `ekos migrate profile --tier p1` before choosing a target type; guessing one is how a migration truncates money.
  BLOCK COMPAT.CH.NUMERIC_UNCONSTRAINED    not measurable public.partscustomer.sellprice
        sellprice is unconstrained numeric and has not been profiled. Run `ekos migrate profile --tier p1` before choosing a target type; guessing one is how a migration truncates money.
        DQ.COMPLETE.002                    0 rows         public.partscustomer.validfrom
        validfrom uses a sentinel date where NULL was likely meant
        COMPAT.CH.DATE_BEFORE_1900         0 rows         public.partscustomer.validfrom
        validfrom holds dates before 1900; ClickHouse Date32 bottoms out at 1900-01-01 and clamps to it without an error (verified on 24.8)
        DQ.COMPLETE.002                    0 rows         public.partscustomer.validto
        validto uses a sentinel date where NULL was likely meant
        COMPAT.CH.DATE_BEFORE_1900         0 rows         public.partscustomer.validto
        validto holds dates before 1900; ClickHouse Date32 bottoms out at 1900-01-01 and clamps to it without an error (verified on 24.8)
        COMPAT.CH.CHAR_PADDING             0 rows         public.partscustomer.curr
        curr is char(n); PostgreSQL pads to the declared width and ClickHouse does not, so trailing spaces are a real difference
  BLOCK COMPAT.CH.NUMERIC_UNCONSTRAINED    not measurable public.partscustomer.qty
        qty is unconstrained numeric and has not been profiled. Run `ekos migrate profile --tier p1` before choosing a target type; guessing one is how a migration truncates money.
  BLOCK COMPAT.CH.NO_CONSTRAINT_ENFORCEMENT not measurable public.partsgroup
        public.partsgroup has a primary key that ClickHouse will not enforce. Nothing breaks on load day; duplicates accumulate afterwards, and a ReplacingMergeTree deduplicates only eventually — a SELECT before a merge still returns them.
        DQ.UNIQ.001                        0 rows         public.partsgroup.id
        id looks like a key and is not declared unique; duplicates would be silently deduplicated by a ReplacingMergeTree target
        DQ.COMPLETE.002                    0 rows         public.partsgroup.last_updated
        last_updated uses a sentinel date where NULL was likely meant
        COMPAT.CH.DATE_BEFORE_1900         0 rows         public.partsgroup.last_updated
        last_updated holds dates before 1900; ClickHouse Date32 bottoms out at 1900-01-01 and clamps to it without an error (verified on 24.8)
        COMPAT.CH.INFINITE_TIMESTAMP       0 rows         public.partsgroup.last_updated
        last_updated holds ±infinity, which no target can represent
  BLOCK COMPAT.CH.NO_CONSTRAINT_ENFORCEMENT not measurable public.partsgroup_translation
        public.partsgroup_translation has a primary key that ClickHouse will not enforce. Nothing breaks on load day; duplicates accumulate afterwards, and a ReplacingMergeTree deduplicates only eventually — a SELECT before a merge still returns them.
  BLOCK COMPAT.CH.NO_CONSTRAINT_ENFORCEMENT not measurable public.partstax
        public.partstax has a primary key that ClickHouse will not enforce. Nothing breaks on load day; duplicates accumulate afterwards, and a ReplacingMergeTree deduplicates only eventually — a SELECT before a merge still returns them.
        DQ.UNIQ.001                        0 rows         public.partstax.parts_id
        parts_id looks like a key and is not declared unique; duplicates would be silently deduplicated by a ReplacingMergeTree target
  BLOCK DQ.UNIQ.001                        113 rows       public.partstax.chart_id
        chart_id looks like a key and is not declared unique; duplicates would be silently deduplicated by a ReplacingMergeTree target
  BLOCK COMPAT.CH.NO_CONSTRAINT_ENFORCEMENT not measurable public.partsvendor
        public.partsvendor has a primary key that ClickHouse will not enforce. Nothing breaks on load day; duplicates accumulate afterwards, and a ReplacingMergeTree deduplicates only eventually — a SELECT before a merge still returns them.
  BLOCK COMPAT.CH.NUMERIC_UNCONSTRAINED    not measurable public.partsvendor.lastcost
        lastcost is unconstrained numeric and has not been profiled. Run `ekos migrate profile --tier p1` before choosing a target type; guessing one is how a migration truncates money.
        COMPAT.CH.CHAR_PADDING             0 rows         public.partsvendor.curr
        curr is char(n); PostgreSQL pads to the declared width and ClickHouse does not, so trailing spaces are a real difference
  BLOCK COMPAT.CH.NO_CONSTRAINT_ENFORCEMENT not measurable public.payment
        public.payment has a primary key that ClickHouse will not enforce. Nothing breaks on load day; duplicates accumulate afterwards, and a ReplacingMergeTree deduplicates only eventually — a SELECT before a merge still returns them.
        DQ.UNIQ.001                        0 rows         public.payment.id
        id looks like a key and is not declared unique; duplicates would be silently deduplicated by a ReplacingMergeTree target
        DQ.COMPLETE.002                    0 rows         public.payment.payment_date
        payment_date uses a sentinel date where NULL was likely meant
        COMPAT.CH.DATE_BEFORE_1900         0 rows         public.payment.payment_date
        payment_date holds dates before 1900; ClickHouse Date32 bottoms out at 1900-01-01 and clamps to it without an error (verified on 24.8)
  BLOCK DQ.UNIQ.001                        2961 rows      public.payment.entity_credit_id
        entity_credit_id looks like a key and is not declared unique; duplicates would be silently deduplicated by a ReplacingMergeTree target
        COMPAT.CH.CHAR_PADDING             0 rows         public.payment.currency
        currency is char(n); PostgreSQL pads to the declared width and ClickHouse does not, so trailing spaces are a real difference
        DQ.UNIQ.001                        0 rows         public.payment.trans_id
        trans_id looks like a key and is not declared unique; duplicates would be silently deduplicated by a ReplacingMergeTree target
  BLOCK DQ.UNIQ.001                        3045 rows      public.payment.account_id
        account_id looks like a key and is not declared unique; duplicates would be silently deduplicated by a ReplacingMergeTree target
  BLOCK COMPAT.CH.NO_CONSTRAINT_ENFORCEMENT not measurable public.payment_type
        public.payment_type has a primary key that ClickHouse will not enforce. Nothing breaks on load day; duplicates accumulate afterwards, and a ReplacingMergeTree deduplicates only eventually — a SELECT before a merge still returns them.
  BLOCK COMPAT.CH.NO_CONSTRAINT_ENFORCEMENT not measurable public.payroll_deduction
        public.payroll_deduction has a primary key that ClickHouse will not enforce. Nothing breaks on load day; duplicates accumulate afterwards, and a ReplacingMergeTree deduplicates only eventually — a SELECT before a merge still returns them.
  BLOCK COMPAT.CH.NUMERIC_UNCONSTRAINED    not measurable public.payroll_deduction.rate
        rate is unconstrained numeric and has not been profiled. Run `ekos migrate profile --tier p1` before choosing a target type; guessing one is how a migration truncates money.
  BLOCK COMPAT.CH.NO_CONSTRAINT_ENFORCEMENT not measurable public.payroll_deduction_class
        public.payroll_deduction_class has a primary key that ClickHouse will not enforce. Nothing breaks on load day; duplicates accumulate afterwards, and a ReplacingMergeTree deduplicates only eventually — a SELECT before a merge still returns them.
  BLOCK COMPAT.CH.NUMERIC_UNCONSTRAINED    not measurable public.payroll_deduction_type.default_amount
        default_amount is unconstrained numeric and has not been profiled. Run `ekos migrate profile --tier p1` before choosing a target type; guessing one is how a migration truncates money.
  BLOCK COMPAT.CH.NO_CONSTRAINT_ENFORCEMENT not measurable public.payroll_employee_class
        public.payroll_employee_class has a primary key that ClickHouse will not enforce. Nothing breaks on load day; duplicates accumulate afterwards, and a ReplacingMergeTree deduplicates only eventually — a SELECT before a merge still returns them.
  BLOCK COMPAT.CH.NO_CONSTRAINT_ENFORCEMENT not measurable public.payroll_employee_class_to_income_type
        public.payroll_employee_class_to_income_type has a primary key that ClickHouse will not enforce. Nothing breaks on load day; duplicates accumulate afterwards, and a ReplacingMergeTree deduplicates only eventually — a SELECT before a merge still returns them.
        DQ.UNIQ.001                        0 rows         public.payroll_income_category.id
        id looks like a key and is not declared unique; duplicates would be silently deduplicated by a ReplacingMergeTree target
  BLOCK COMPAT.CH.NO_CONSTRAINT_ENFORCEMENT not measurable public.payroll_income_class
        public.payroll_income_class has a primary key that ClickHouse will not enforce. Nothing breaks on load day; duplicates accumulate afterwards, and a ReplacingMergeTree deduplicates only eventually — a SELECT before a merge still returns them.
  BLOCK COMPAT.CH.NUMERIC_UNCONSTRAINED    not measurable public.payroll_income_type.default_amount
        default_amount is unconstrained numeric and has not been profiled. Run `ekos migrate profile --tier p1` before choosing a target type; guessing one is how a migration truncates money.
  BLOCK COMPAT.CH.NUMERIC_UNCONSTRAINED    not measurable public.payroll_paid_timeoff.amount
        amount is unconstrained numeric and has not been profiled. Run `ekos migrate profile --tier p1` before choosing a target type; guessing one is how a migration truncates money.
  BLOCK COMPAT.CH.NO_CONSTRAINT_ENFORCEMENT not measurable public.payroll_pto_class
        public.payroll_pto_class has a primary key that ClickHouse will not enforce. Nothing breaks on load day; duplicates accumulate afterwards, and a ReplacingMergeTree deduplicates only eventually — a SELECT before a merge still returns them.
  BLOCK COMPAT.CH.NO_CONSTRAINT_ENFORCEMENT not measurable public.payroll_report
        public.payroll_report has a primary key that ClickHouse will not enforce. Nothing breaks on load day; duplicates accumulate afterwards, and a ReplacingMergeTree deduplicates only eventually — a SELECT before a merge still returns them.
        DQ.COMPLETE.002                    0 rows         public.payroll_report.payment_date
        payment_date uses a sentinel date where NULL was likely meant
        COMPAT.CH.DATE_BEFORE_1900         0 rows         public.payroll_report.payment_date
        payment_date holds dates before 1900; ClickHouse Date32 bottoms out at 1900-01-01 and clamps to it without an error (verified on 24.8)
  BLOCK COMPAT.CH.NO_CONSTRAINT_ENFORCEMENT not measurable public.payroll_report_line
        public.payroll_report_line has a primary key that ClickHouse will not enforce. Nothing breaks on load day; duplicates accumulate afterwards, and a ReplacingMergeTree deduplicates only eventually — a SELECT before a merge still returns them.
  BLOCK COMPAT.CH.NUMERIC_UNCONSTRAINED    not measurable public.payroll_report_line.qty
        qty is unconstrained numeric and has not been profiled. Run `ekos migrate profile --tier p1` before choosing a target type; guessing one is how a migration truncates money.
  BLOCK COMPAT.CH.NUMERIC_UNCONSTRAINED    not measurable public.payroll_report_line.rate
        rate is unconstrained numeric and has not been profiled. Run `ekos migrate profile --tier p1` before choosing a target type; guessing one is how a migration truncates money.
  BLOCK COMPAT.CH.NO_CONSTRAINT_ENFORCEMENT not measurable public.payroll_wage
        public.payroll_wage has a primary key that ClickHouse will not enforce. Nothing breaks on load day; duplicates accumulate afterwards, and a ReplacingMergeTree deduplicates only eventually — a SELECT before a merge still returns them.
  BLOCK COMPAT.CH.NUMERIC_UNCONSTRAINED    not measurable public.payroll_wage.rate
        rate is unconstrained numeric and has not been profiled. Run `ekos migrate profile --tier p1` before choosing a target type; guessing one is how a migration truncates money.
  BLOCK COMPAT.CH.NO_CONSTRAINT_ENFORCEMENT not measurable public.person
        public.person has a primary key that ClickHouse will not enforce. Nothing breaks on load day; duplicates accumulate afterwards, and a ReplacingMergeTree deduplicates only eventually — a SELECT before a merge still returns them.
        DQ.COMPLETE.002                    0 rows         public.person.created
        created uses a sentinel date where NULL was likely meant
        COMPAT.CH.DATE_BEFORE_1900         0 rows         public.person.created
        created holds dates before 1900; ClickHouse Date32 bottoms out at 1900-01-01 and clamps to it without an error (verified on 24.8)
        DQ.COMPLETE.002                    0 rows         public.person.birthdate
        birthdate uses a sentinel date where NULL was likely meant
        COMPAT.CH.DATE_BEFORE_1900         0 rows         public.person.birthdate
        birthdate holds dates before 1900; ClickHouse Date32 bottoms out at 1900-01-01 and clamps to it without an error (verified on 24.8)
  BLOCK COMPAT.CH.NO_CONSTRAINT_ENFORCEMENT not measurable public.person_to_company
        public.person_to_company has a primary key that ClickHouse will not enforce. Nothing breaks on load day; duplicates accumulate afterwards, and a ReplacingMergeTree deduplicates only eventually — a SELECT before a merge still returns them.
  BLOCK COMPAT.CH.NO_CONSTRAINT_ENFORCEMENT not measurable public.pricegroup
        public.pricegroup has a primary key that ClickHouse will not enforce. Nothing breaks on load day; duplicates accumulate afterwards, and a ReplacingMergeTree deduplicates only eventually — a SELECT before a merge still returns them.
        DQ.COMPLETE.002                    0 rows         public.pricegroup.last_updated
        last_updated uses a sentinel date where NULL was likely meant
        COMPAT.CH.DATE_BEFORE_1900         0 rows         public.pricegroup.last_updated
        last_updated holds dates before 1900; ClickHouse Date32 bottoms out at 1900-01-01 and clamps to it without an error (verified on 24.8)
        COMPAT.CH.INFINITE_TIMESTAMP       0 rows         public.pricegroup.last_updated
        last_updated holds ±infinity, which no target can represent
        DQ.COMPLETE.002                    0 rows         public.recurring.startdate
        startdate uses a sentinel date where NULL was likely meant
        COMPAT.CH.DATE_BEFORE_1900         0 rows         public.recurring.startdate
        startdate holds dates before 1900; ClickHouse Date32 bottoms out at 1900-01-01 and clamps to it without an error (verified on 24.8)
        DQ.COMPLETE.002                    0 rows         public.recurring.nextdate
        nextdate uses a sentinel date where NULL was likely meant
        COMPAT.CH.DATE_BEFORE_1900         0 rows         public.recurring.nextdate
        nextdate holds dates before 1900; ClickHouse Date32 bottoms out at 1900-01-01 and clamps to it without an error (verified on 24.8)
        DQ.COMPLETE.002                    0 rows         public.recurring.enddate
        enddate uses a sentinel date where NULL was likely meant
        COMPAT.CH.DATE_BEFORE_1900         0 rows         public.recurring.enddate
        enddate holds dates before 1900; ClickHouse Date32 bottoms out at 1900-01-01 and clamps to it without an error (verified on 24.8)
  BLOCK COMPAT.CH.NO_CONSTRAINT_ENFORCEMENT not measurable public.recurringemail
        public.recurringemail has a primary key that ClickHouse will not enforce. Nothing breaks on load day; duplicates accumulate afterwards, and a ReplacingMergeTree deduplicates only eventually — a SELECT before a merge still returns them.
  BLOCK COMPAT.CH.NO_CONSTRAINT_ENFORCEMENT not measurable public.recurringprint
        public.recurringprint has a primary key that ClickHouse will not enforce. Nothing breaks on load day; duplicates accumulate afterwards, and a ReplacingMergeTree deduplicates only eventually — a SELECT before a merge still returns them.
  BLOCK COMPAT.CH.NO_CONSTRAINT_ENFORCEMENT not measurable public.robot
        public.robot has a primary key that ClickHouse will not enforce. Nothing breaks on load day; duplicates accumulate afterwards, and a ReplacingMergeTree deduplicates only eventually — a SELECT before a merge still returns them.
        DQ.COMPLETE.002                    0 rows         public.robot.created
        created uses a sentinel date where NULL was likely meant
        COMPAT.CH.DATE_BEFORE_1900         0 rows         public.robot.created
        created holds dates before 1900; ClickHouse Date32 bottoms out at 1900-01-01 and clamps to it without an error (verified on 24.8)
  BLOCK COMPAT.CH.NO_CONSTRAINT_ENFORCEMENT not measurable public.salutation
        public.salutation has a primary key that ClickHouse will not enforce. Nothing breaks on load day; duplicates accumulate afterwards, and a ReplacingMergeTree deduplicates only eventually — a SELECT before a merge still returns them.
        DQ.UNIQ.001                        0 rows         public.salutation.id
        id looks like a key and is not declared unique; duplicates would be silently deduplicated by a ReplacingMergeTree target
  BLOCK COMPAT.CH.NO_CONSTRAINT_ENFORCEMENT not measurable public.session
        public.session has a primary key that ClickHouse will not enforce. Nothing breaks on load day; duplicates accumulate afterwards, and a ReplacingMergeTree deduplicates only eventually — a SELECT before a merge still returns them.
        DQ.COMPLETE.002                    0 rows         public.session.last_used
        last_used uses a sentinel date where NULL was likely meant
        COMPAT.CH.DATE_BEFORE_1900         0 rows         public.session.last_used
        last_used holds dates before 1900; ClickHouse Date32 bottoms out at 1900-01-01 and clamps to it without an error (verified on 24.8)
        COMPAT.CH.INFINITE_TIMESTAMP       0 rows         public.session.last_used
        last_used holds ±infinity, which no target can represent
  BLOCK COMPAT.CH.NO_CONSTRAINT_ENFORCEMENT not measurable public.session_history
        public.session_history has a primary key that ClickHouse will not enforce. Nothing breaks on load day; duplicates accumulate afterwards, and a ReplacingMergeTree deduplicates only eventually — a SELECT before a merge still returns them.
        DQ.COMPLETE.002                    0 rows         public.session_history.created
        created uses a sentinel date where NULL was likely meant
        COMPAT.CH.DATE_BEFORE_1900         0 rows         public.session_history.created
        created holds dates before 1900; ClickHouse Date32 bottoms out at 1900-01-01 and clamps to it without an error (verified on 24.8)
        COMPAT.CH.INFINITE_TIMESTAMP       0 rows         public.session_history.created
        created holds ±infinity, which no target can represent
        DQ.COMPLETE.002                    0 rows         public.session_history.last_used
        last_used uses a sentinel date where NULL was likely meant
        COMPAT.CH.DATE_BEFORE_1900         0 rows         public.session_history.last_used
        last_used holds dates before 1900; ClickHouse Date32 bottoms out at 1900-01-01 and clamps to it without an error (verified on 24.8)
        COMPAT.CH.INFINITE_TIMESTAMP       0 rows         public.session_history.last_used
        last_used holds ±infinity, which no target can represent
        DQ.COMPLETE.002                    0 rows         public.session_history.ended
        ended uses a sentinel date where NULL was likely meant
        COMPAT.CH.DATE_BEFORE_1900         0 rows         public.session_history.ended
        ended holds dates before 1900; ClickHouse Date32 bottoms out at 1900-01-01 and clamps to it without an error (verified on 24.8)
        COMPAT.CH.INFINITE_TIMESTAMP       0 rows         public.session_history.ended
        ended holds ±infinity, which no target can represent
  BLOCK COMPAT.CH.NO_CONSTRAINT_ENFORCEMENT not measurable public.sic
        public.sic has a primary key that ClickHouse will not enforce. Nothing breaks on load day; duplicates accumulate afterwards, and a ReplacingMergeTree deduplicates only eventually — a SELECT before a merge still returns them.
        COMPAT.CH.CHAR_PADDING             0 rows         public.sic.sictype
        sictype is char(n); PostgreSQL pads to the declared width and ClickHouse does not, so trailing spaces are a real difference
        DQ.COMPLETE.002                    0 rows         public.sic.last_updated
        last_updated uses a sentinel date where NULL was likely meant
        COMPAT.CH.DATE_BEFORE_1900         0 rows         public.sic.last_updated
        last_updated holds dates before 1900; ClickHouse Date32 bottoms out at 1900-01-01 and clamps to it without an error (verified on 24.8)
        COMPAT.CH.INFINITE_TIMESTAMP       0 rows         public.sic.last_updated
        last_updated holds ±infinity, which no target can represent
  BLOCK COMPAT.CH.NO_CONSTRAINT_ENFORCEMENT not measurable public.tax
        public.tax has a primary key that ClickHouse will not enforce. Nothing breaks on load day; duplicates accumulate afterwards, and a ReplacingMergeTree deduplicates only eventually — a SELECT before a merge still returns them.
        DQ.UNIQ.001                        0 rows         public.tax.chart_id
        chart_id looks like a key and is not declared unique; duplicates would be silently deduplicated by a ReplacingMergeTree target
  BLOCK COMPAT.CH.NUMERIC_UNCONSTRAINED    not measurable public.tax.rate
        rate is unconstrained numeric and has not been profiled. Run `ekos migrate profile --tier p1` before choosing a target type; guessing one is how a migration truncates money.
  BLOCK COMPAT.CH.NUMERIC_UNCONSTRAINED    not measurable public.tax.minvalue
        minvalue is unconstrained numeric and has not been profiled. Run `ekos migrate profile --tier p1` before choosing a target type; guessing one is how a migration truncates money.
  BLOCK COMPAT.CH.NUMERIC_UNCONSTRAINED    not measurable public.tax.maxvalue
        maxvalue is unconstrained numeric and has not been profiled. Run `ekos migrate profile --tier p1` before choosing a target type; guessing one is how a migration truncates money.
        DQ.COMPLETE.002                    0 rows         public.tax.validto
        validto uses a sentinel date where NULL was likely meant
        COMPAT.CH.DATE_BEFORE_1900         0 rows         public.tax.validto
        validto holds dates before 1900; ClickHouse Date32 bottoms out at 1900-01-01 and clamps to it without an error (verified on 24.8)
  BLOCK COMPAT.CH.INFINITE_TIMESTAMP       1 rows         public.tax.validto
        validto holds ±infinity, which no target can represent
        DQ.UNIQ.001                        0 rows         public.tax.taxmodule_id
        taxmodule_id looks like a key and is not declared unique; duplicates would be silently deduplicated by a ReplacingMergeTree target
  BLOCK COMPAT.CH.NO_CONSTRAINT_ENFORCEMENT not measurable public.tax_exempt_reason
        public.tax_exempt_reason has a primary key that ClickHouse will not enforce. Nothing breaks on load day; duplicates accumulate afterwards, and a ReplacingMergeTree deduplicates only eventually — a SELECT before a merge still returns them.
        DQ.UNIQ.001                        0 rows         public.tax_exempt_reason.id
        id looks like a key and is not declared unique; duplicates would be silently deduplicated by a ReplacingMergeTree target
  BLOCK COMPAT.CH.NO_CONSTRAINT_ENFORCEMENT not measurable public.tax_extended
        public.tax_extended has a primary key that ClickHouse will not enforce. Nothing breaks on load day; duplicates accumulate afterwards, and a ReplacingMergeTree deduplicates only eventually — a SELECT before a merge still returns them.
  BLOCK COMPAT.CH.NUMERIC_UNCONSTRAINED    not measurable public.tax_extended.tax_basis
        tax_basis is unconstrained numeric and has not been profiled. Run `ekos migrate profile --tier p1` before choosing a target type; guessing one is how a migration truncates money.
  BLOCK COMPAT.CH.NUMERIC_UNCONSTRAINED    not measurable public.tax_extended.rate
        rate is unconstrained numeric and has not been profiled. Run `ekos migrate profile --tier p1` before choosing a target type; guessing one is how a migration truncates money.
  BLOCK COMPAT.CH.NO_CONSTRAINT_ENFORCEMENT not measurable public.taxcategory
        public.taxcategory has a primary key that ClickHouse will not enforce. Nothing breaks on load day; duplicates accumulate afterwards, and a ReplacingMergeTree deduplicates only eventually — a SELECT before a merge still returns them.
  BLOCK COMPAT.CH.NO_CONSTRAINT_ENFORCEMENT not measurable public.taxmodule
        public.taxmodule has a primary key that ClickHouse will not enforce. Nothing breaks on load day; duplicates accumulate afterwards, and a ReplacingMergeTree deduplicates only eventually — a SELECT before a merge still returns them.
        DQ.UNIQ.001                        0 rows         public.taxmodule.taxmodule_id
        taxmodule_id looks like a key and is not declared unique; duplicates would be silently deduplicated by a ReplacingMergeTree target
        DQ.COMPLETE.002                    0 rows         public.template.last_modified
        last_modified uses a sentinel date where NULL was likely meant
        COMPAT.CH.DATE_BEFORE_1900         0 rows         public.template.last_modified
        last_modified holds dates before 1900; ClickHouse Date32 bottoms out at 1900-01-01 and clamps to it without an error (verified on 24.8)
        COMPAT.CH.INFINITE_TIMESTAMP       0 rows         public.template.last_modified
        last_modified holds ±infinity, which no target can represent
  BLOCK COMPAT.CH.NO_CONSTRAINT_ENFORCEMENT not measurable public.trans_type
        public.trans_type has a primary key that ClickHouse will not enforce. Nothing breaks on load day; duplicates accumulate afterwards, and a ReplacingMergeTree deduplicates only eventually — a SELECT before a merge still returns them.
        COMPAT.CH.CHAR_PADDING             0 rows         public.trans_type.code
        code is char(n); PostgreSQL pads to the declared width and ClickHouse does not, so trailing spaces are a real difference
  BLOCK COMPAT.CH.NUMERIC_PRECISION        not measurable public.trans_type.description
        description declares precision 1000, beyond ClickHouse's maximum of 76
        DQ.COMPLETE.001                    0 rows         public.trans_type.details_table
        details_table is nullable text and also contains empty strings; the two mean different things in every target
  BLOCK COMPAT.CH.NO_CONSTRAINT_ENFORCEMENT not measurable public.transactions
        public.transactions has a primary key that ClickHouse will not enforce. Nothing breaks on load day; duplicates accumulate afterwards, and a ReplacingMergeTree deduplicates only eventually — a SELECT before a merge still returns them.
        DQ.UNIQ.001                        0 rows         public.transactions.id
        id looks like a key and is not declared unique; duplicates would be silently deduplicated by a ReplacingMergeTree target
        DQ.COMPLETE.002                    0 rows         public.transactions.approved_at
        approved_at uses a sentinel date where NULL was likely meant
        COMPAT.CH.DATE_BEFORE_1900         0 rows         public.transactions.approved_at
        approved_at holds dates before 1900; ClickHouse Date32 bottoms out at 1900-01-01 and clamps to it without an error (verified on 24.8)
        COMPAT.CH.INFINITE_TIMESTAMP       0 rows         public.transactions.approved_at
        approved_at holds ±infinity, which no target can represent
        DQ.COMPLETE.002                    0 rows         public.transactions.transdate
        transdate uses a sentinel date where NULL was likely meant
        COMPAT.CH.DATE_BEFORE_1900         0 rows         public.transactions.transdate
        transdate holds dates before 1900; ClickHouse Date32 bottoms out at 1900-01-01 and clamps to it without an error (verified on 24.8)
        DQ.UNIQ.001                        0 rows         public.transactions.workflow_id
        workflow_id looks like a key and is not declared unique; duplicates would be silently deduplicated by a ReplacingMergeTree target
        DQ.COMPLETE.001                    0 rows         public.transactions.description
        description is nullable text and also contains empty strings; the two mean different things in every target
  BLOCK DQ.UNIQ.001                        6618 rows      public.transactions.trans_type_code
        trans_type_code looks like a key and is not declared unique; duplicates would be silently deduplicated by a ReplacingMergeTree target
        COMPAT.CH.CHAR_PADDING             0 rows         public.transactions.trans_type_code
        trans_type_code is char(n); PostgreSQL pads to the declared width and ClickHouse does not, so trailing spaces are a real difference
        DQ.COMPLETE.001                    0 rows         public.transactions.notes
        notes is nullable text and also contains empty strings; the two mean different things in every target
  BLOCK COMPAT.CH.NO_CONSTRAINT_ENFORCEMENT not measurable public.trial_balance__yearend_types
        public.trial_balance__yearend_types has a primary key that ClickHouse will not enforce. Nothing breaks on load day; duplicates accumulate afterwards, and a ReplacingMergeTree deduplicates only eventually — a SELECT before a merge still returns them.
  BLOCK COMPAT.CH.NO_CONSTRAINT_ENFORCEMENT not measurable public.user_preference
        public.user_preference has a primary key that ClickHouse will not enforce. Nothing breaks on load day; duplicates accumulate afterwards, and a ReplacingMergeTree deduplicates only eventually — a SELECT before a merge still returns them.
        DQ.UNIQ.001                        0 rows         public.user_preference.id
        id looks like a key and is not declared unique; duplicates would be silently deduplicated by a ReplacingMergeTree target
  BLOCK COMPAT.CH.NO_CONSTRAINT_ENFORCEMENT not measurable public.users
        public.users has a primary key that ClickHouse will not enforce. Nothing breaks on load day; duplicates accumulate afterwards, and a ReplacingMergeTree deduplicates only eventually — a SELECT before a merge still returns them.
  BLOCK COMPAT.CH.NO_CONSTRAINT_ENFORCEMENT not measurable public.warehouse
        public.warehouse has a primary key that ClickHouse will not enforce. Nothing breaks on load day; duplicates accumulate afterwards, and a ReplacingMergeTree deduplicates only eventually — a SELECT before a merge still returns them.
        DQ.COMPLETE.002                    0 rows         public.warehouse.last_updated
        last_updated uses a sentinel date where NULL was likely meant
        COMPAT.CH.DATE_BEFORE_1900         0 rows         public.warehouse.last_updated
        last_updated holds dates before 1900; ClickHouse Date32 bottoms out at 1900-01-01 and clamps to it without an error (verified on 24.8)
        COMPAT.CH.INFINITE_TIMESTAMP       0 rows         public.warehouse.last_updated
        last_updated holds ±infinity, which no target can represent
  BLOCK COMPAT.CH.NO_CONSTRAINT_ENFORCEMENT not measurable public.warehouse_inventory
        public.warehouse_inventory has a primary key that ClickHouse will not enforce. Nothing breaks on load day; duplicates accumulate afterwards, and a ReplacingMergeTree deduplicates only eventually — a SELECT before a merge still returns them.
  BLOCK COMPAT.CH.NUMERIC_UNCONSTRAINED    not measurable public.warehouse_inventory.qty
        qty is unconstrained numeric and has not been profiled. Run `ekos migrate profile --tier p1` before choosing a target type; guessing one is how a migration truncates money.
        DQ.COMPLETE.002                    0 rows         public.warehouse_inventory.shippingdate
        shippingdate uses a sentinel date where NULL was likely meant
        COMPAT.CH.DATE_BEFORE_1900         0 rows         public.warehouse_inventory.shippingdate
        shippingdate holds dates before 1900; ClickHouse Date32 bottoms out at 1900-01-01 and clamps to it without an error (verified on 24.8)
  BLOCK COMPAT.CH.NO_CONSTRAINT_ENFORCEMENT not measurable public.workflow
        public.workflow has a primary key that ClickHouse will not enforce. Nothing breaks on load day; duplicates accumulate afterwards, and a ReplacingMergeTree deduplicates only eventually — a SELECT before a merge still returns them.
        DQ.UNIQ.001                        0 rows         public.workflow.workflow_id
        workflow_id looks like a key and is not declared unique; duplicates would be silently deduplicated by a ReplacingMergeTree target
        DQ.COMPLETE.002                    0 rows         public.workflow.last_update
        last_update uses a sentinel date where NULL was likely meant
        COMPAT.CH.DATE_BEFORE_1900         0 rows         public.workflow.last_update
        last_update holds dates before 1900; ClickHouse Date32 bottoms out at 1900-01-01 and clamps to it without an error (verified on 24.8)
        COMPAT.CH.INFINITE_TIMESTAMP       0 rows         public.workflow.last_update
        last_update holds ±infinity, which no target can represent
  BLOCK COMPAT.CH.NO_CONSTRAINT_ENFORCEMENT not measurable public.workflow_context
        public.workflow_context has a primary key that ClickHouse will not enforce. Nothing breaks on load day; duplicates accumulate afterwards, and a ReplacingMergeTree deduplicates only eventually — a SELECT before a merge still returns them.
  BLOCK COMPAT.CH.NO_CONSTRAINT_ENFORCEMENT not measurable public.workflow_history
        public.workflow_history has a primary key that ClickHouse will not enforce. Nothing breaks on load day; duplicates accumulate afterwards, and a ReplacingMergeTree deduplicates only eventually — a SELECT before a merge still returns them.
  BLOCK COMPAT.CH.NUMERIC_PRECISION        not measurable public.workflow_history.description
        description declares precision 255, beyond ClickHouse's maximum of 76
        DQ.COMPLETE.002                    0 rows         public.workflow_history.history_date
        history_date uses a sentinel date where NULL was likely meant
        COMPAT.CH.DATE_BEFORE_1900         0 rows         public.workflow_history.history_date
        history_date holds dates before 1900; ClickHouse Date32 bottoms out at 1900-01-01 and clamps to it without an error (verified on 24.8)
        COMPAT.CH.INFINITE_TIMESTAMP       0 rows         public.workflow_history.history_date
        history_date holds ±infinity, which no target can represent
  BLOCK COMPAT.CH.NO_CONSTRAINT_ENFORCEMENT not measurable public.yearend
        public.yearend has a primary key that ClickHouse will not enforce. Nothing breaks on load day; duplicates accumulate afterwards, and a ReplacingMergeTree deduplicates only eventually — a SELECT before a merge still returns them.
        DQ.COMPLETE.002                    0 rows         public.yearend.transdate
        transdate uses a sentinel date where NULL was likely meant
        COMPAT.CH.DATE_BEFORE_1900         0 rows         public.yearend.transdate
        transdate holds dates before 1900; ClickHouse Date32 bottoms out at 1900-01-01 and clamps to it without an error (verified on 24.8)

398 rule(s) matched but affect zero rows — the cheapest disposition there is.
276 blocking finding(s) need a disposition before these units can advance.

Coverage (RFC 0158): 125/1460 accounted for. Unclassified: 158 primary_key, 16 view, 2 extension, 29 trigger, 298 foreign_key, 43 table, 503 function, 62 index, 66 unique_constraint, 72 check_constraint, 86 sequence.
  29 of the unclassified have no target equivalent at all (triggers, RLS policies, procedures). Those can only ever be dispositioned, never translated.
  Dispositions arrive with RFC 0161. Until then this is the denominator, not a gate.

17 join predicate(s) harvested from the live workload, before scoping to the tables under migration.

Inferred keys (28 candidate(s) from real code joins):
  public.cr_report_line.entry_id -> public.acc_trans.entry_id  seen in 1 place(s) (ByConstraint)  not measurable
  public.account.chart_id -> public.cr_coa_to_account.id  seen in 1 place(s) (ByMeasurement)  not measurable
  public.country.country_id -> public.country_tax_form.id  seen in 1 place(s) (ByConstraint)  not measurable
  public.country.country_id -> public.entity.id  seen in 4 place(s) (ByConstraint)  not measurable
  public.country.entity_id -> public.person.id  seen in 2 place(s) (ByConstraint)  not measurable
  public.country.entity_id -> public.robot.id  seen in 1 place(s) (ByConstraint)  not measurable
  public.cr_report_line.trans_id -> public.gl.id  seen in 1 place(s) (ByConstraint)  not measurable
  public.entity.entity_id -> public.entity_employee.id  seen in 1 place(s) (ByMeasurement)  not measurable
  public.entity.entity_id -> public.robot.id  seen in 1 place(s) (ByConstraint)  not measurable
  public.entity.entity_id -> public.users.id  seen in 1 place(s) (ByConstraint)  not measurable
  public.mime_type.uploaded_by -> public.entity.id  seen in 1 place(s) (ByConstraint)  not measurable
  public.entity.manager_id -> public.person.entity_id  seen in 1 place(s) (ByConstraint)  not measurable
  public.entity_class.id -> public.recurring.id  seen in 1 place(s) (Ambiguous)  not_a_relationship (0.00% of values match)
        10 orphan(s) of 10 non-null values; joined in: sql/modules/Transaction_Templates.sql#9
  public.entity_credit_account.in_credit_id -> public.partscustomer.id  seen in 1 place(s) (ByMeasurement)  not measurable
  public.entity_credit_account.pricegroup_id -> public.parts.pricegroup_id  seen in 1 place(s) (ByMeasurement)  not measurable
  public.entity_employee.entity_id -> public.person.entity_id  seen in 1 place(s) (Ambiguous)  no_data
        0 orphan(s) of 0 non-null values; joined in: sql/modules/Employee.sql#5
  public.entity_employee.entity_id -> public.person.id  seen in 1 place(s) (Ambiguous)  no_data
        0 orphan(s) of 0 non-null values; joined in: sql/modules/Employee.sql#13
  public.entity_employee.manager_id -> public.person.entity_id  seen in 1 place(s) (ByConstraint)  no_data
        0 orphan(s) of 0 non-null values; joined in: sql/modules/Employee.sql#17
  public.mime_type.mime_type_id -> public.file_base.id  seen in 2 place(s) (ByConstraint)  not measurable
  public.file_secondary_attachment.oe_class_id -> public.oe_class.id  seen in 1 place(s) (ByConstraint)  not measurable
  public.file_secondary_attachment.ref_key -> public.oe.id  seen in 1 place(s) (Ambiguous)  no_data
        0 orphan(s) of 0 non-null values; joined in: sql/modules/Files.sql#20
  public.inventory_report.adjust_id -> public.inventory_report_line.id  seen in 1 place(s) (ByMeasurement)  not measurable
  public.makemodel.id -> public.parts.parts_id  seen in 1 place(s) (ByMeasurement)  not measurable
  public.parts.parts_id -> public.partsvendor.id  seen in 2 place(s) (ByMeasurement)  not measurable
  public.salutation.manager_id -> public.person.entity_id  seen in 1 place(s) (ByConstraint)  not measurable
  public.users.entity_id -> public.person.entity_id  seen in 1 place(s) (ByConstraint)  no_data
        0 orphan(s) of 0 non-null values; joined in: sql/modules/Person.sql#3
  public.salutation.salutation_id -> public.person.id  seen in 1 place(s) (ByConstraint)  not measurable
  public.transactions.reversing -> public.transactions.id  seen in 2 place(s) (ByConstraint)  no_data
        0 orphan(s) of 0 non-null values; joined in: sql/changes/1.11/reversed-transactions.sql#5, sql/modules/views.sql#3
### exit=0  wall=20.0s

### 2026-09-28T14:53:03Z  ekos migrate map --emit /home/legion/PycharmProjects/ledgersmb-analytics-demo/clickhouse/ddl/ekos_generated_raw.sql
Workload: 2000 query shape(s) read from pg_stat_statements.

public.ac_tax_form
  engine   : MergeTree
             no updates or deletes recorded against the source, so the table is append-only
  order by : entry_id
             no query-shape evidence available for this table, so this is the primary key rather than a derivation. Populate pg_stat_statements, or compile the application's queries, and re-map before relying on it.
  columns  :
           entry_id               integer                      -> Int32
           reportable             boolean                      -> Nullable(Bool)

public.acc_trans
  engine   : MergeTree
             no updates or deletes recorded against the source, so the table is append-only
  order by : entry_id
             no query-shape evidence available for this table, so this is the primary key rather than a derivation. Populate pg_stat_statements, or compile the application's queries, and re-map before relying on it.
  columns  :
           trans_id               integer                      -> Int32
           chart_id               integer                      -> Int32
    narrow transdate              date                         -> Date32
           Date32 covers 1900-2299; dates before 1900 are a COMPAT.CH.DATE_BEFORE_1900 finding; declared nullable, but the profile measured no nulls in 41248 rows; a null arriving later becomes a load failure rather than a silent default
           source                 text                         -> Nullable(LowCardinality(String))
    narrow cleared                boolean                      -> Bool
           direct; declared nullable, but the profile measured no nulls in 41248 rows; a null arriving later becomes a load failure rather than a silent default
           memo                   text                         -> Nullable(LowCardinality(String))
           invoice_id             integer                      -> Nullable(Int32)
           approved               boolean                      -> Bool
           deprecated-voucher_id  integer                      -> Nullable(Int32)
           entry_id               integer                      -> Int32
    narrow amount_bc              numeric                      -> Decimal128(22)
           unconstrained numeric; the measured data uses precision 28 scale 22, so this holds every value seen — and only those; source column is NOT NULL
    narrow amount_tc              numeric                      -> Decimal64(2)
           unconstrained numeric; the measured data uses precision 7 scale 2, so this holds every value seen — and only those; source column is NOT NULL
    LOSSY curr                   character(3)                 -> String
           PostgreSQL pads char(n) and ClickHouse does not; the padding is a real difference; source column is NOT NULL
           open_item_id           integer                      -> Nullable(Int32)
           additional_data        jsonb                        -> Nullable(String)
           stored as text; ClickHouse's JSON type is version-dependent and validated at V2 only; source column is nullable
  1 lossy mapping(s) need an R3 approval before this design is used.

public.account
  engine   : MergeTree
             no updates or deletes recorded against the source, so the table is append-only
  order by : accno
             no query-shape evidence available for this table, so this is the primary key rather than a derivation. Populate pg_stat_statements, or compile the application's queries, and re-map before relying on it.
  columns  :
           id                     integer                      -> Int32
           accno                  text                         -> String
    narrow description            text                         -> String
           direct; declared nullable, but the profile measured no nulls in 66 rows; a null arriving later becomes a load failure rather than a silent default
           is_temp                boolean                      -> Bool
    LOSSY category               character(1)                 -> String
           PostgreSQL pads char(n) and ClickHouse does not; the padding is a real difference; source column is NOT NULL
           gifi_accno             text                         -> Nullable(String)
           heading                integer                      -> Int32
           contra                 boolean                      -> Bool
           tax                    boolean                      -> Bool
           obsolete               boolean                      -> Bool
           heading_negative_balance integer                      -> Nullable(Int32)
           custom_attributes      jsonb                        -> Nullable(String)
           stored as text; ClickHouse's JSON type is version-dependent and validated at V2 only; source column is nullable
           open_item_managed      boolean                      -> Bool
  1 lossy mapping(s) need an R3 approval before this design is used.

public.account_checkpoint
  engine   : MergeTree
             no updates or deletes recorded against the source, so the table is append-only
  order by : end_date, account_id, curr
             no query-shape evidence available for this table, so this is the primary key rather than a derivation. Populate pg_stat_statements, or compile the application's queries, and re-map before relying on it.
  columns  :
           end_date               date                         -> Date32
           account_id             integer                      -> Int32
           id                     integer                      -> Int32
    LOSSY debits                 numeric                      -> Nullable(Decimal128(4))
           unconstrained numeric with no profile. Nothing here is a measurement; run `ekos migrate profile --tier p1` and re-map rather than accepting this default; source column is nullable
    LOSSY credits                numeric                      -> Nullable(Decimal128(4))
           unconstrained numeric with no profile. Nothing here is a measurement; run `ekos migrate profile --tier p1` and re-map rather than accepting this default; source column is nullable
    LOSSY amount_bc              numeric                      -> Decimal128(4)
           unconstrained numeric with no profile. Nothing here is a measurement; run `ekos migrate profile --tier p1` and re-map rather than accepting this default; source column is NOT NULL
    LOSSY amount_tc              numeric                      -> Decimal128(4)
           unconstrained numeric with no profile. Nothing here is a measurement; run `ekos migrate profile --tier p1` and re-map rather than accepting this default; source column is NOT NULL
    LOSSY curr                   character(3)                 -> String
           PostgreSQL pads char(n) and ClickHouse does not; the padding is a real difference; source column is NOT NULL
  5 lossy mapping(s) need an R3 approval before this design is used.

public.account_heading
  engine   : MergeTree
             no updates or deletes recorded against the source, so the table is append-only
  order by : accno
             no query-shape evidence available for this table, so this is the primary key rather than a derivation. Populate pg_stat_statements, or compile the application's queries, and re-map before relying on it.
  columns  :
           id                     integer                      -> Int32
           accno                  text                         -> String
           parent_id              integer                      -> Nullable(Int32)
    narrow description            text                         -> String
           direct; declared nullable, but the profile measured no nulls in 12 rows; a null arriving later becomes a load failure rather than a silent default
    LOSSY category               character(1)                 -> Nullable(String)
           PostgreSQL pads char(n) and ClickHouse does not; the padding is a real difference; source column is nullable
  1 lossy mapping(s) need an R3 approval before this design is used.

public.account_heading_translation
  engine   : MergeTree
             no updates or deletes recorded against the source, so the table is append-only
  order by : trans_id, language_code
             no query-shape evidence available for this table, so this is the primary key rather than a derivation. Populate pg_stat_statements, or compile the application's queries, and re-map before relying on it.
  columns  :
           trans_id               integer                      -> Int32
           language_code          character varying(6)         -> String
           description            text                         -> Nullable(String)

public.account_link
  engine   : MergeTree
             no updates or deletes recorded against the source, so the table is append-only
  order by : account_id, description
             no query-shape evidence available for this table, so this is the primary key rather than a derivation. Populate pg_stat_statements, or compile the application's queries, and re-map before relying on it.
  columns  :
           account_id             integer                      -> Int32
           description            text                         -> String

public.account_link_description
  engine   : MergeTree
             no updates or deletes recorded against the source, so the table is append-only
  order by : description
             no query-shape evidence available for this table, so this is the primary key rather than a derivation. Populate pg_stat_statements, or compile the application's queries, and re-map before relying on it.
  columns  :
           description            text                         -> String
           summary                boolean                      -> Bool
           custom                 boolean                      -> Bool

public.account_translation
  engine   : MergeTree
             no updates or deletes recorded against the source, so the table is append-only
  order by : trans_id, language_code
             no query-shape evidence available for this table, so this is the primary key rather than a derivation. Populate pg_stat_statements, or compile the application's queries, and re-map before relying on it.
  columns  :
           trans_id               integer                      -> Int32
           language_code          character varying(6)         -> String
           description            text                         -> Nullable(String)

public.ap
  engine   : MergeTree
             no updates or deletes recorded against the source, so the table is append-only
  order by : trans_id
             no query-shape evidence available for this table, so this is the primary key rather than a derivation. Populate pg_stat_statements, or compile the application's queries, and re-map before relying on it.
  columns  :
           trans_id               integer                      -> Int32
    narrow invnumber              text                         -> String
           direct; declared nullable, but the profile measured no nulls in 223 rows; a null arriving later becomes a load failure rather than a silent default
    narrow taxincluded            boolean                      -> Bool
           direct; declared nullable, but the profile measured no nulls in 223 rows; a null arriving later becomes a load failure rather than a silent default
    narrow duedate                date                         -> Date32
           Date32 covers 1900-2299; dates before 1900 are a COMPAT.CH.DATE_BEFORE_1900 finding; declared nullable, but the profile measured no nulls in 223 rows; a null arriving later becomes a load failure rather than a silent default
    narrow invoice                boolean                      -> Bool
           direct; declared nullable, but the profile measured no nulls in 223 rows; a null arriving later becomes a load failure rather than a silent default
           ordnumber              text                         -> Nullable(String)
    LOSSY curr                   character(3)                 -> String
           PostgreSQL pads char(n) and ClickHouse does not; the padding is a real difference; declared nullable, but the profile measured no nulls in 223 rows; a null arriving later becomes a load failure rather than a silent default
           notes                  text                         -> Nullable(String)
           person_id              integer                      -> Nullable(Int32)
           quonumber              text                         -> Nullable(String)
           shipvia                text                         -> Nullable(String)
           language_code          character varying(6)         -> Nullable(String)
           ponumber               text                         -> Nullable(String)
           shippingpoint          text                         -> Nullable(String)
    narrow on_hold                boolean                      -> Bool
           direct; declared nullable, but the profile measured no nulls in 223 rows; a null arriving later becomes a load failure rather than a silent default
    narrow reverse                boolean                      -> Bool
           direct; declared nullable, but the profile measured no nulls in 223 rows; a null arriving later becomes a load failure rather than a silent default
    narrow terms                  smallint                     -> Int16
           direct; declared nullable, but the profile measured no nulls in 223 rows; a null arriving later becomes a load failure rather than a silent default
           force_closed           boolean                      -> Nullable(Bool)
    narrow crdate                 date                         -> Date32
           Date32 covers 1900-2299; dates before 1900 are a COMPAT.CH.DATE_BEFORE_1900 finding; declared nullable, but the profile measured no nulls in 223 rows; a null arriving later becomes a load failure rather than a silent default
    narrow is_return              boolean                      -> Bool
           direct; declared nullable, but the profile measured no nulls in 223 rows; a null arriving later becomes a load failure rather than a silent default
           entity_credit_account  integer                      -> Int32
    narrow amount_bc              numeric                      -> Decimal64(2)
           unconstrained numeric; the measured data uses precision 8 scale 2, so this holds every value seen — and only those; declared nullable, but the profile measured no nulls in 223 rows; a null arriving later becomes a load failure rather than a silent default
    LOSSY amount_tc              numeric                      -> Decimal128(4)
           unconstrained numeric with no profile. Nothing here is a measurement; run `ekos migrate profile --tier p1` and re-map rather than accepting this default; declared nullable, but the profile measured no nulls in 223 rows; a null arriving later becomes a load failure rather than a silent default
    narrow netamount_bc           numeric                      -> Decimal64(2)
           unconstrained numeric; the measured data uses precision 8 scale 2, so this holds every value seen — and only those; declared nullable, but the profile measured no nulls in 223 rows; a null arriving later becomes a load failure rather than a silent default
    narrow netamount_tc           numeric                      -> Decimal64(2)
           unconstrained numeric; the measured data uses precision 8 scale 2, so this holds every value seen — and only those; declared nullable, but the profile measured no nulls in 223 rows; a null arriving later becomes a load failure rather than a silent default
           shipto                 integer                      -> Nullable(Int32)
           shipto_attn            text                         -> Nullable(String)
           open_item_id           integer                      -> Int32
  2 lossy mapping(s) need an R3 approval before this design is used.

public.ar
  engine   : MergeTree
             no updates or deletes recorded against the source, so the table is append-only
  order by : trans_id
             no query-shape evidence available for this table, so this is the primary key rather than a derivation. Populate pg_stat_statements, or compile the application's queries, and re-map before relying on it.
  columns  :
           trans_id               integer                      -> Int32
    narrow invnumber              text                         -> String
           direct; declared nullable, but the profile measured no nulls in 3238 rows; a null arriving later becomes a load failure rather than a silent default
    narrow taxincluded            boolean                      -> Bool
           direct; declared nullable, but the profile measured no nulls in 3238 rows; a null arriving later becomes a load failure rather than a silent default
    narrow duedate                date                         -> Date32
           Date32 covers 1900-2299; dates before 1900 are a COMPAT.CH.DATE_BEFORE_1900 finding; declared nullable, but the profile measured no nulls in 3238 rows; a null arriving later becomes a load failure rather than a silent default
    narrow invoice                boolean                      -> Bool
           direct; declared nullable, but the profile measured no nulls in 3238 rows; a null arriving later becomes a load failure rather than a silent default
           shippingpoint          text                         -> Nullable(String)
    narrow terms                  smallint                     -> Int16
           direct; declared nullable, but the profile measured no nulls in 3238 rows; a null arriving later becomes a load failure rather than a silent default
           notes                  text                         -> Nullable(String)
    LOSSY curr                   character(3)                 -> String
           PostgreSQL pads char(n) and ClickHouse does not; the padding is a real difference; declared nullable, but the profile measured no nulls in 3238 rows; a null arriving later becomes a load failure rather than a silent default
           ordnumber              text                         -> Nullable(String)
           person_id              integer                      -> Nullable(Int32)
           quonumber              text                         -> Nullable(String)
           shipvia                text                         -> Nullable(String)
           language_code          character varying(6)         -> Nullable(String)
           ponumber               text                         -> Nullable(String)
    narrow on_hold                boolean                      -> Bool
           direct; declared nullable, but the profile measured no nulls in 3238 rows; a null arriving later becomes a load failure rather than a silent default
    narrow reverse                boolean                      -> Bool
           direct; declared nullable, but the profile measured no nulls in 3238 rows; a null arriving later becomes a load failure rather than a silent default
           entity_credit_account  integer                      -> Int32
           force_closed           boolean                      -> Nullable(Bool)
    narrow is_return              boolean                      -> Bool
           direct; declared nullable, but the profile measured no nulls in 3238 rows; a null arriving later becomes a load failure rather than a silent default
    narrow crdate                 date                         -> Date32
           Date32 covers 1900-2299; dates before 1900 are a COMPAT.CH.DATE_BEFORE_1900 finding; declared nullable, but the profile measured no nulls in 3238 rows; a null arriving later becomes a load failure rather than a silent default
           setting_sequence       text                         -> Nullable(String)
    narrow amount_bc              numeric                      -> Decimal64(2)
           unconstrained numeric; the measured data uses precision 6 scale 2, so this holds every value seen — and only those; declared nullable, but the profile measured no nulls in 3238 rows; a null arriving later becomes a load failure rather than a silent default
    narrow amount_tc              numeric                      -> Decimal64(2)
           unconstrained numeric; the measured data uses precision 6 scale 2, so this holds every value seen — and only those; declared nullable, but the profile measured no nulls in 3238 rows; a null arriving later becomes a load failure rather than a silent default
    narrow netamount_bc           numeric                      -> Decimal64(2)
           unconstrained numeric; the measured data uses precision 6 scale 2, so this holds every value seen — and only those; declared nullable, but the profile measured no nulls in 3238 rows; a null arriving later becomes a load failure rather than a silent default
    narrow netamount_tc           numeric                      -> Decimal64(2)
           unconstrained numeric; the measured data uses precision 6 scale 2, so this holds every value seen — and only those; declared nullable, but the profile measured no nulls in 3238 rows; a null arriving later becomes a load failure rather than a silent default
           shipto                 integer                      -> Nullable(Int32)
           shipto_attn            text                         -> Nullable(String)
           open_item_id           integer                      -> Int32
  1 lossy mapping(s) need an R3 approval before this design is used.

public.assembly
  engine   : MergeTree
             no updates or deletes recorded against the source, so the table is append-only
  order by : id, parts_id
             no query-shape evidence available for this table, so this is the primary key rather than a derivation. Populate pg_stat_statements, or compile the application's queries, and re-map before relying on it.
  columns  :
           id                     integer                      -> Int32
           parts_id               integer                      -> Int32
    LOSSY qty                    numeric                      -> Nullable(Decimal128(4))
           unconstrained numeric with no profile. Nothing here is a measurement; run `ekos migrate profile --tier p1` and re-map rather than accepting this default; source column is nullable
           bom                    boolean                      -> Nullable(Bool)
           adj                    boolean                      -> Nullable(Bool)
  1 lossy mapping(s) need an R3 approval before this design is used.

public.asset_class
  engine   : MergeTree
             no updates or deletes recorded against the source, so the table is append-only
  order by : label
             no query-shape evidence available for this table, so this is the primary key rather than a derivation. Populate pg_stat_statements, or compile the application's queries, and re-map before relying on it.
  columns  :
           id                     integer                      -> Int32
           label                  text                         -> String
           asset_account_id       integer                      -> Nullable(Int32)
           dep_account_id         integer                      -> Nullable(Int32)
           method                 integer                      -> Nullable(Int32)

public.asset_dep_method
  engine   : MergeTree
             no updates or deletes recorded against the source, so the table is append-only
  order by : method
             no query-shape evidence available for this table, so this is the primary key rather than a derivation. Populate pg_stat_statements, or compile the application's queries, and re-map before relying on it.
  columns  :
           id                     integer                      -> Int32
           method                 text                         -> String
           sproc                  text                         -> String
           unit_label             text                         -> String
           short_name             text                         -> String
           unit_class             integer                      -> Int32

public.asset_disposal_method
  engine   : MergeTree
             no updates or deletes recorded against the source, so the table is append-only
  order by : label
             no query-shape evidence available for this table, so this is the primary key rather than a derivation. Populate pg_stat_statements, or compile the application's queries, and re-map before relying on it.
  columns  :
           label                  text                         -> String
           id                     integer                      -> Int32
    narrow multiple               integer                      -> Int32
           direct; declared nullable, but the profile measured no nulls in 2 rows; a null arriving later becomes a load failure rather than a silent default
    LOSSY short_label            character(1)                 -> String
           PostgreSQL pads char(n) and ClickHouse does not; the padding is a real difference; declared nullable, but the profile measured no nulls in 2 rows; a null arriving later becomes a load failure rather than a silent default
  1 lossy mapping(s) need an R3 approval before this design is used.

public.asset_item
  engine   : MergeTree
             no updates or deletes recorded against the source, so the table is append-only
  order by : id
             no query-shape evidence available for this table, so this is the primary key rather than a derivation. Populate pg_stat_statements, or compile the application's queries, and re-map before relying on it.
  columns  :
           id                     integer                      -> Int32
           description            text                         -> Nullable(String)
           tag                    text                         -> String
    LOSSY purchase_value         numeric                      -> Decimal128(4)
           unconstrained numeric with no profile. Nothing here is a measurement; run `ekos migrate profile --tier p1` and re-map rather than accepting this default; source column is NOT NULL
    LOSSY salvage_value          numeric                      -> Decimal128(4)
           unconstrained numeric with no profile. Nothing here is a measurement; run `ekos migrate profile --tier p1` and re-map rather than accepting this default; source column is NOT NULL
    LOSSY usable_life            numeric                      -> Decimal128(4)
           unconstrained numeric with no profile. Nothing here is a measurement; run `ekos migrate profile --tier p1` and re-map rather than accepting this default; source column is NOT NULL
           purchase_date          date                         -> Date32
           start_depreciation     date                         -> Date32
           location_id            integer                      -> Nullable(Int32)
           department_id          integer                      -> Nullable(Int32)
           invoice_id             integer                      -> Nullable(Int32)
           asset_account_id       integer                      -> Nullable(Int32)
           dep_account_id         integer                      -> Nullable(Int32)
           exp_account_id         integer                      -> Nullable(Int32)
           obsolete_by            integer                      -> Nullable(Int32)
           asset_class_id         integer                      -> Nullable(Int32)
           custom_attributes      jsonb                        -> Nullable(String)
           stored as text; ClickHouse's JSON type is version-dependent and validated at V2 only; source column is nullable
  3 lossy mapping(s) need an R3 approval before this design is used.

public.asset_note
  engine   : MergeTree
             no updates or deletes recorded against the source, so the table is append-only
  order by : 
             no query-shape evidence available for this table, so this is the primary key rather than a derivation. Populate pg_stat_statements, or compile the application's queries, and re-map before relying on it.
  columns  :
           id                     integer                      -> Int32
           note_class             integer                      -> Int32
           note                   text                         -> String
    LOSSY vector                 tsvector                     -> String
           no mapping rule for this type; String preserves the text form but loses the semantics; source column is NOT NULL
           created                timestamp without time zone  -> DateTime64(6)
           created_by             text                         -> Nullable(String)
           ref_key                integer                      -> Int32
           subject                text                         -> Nullable(String)
  1 lossy mapping(s) need an R3 approval before this design is used.
  NEEDS A DECISION: public.asset_note has no primary key and no observed filter predicates, so there is nothing to order by. ClickHouse requires an ORDER BY; choose one before generating DDL.
  DDL not emitted: public.asset_note has no ORDER BY. ClickHouse requires one, and choosing it is a design decision (RFC 0159) rather than something the emitter may invent.

public.asset_report
  engine   : MergeTree
             no updates or deletes recorded against the source, so the table is append-only
  order by : id
             no query-shape evidence available for this table, so this is the primary key rather than a derivation. Populate pg_stat_statements, or compile the application's queries, and re-map before relying on it.
  columns  :
           id                     integer                      -> Int32
           report_date            date                         -> Nullable(Date32)
           asset_class            bigint                       -> Nullable(Int64)
           report_class           integer                      -> Nullable(Int32)
           entered_by             bigint                       -> Int64
           approved_by            bigint                       -> Nullable(Int64)
           entered_at             timestamp without time zone  -> Nullable(DateTime64(6))
           approved_at            timestamp without time zone  -> Nullable(DateTime64(6))
    LOSSY depreciated_qty        numeric                      -> Nullable(Decimal128(4))
           unconstrained numeric with no profile. Nothing here is a measurement; run `ekos migrate profile --tier p1` and re-map rather than accepting this default; source column is nullable
           dont_approve           boolean                      -> Nullable(Bool)
           submitted              boolean                      -> Bool
           trans_id               integer                      -> Nullable(Int32)
  1 lossy mapping(s) need an R3 approval before this design is used.

public.asset_report_class
  engine   : MergeTree
             no updates or deletes recorded against the source, so the table is append-only
  order by : class
             no query-shape evidence available for this table, so this is the primary key rather than a derivation. Populate pg_stat_statements, or compile the application's queries, and re-map before relying on it.
  columns  :
           id                     integer                      -> Int32
           class                  text                         -> String

public.asset_report_line
  engine   : MergeTree
             no updates or deletes recorded against the source, so the table is append-only
  order by : asset_id, report_id
             no query-shape evidence available for this table, so this is the primary key rather than a derivation. Populate pg_stat_statements, or compile the application's queries, and re-map before relying on it.
  columns  :
           asset_id               bigint                       -> Int64
           report_id              bigint                       -> Int64
    LOSSY amount                 numeric                      -> Nullable(Decimal128(4))
           unconstrained numeric with no profile. Nothing here is a measurement; run `ekos migrate profile --tier p1` and re-map rather than accepting this default; source column is nullable
           department_id          integer                      -> Nullable(Int32)
           warehouse_id           integer                      -> Nullable(Int32)
  1 lossy mapping(s) need an R3 approval before this design is used.

public.asset_rl_to_disposal_method
  engine   : MergeTree
             no updates or deletes recorded against the source, so the table is append-only
  order by : report_id, asset_id, disposal_method_id
             no query-shape evidence available for this table, so this is the primary key rather than a derivation. Populate pg_stat_statements, or compile the application's queries, and re-map before relying on it.
  columns  :
           report_id              integer                      -> Int32
           asset_id               integer                      -> Int32
           disposal_method_id     integer                      -> Int32
    LOSSY percent_disposed       numeric                      -> Nullable(Decimal128(4))
           unconstrained numeric with no profile. Nothing here is a measurement; run `ekos migrate profile --tier p1` and re-map rather than accepting this default; source column is nullable
  1 lossy mapping(s) need an R3 approval before this design is used.

public.asset_unit_class
  engine   : MergeTree
             no updates or deletes recorded against the source, so the table is append-only
  order by : class
             no query-shape evidence available for this table, so this is the primary key rather than a derivation. Populate pg_stat_statements, or compile the application's queries, and re-map before relying on it.
  columns  :
           id                     integer                      -> Int32
           class                  text                         -> String

public.audittrail
  engine   : MergeTree
             no updates or deletes recorded against the source, so the table is append-only
  order by : entry_id
             no query-shape evidence available for this table, so this is the primary key rather than a derivation. Populate pg_stat_statements, or compile the application's queries, and re-map before relying on it.
  columns  :
    narrow trans_id               integer                      -> Int32
           direct; declared nullable, but the profile measured no nulls in 3577 rows; a null arriving later becomes a load failure rather than a silent default
    narrow tablename              text                         -> LowCardinality(String)
           the profile measured about 3 distinct values in 3577 rows, comfortably inside LowCardinality's useful range; declared nullable, but the profile measured no nulls in 3577 rows; a null arriving later becomes a load failure rather than a silent default
    narrow reference              text                         -> String
           direct; declared nullable, but the profile measured no nulls in 3577 rows; a null arriving later becomes a load failure rather than a silent default
           formname               text                         -> Nullable(String)
    narrow action                 text                         -> LowCardinality(String)
           the profile measured about 1 distinct values in 3577 rows, comfortably inside LowCardinality's useful range; declared nullable, but the profile measured no nulls in 3577 rows; a null arriving later becomes a load failure rather than a silent default
    narrow transdate              timestamp without time zone  -> DateTime64(6)
           no zone applied: a no-TZ column is a wall-clock reading; declared nullable, but the profile measured no nulls in 3577 rows; a null arriving later becomes a load failure rather than a silent default
           person_id              integer                      -> Nullable(Int32)
           entry_id               bigint                       -> Int64
           rolname                text                         -> LowCardinality(String)

public.batch
  engine   : MergeTree
             no updates or deletes recorded against the source, so the table is append-only
  order by : id
             no query-shape evidence available for this table, so this is the primary key rather than a derivation. Populate pg_stat_statements, or compile the application's queries, and re-map before relying on it.
  columns  :
           id                     integer                      -> Int32
           batch_class_id         integer                      -> Int32
           control_code           text                         -> String
           description            text                         -> Nullable(String)
           default_date           date                         -> Date32
           approved_on            date                         -> Nullable(Date32)
           approved_by            integer                      -> Nullable(Int32)
           created_by             integer                      -> Nullable(Int32)
           locked_by              integer                      -> Nullable(Int32)
           created_on             date                         -> Nullable(Date32)

public.batch_class
  engine   : MergeTree
             no updates or deletes recorded against the source, so the table is append-only
  order by : class
             no query-shape evidence available for this table, so this is the primary key rather than a derivation. Populate pg_stat_statements, or compile the application's queries, and re-map before relying on it.
  columns  :
           id                     integer                      -> Int32
           class                  character varying            -> String

public.bu_class_to_module
  engine   : MergeTree
             no updates or deletes recorded against the source, so the table is append-only
  order by : bu_class_id, module_id
             no query-shape evidence available for this table, so this is the primary key rather than a derivation. Populate pg_stat_statements, or compile the application's queries, and re-map before relying on it.
  columns  :
           bu_class_id            integer                      -> Int32
           module_id              integer                      -> Int32

public.budget_info
  engine   : MergeTree
             no updates or deletes recorded against the source, so the table is append-only
  order by : reference
             no query-shape evidence available for this table, so this is the primary key rather than a derivation. Populate pg_stat_statements, or compile the application's queries, and re-map before relying on it.
  columns  :
           id                     integer                      -> Int32
           start_date             date                         -> Date32
           end_date               date                         -> Date32
           reference              text                         -> String
           description            text                         -> String
           entered_by             integer                      -> Int32
           approved_by            integer                      -> Nullable(Int32)
           obsolete_by            integer                      -> Nullable(Int32)
           entered_at             timestamp without time zone  -> DateTime64(6)
           approved_at            timestamp without time zone  -> Nullable(DateTime64(6))
           obsolete_at            timestamp without time zone  -> Nullable(DateTime64(6))

public.budget_line
  engine   : MergeTree
             no updates or deletes recorded against the source, so the table is append-only
  order by : budget_id, account_id
             no query-shape evidence available for this table, so this is the primary key rather than a derivation. Populate pg_stat_statements, or compile the application's queries, and re-map before relying on it.
  columns  :
           budget_id              integer                      -> Int32
           account_id             integer                      -> Int32
           description            text                         -> Nullable(String)
    LOSSY amount                 numeric                      -> Decimal128(4)
           unconstrained numeric with no profile. Nothing here is a measurement; run `ekos migrate profile --tier p1` and re-map rather than accepting this default; source column is NOT NULL
    LOSSY amount_tc              numeric                      -> Decimal128(4)
           unconstrained numeric with no profile. Nothing here is a measurement; run `ekos migrate profile --tier p1` and re-map rather than accepting this default; source column is NOT NULL
    LOSSY curr                   character(3)                 -> String
           PostgreSQL pads char(n) and ClickHouse does not; the padding is a real difference; source column is NOT NULL
  3 lossy mapping(s) need an R3 approval before this design is used.

public.budget_note
  engine   : MergeTree
             no updates or deletes recorded against the source, so the table is append-only
  order by : id
             no query-shape evidence available for this table, so this is the primary key rather than a derivation. Populate pg_stat_statements, or compile the application's queries, and re-map before relying on it.
  columns  :
           id                     integer                      -> Int32
           note_class             integer                      -> Int32
           note                   text                         -> String
    LOSSY vector                 tsvector                     -> String
           no mapping rule for this type; String preserves the text form but loses the semantics; source column is NOT NULL
           created                timestamp without time zone  -> DateTime64(6)
           created_by             text                         -> Nullable(String)
           ref_key                integer                      -> Int32
           subject                text                         -> Nullable(String)
  1 lossy mapping(s) need an R3 approval before this design is used.

public.budget_to_business_unit
  engine   : MergeTree
             no updates or deletes recorded against the source, so the table is append-only
  order by : budget_id, bu_class
             no query-shape evidence available for this table, so this is the primary key rather than a derivation. Populate pg_stat_statements, or compile the application's queries, and re-map before relying on it.
  columns  :
           budget_id              integer                      -> Int32
           bu_id                  integer                      -> Int32
           bu_class               integer                      -> Int32

public.business
  engine   : MergeTree
             no updates or deletes recorded against the source, so the table is append-only
  order by : id
             no query-shape evidence available for this table, so this is the primary key rather than a derivation. Populate pg_stat_statements, or compile the application's queries, and re-map before relying on it.
  columns  :
           id                     integer                      -> Int32
    narrow description            text                         -> String
           direct; declared nullable, but the profile measured no nulls in 4 rows; a null arriving later becomes a load failure rather than a silent default
    narrow discount               numeric                      -> Decimal64(0)
           unconstrained numeric; the measured data uses precision 1 scale 0, so this holds every value seen — and only those; declared nullable, but the profile measured no nulls in 4 rows; a null arriving later becomes a load failure rather than a silent default
           last_updated           timestamp without time zone  -> DateTime64(6)

public.business_unit
  engine   : MergeTree
             no updates or deletes recorded against the source, so the table is append-only
  order by : id
             no query-shape evidence available for this table, so this is the primary key rather than a derivation. Populate pg_stat_statements, or compile the application's queries, and re-map before relying on it.
  columns  :
           id                     integer                      -> Int32
           class_id               integer                      -> Int32
    narrow control_code           text                         -> String
           direct; declared nullable, but the profile measured no nulls in 85 rows; a null arriving later becomes a load failure rather than a silent default
    narrow description            text                         -> String
           direct; declared nullable, but the profile measured no nulls in 85 rows; a null arriving later becomes a load failure rather than a silent default
           start_date             date                         -> Nullable(Date32)
           end_date               date                         -> Nullable(Date32)
           parent_id              integer                      -> Nullable(Int32)
    narrow credit_id              integer                      -> Int32
           direct; declared nullable, but the profile measured no nulls in 85 rows; a null arriving later becomes a load failure rather than a silent default

public.business_unit_ac
  engine   : MergeTree
             no updates or deletes recorded against the source, so the table is append-only
  order by : entry_id, class_id
             no query-shape evidence available for this table, so this is the primary key rather than a derivation. Populate pg_stat_statements, or compile the application's queries, and re-map before relying on it.
  columns  :
           entry_id               integer                      -> Int32
           class_id               integer                      -> Int32
           bu_id                  integer                      -> Int32

public.business_unit_class
  engine   : MergeTree
             no updates or deletes recorded against the source, so the table is append-only
  order by : label
             no query-shape evidence available for this table, so this is the primary key rather than a derivation. Populate pg_stat_statements, or compile the application's queries, and re-map before relying on it.
  columns  :
           id                     integer                      -> Int32
           label                  text                         -> String
           active                 boolean                      -> Bool
    narrow ordering               integer                      -> Int32
           direct; declared nullable, but the profile measured no nulls in 7 rows; a null arriving later becomes a load failure rather than a silent default

public.business_unit_inv
  engine   : MergeTree
             no updates or deletes recorded against the source, so the table is append-only
  order by : entry_id, class_id
             no query-shape evidence available for this table, so this is the primary key rather than a derivation. Populate pg_stat_statements, or compile the application's queries, and re-map before relying on it.
  columns  :
           entry_id               integer                      -> Int32
           class_id               integer                      -> Int32
           bu_id                  integer                      -> Int32

public.business_unit_jl
  engine   : MergeTree
             no updates or deletes recorded against the source, so the table is append-only
  order by : entry_id, bu_class
             no query-shape evidence available for this table, so this is the primary key rather than a derivation. Populate pg_stat_statements, or compile the application's queries, and re-map before relying on it.
  columns  :
           entry_id               integer                      -> Int32
           bu_class               integer                      -> Int32
           bu_id                  integer                      -> Int32

public.business_unit_oitem
  engine   : MergeTree
             no updates or deletes recorded against the source, so the table is append-only
  order by : entry_id, class_id
             no query-shape evidence available for this table, so this is the primary key rather than a derivation. Populate pg_stat_statements, or compile the application's queries, and re-map before relying on it.
  columns  :
           entry_id               integer                      -> Int32
           class_id               integer                      -> Int32
           bu_id                  integer                      -> Int32

public.business_unit_translation
  engine   : MergeTree
             no updates or deletes recorded against the source, so the table is append-only
  order by : trans_id, language_code
             no query-shape evidence available for this table, so this is the primary key rather than a derivation. Populate pg_stat_statements, or compile the application's queries, and re-map before relying on it.
  columns  :
           trans_id               integer                      -> Int32
           language_code          character varying(6)         -> String
           description            text                         -> Nullable(String)

public.company
  engine   : MergeTree
             no updates or deletes recorded against the source, so the table is append-only
  order by : entity_id, legal_name
             no query-shape evidence available for this table, so this is the primary key rather than a derivation. Populate pg_stat_statements, or compile the application's queries, and re-map before relying on it.
  columns  :
           id                     integer                      -> Int32
           entity_id              integer                      -> Int32
           legal_name             text                         -> String
    narrow tax_id                 text                         -> String
           direct; declared nullable, but the profile measured no nulls in 85 rows; a null arriving later becomes a load failure rather than a silent default
           sales_tax_id           text                         -> Nullable(String)
           license_number         text                         -> Nullable(String)
           sic_code               character varying            -> Nullable(String)
           created                date                         -> Date32

public.contact_class
  engine   : MergeTree
             no updates or deletes recorded against the source, so the table is append-only
  order by : class
             no query-shape evidence available for this table, so this is the primary key rather than a derivation. Populate pg_stat_statements, or compile the application's queries, and re-map before relying on it.
  columns  :
           id                     integer                      -> Int32
           class                  text                         -> String

public.country
  engine   : MergeTree
             no updates or deletes recorded against the source, so the table is append-only
  order by : id
             no query-shape evidence available for this table, so this is the primary key rather than a derivation. Populate pg_stat_statements, or compile the application's queries, and re-map before relying on it.
  columns  :
           id                     integer                      -> Int32
           name                   text                         -> String
           short_name             text                         -> String
           itu                    text                         -> Nullable(String)
           last_updated           timestamp without time zone  -> DateTime64(6)

public.country_tax_form
  engine   : MergeTree
             no updates or deletes recorded against the source, so the table is append-only
  order by : country_id, form_name
             no query-shape evidence available for this table, so this is the primary key rather than a derivation. Populate pg_stat_statements, or compile the application's queries, and re-map before relying on it.
  columns  :
           country_id             integer                      -> Int32
           form_name              text                         -> String
           id                     integer                      -> Int32
           default_reportable     boolean                      -> Bool
           is_accrual             boolean                      -> Bool

public.cr_coa_to_account
  engine   : MergeTree
             no updates or deletes recorded against the source, so the table is append-only
  order by : chart_id
             no query-shape evidence available for this table, so this is the primary key rather than a derivation. Populate pg_stat_statements, or compile the application's queries, and re-map before relying on it.
  columns  :
           chart_id               integer                      -> Int32
           account                text                         -> String

public.cr_report
  engine   : MergeTree
             no updates or deletes recorded against the source, so the table is append-only
  order by : id
             no query-shape evidence available for this table, so this is the primary key rather than a derivation. Populate pg_stat_statements, or compile the application's queries, and re-map before relying on it.
  columns  :
           id                     bigint                       -> Int64
           chart_id               integer                      -> Int32
    LOSSY their_total            numeric                      -> Decimal128(4)
           unconstrained numeric with no profile. Nothing here is a measurement; run `ekos migrate profile --tier p1` and re-map rather than accepting this default; source column is NOT NULL
           approved               boolean                      -> Bool
           submitted              boolean                      -> Bool
           end_date               date                         -> Date32
           updated                timestamp without time zone  -> DateTime64(6)
           entered_by             integer                      -> Int32
           entered_username       text                         -> String
           deleted                boolean                      -> Bool
           deleted_by             integer                      -> Nullable(Int32)
           approved_by            integer                      -> Nullable(Int32)
           approved_username      text                         -> Nullable(String)
           recon_fx               boolean                      -> Nullable(Bool)
           workflow_id            bigint                       -> Int64
  1 lossy mapping(s) need an R3 approval before this design is used.

public.cr_report_line
  engine   : MergeTree
             no updates or deletes recorded against the source, so the table is append-only
  order by : id
             no query-shape evidence available for this table, so this is the primary key rather than a derivation. Populate pg_stat_statements, or compile the application's queries, and re-map before relying on it.
  columns  :
           id                     bigint                       -> Int64
           report_id              integer                      -> Int32
           scn                    text                         -> Nullable(String)
    LOSSY their_balance          numeric                      -> Nullable(Decimal128(4))
           unconstrained numeric with no profile. Nothing here is a measurement; run `ekos migrate profile --tier p1` and re-map rather than accepting this default; source column is nullable
    LOSSY our_balance            numeric                      -> Nullable(Decimal128(4))
           unconstrained numeric with no profile. Nothing here is a measurement; run `ekos migrate profile --tier p1` and re-map rather than accepting this default; source column is nullable
           user                   integer                      -> Int32
           clear_time             date                         -> Nullable(Date32)
           insert_time            timestamp with time zone     -> DateTime64(6, 'UTC')
           trans_type             text                         -> Nullable(String)
           post_date              date                         -> Nullable(Date32)
           cleared                boolean                      -> Bool
  2 lossy mapping(s) need an R3 approval before this design is used.

public.cr_report_line_links
  engine   : MergeTree
             no updates or deletes recorded against the source, so the table is append-only
  order by : report_line_id, entry_id
             no query-shape evidence available for this table, so this is the primary key rather than a derivation. Populate pg_stat_statements, or compile the application's queries, and re-map before relying on it.
  columns  :
           report_line_id         integer                      -> Int32
           entry_id               integer                      -> Int32
           unique_exempt          boolean                      -> Bool
           cleared                boolean                      -> Bool

public.currency
  engine   : MergeTree
             no updates or deletes recorded against the source, so the table is append-only
  order by : curr
             no query-shape evidence available for this table, so this is the primary key rather than a derivation. Populate pg_stat_statements, or compile the application's queries, and re-map before relying on it.
  columns  :
    LOSSY curr                   character(3)                 -> String
           PostgreSQL pads char(n) and ClickHouse does not; the padding is a real difference; source column is NOT NULL
    narrow description            text                         -> String
           direct; declared nullable, but the profile measured no nulls in 1 rows; a null arriving later becomes a load failure rather than a silent default
  1 lossy mapping(s) need an R3 approval before this design is used.

public.custom_attribute_metadata
  engine   : MergeTree
             no updates or deletes recorded against the source, so the table is append-only
  order by : id
             no query-shape evidence available for this table, so this is the primary key rather than a derivation. Populate pg_stat_statements, or compile the application's queries, and re-map before relying on it.
  columns  :
           id                     uuid                         -> UUID
           name                   text                         -> String
           obsolete               date                         -> Nullable(Date32)
           type                   text                         -> String
           description            text                         -> Nullable(String)
           config                 jsonb                        -> String
           stored as text; ClickHouse's JSON type is version-dependent and validated at V2 only; source column is NOT NULL

public.defaults
  engine   : ReplacingMergeTree
             the source updates rows in place, but no column advances on update
  order by : setting_key
             no query-shape evidence available for this table, so this is the primary key rather than a derivation. Populate pg_stat_statements, or compile the application's queries, and re-map before relying on it.
  columns  :
           setting_key            text                         -> String
    narrow value                  text                         -> String
           direct; declared nullable, but the profile measured no nulls in 35 rows; a null arriving later becomes a load failure rather than a silent default
  NEEDS A DECISION: No version column: without one ClickHouse keeps an arbitrary row per key on merge. Inventing a now() would make the load non-deterministic and unvalidatable, so this needs a decision — add an updated_at to the source, or accept last-writer-wins by insertion order.

public.eca_invoice
  engine   : MergeTree
             no updates or deletes recorded against the source, so the table is append-only
  order by : journal_id
             no query-shape evidence available for this table, so this is the primary key rather than a derivation. Populate pg_stat_statements, or compile the application's queries, and re-map before relying on it.
  columns  :
           order_id               integer                      -> Nullable(Int32)
           journal_id             integer                      -> Int32
           on_hold                boolean                      -> Nullable(Bool)
           reverse                boolean                      -> Nullable(Bool)
           credit_id              integer                      -> Int32
           due                    date                         -> Date32
    LOSSY language_code          character(6)                 -> Nullable(String)
           PostgreSQL pads char(n) and ClickHouse does not; the padding is a real difference; source column is nullable
           force_closed           boolean                      -> Bool
           order_number           text                         -> Nullable(String)
  1 lossy mapping(s) need an R3 approval before this design is used.

public.eca_note
  engine   : MergeTree
             no updates or deletes recorded against the source, so the table is append-only
  order by : id
             no query-shape evidence available for this table, so this is the primary key rather than a derivation. Populate pg_stat_statements, or compile the application's queries, and re-map before relying on it.
  columns  :
           id                     integer                      -> Int32
           note_class             integer                      -> Int32
           note                   text                         -> String
    LOSSY vector                 tsvector                     -> String
           no mapping rule for this type; String preserves the text form but loses the semantics; source column is NOT NULL
           created                timestamp without time zone  -> DateTime64(6)
           created_by             text                         -> Nullable(String)
           ref_key                integer                      -> Int32
           subject                text                         -> Nullable(String)
  1 lossy mapping(s) need an R3 approval before this design is used.

public.eca_tax
  engine   : MergeTree
             no updates or deletes recorded against the source, so the table is append-only
  order by : eca_id, chart_id
             no query-shape evidence available for this table, so this is the primary key rather than a derivation. Populate pg_stat_statements, or compile the application's queries, and re-map before relying on it.
  columns  :
           eca_id                 integer                      -> Int32
           chart_id               integer                      -> Int32

public.eca_to_contact
  engine   : MergeTree
             no updates or deletes recorded against the source, so the table is append-only
  order by : credit_id, contact_class_id, contact
             no query-shape evidence available for this table, so this is the primary key rather than a derivation. Populate pg_stat_statements, or compile the application's queries, and re-map before relying on it.
  columns  :
           credit_id              integer                      -> Int32
           contact_class_id       integer                      -> Int32
           contact                text                         -> String
           description            text                         -> Nullable(String)

public.eca_to_location
  engine   : MergeTree
             no updates or deletes recorded against the source, so the table is append-only
  order by : location_id, location_class, credit_id
             no query-shape evidence available for this table, so this is the primary key rather than a derivation. Populate pg_stat_statements, or compile the application's queries, and re-map before relying on it.
  columns  :
           location_id            integer                      -> Int32
           location_class         integer                      -> Int32
           credit_id              integer                      -> Int32
           created                date                         -> Date32
           inactive_date          timestamp without time zone  -> Nullable(DateTime64(6))
           active                 boolean                      -> Bool

public.email
  engine   : MergeTree
             no updates or deletes recorded against the source, so the table is append-only
  order by : workflow_id
             no query-shape evidence available for this table, so this is the primary key rather than a derivation. Populate pg_stat_statements, or compile the application's queries, and re-map before relying on it.
  columns  :
           workflow_id            integer                      -> Int32
           from                   text                         -> Nullable(String)
           to                     text                         -> Nullable(String)
           cc                     text                         -> Nullable(String)
           bcc                    text                         -> Nullable(String)
           notify                 boolean                      -> Nullable(Bool)
           subject                text                         -> Nullable(String)
           body                   text                         -> Nullable(String)
           sent_date              date                         -> Nullable(Date32)
           expansions             jsonb                        -> Nullable(String)
           stored as text; ClickHouse's JSON type is version-dependent and validated at V2 only; source column is nullable

public.employee_class
  engine   : MergeTree
             no updates or deletes recorded against the source, so the table is append-only
  order by : label
             no query-shape evidence available for this table, so this is the primary key rather than a derivation. Populate pg_stat_statements, or compile the application's queries, and re-map before relying on it.
  columns  :
           label                  text                         -> String
           id                     integer                      -> Int32

public.employee_to_ec
  engine   : MergeTree
             no updates or deletes recorded against the source, so the table is append-only
  order by : employee_id
             no query-shape evidence available for this table, so this is the primary key rather than a derivation. Populate pg_stat_statements, or compile the application's queries, and re-map before relying on it.
  columns  :
           employee_id            integer                      -> Int32
           ec_id                  integer                      -> Nullable(Int32)

public.entity
  engine   : MergeTree
             no updates or deletes recorded against the source, so the table is append-only
  order by : id
             no query-shape evidence available for this table, so this is the primary key rather than a derivation. Populate pg_stat_statements, or compile the application's queries, and re-map before relying on it.
  columns  :
           id                     integer                      -> Int32
    narrow name                   text                         -> String
           direct; declared nullable, but the profile measured no nulls in 85 rows; a null arriving later becomes a load failure rather than a silent default
           created                date                         -> Date32
           control_code           text                         -> String
           country_id             integer                      -> Int32
           custom_attributes      jsonb                        -> Nullable(String)
           stored as text; ClickHouse's JSON type is version-dependent and validated at V2 only; source column is nullable

public.entity_bank_account
  engine   : MergeTree
             no updates or deletes recorded against the source, so the table is append-only
  order by : entity_id, bic, iban
             no query-shape evidence available for this table, so this is the primary key rather than a derivation. Populate pg_stat_statements, or compile the application's queries, and re-map before relying on it.
  columns  :
           id                     integer                      -> Int32
           entity_id              integer                      -> Int32
           bic                    character varying            -> String
           iban                   character varying            -> String
           remark                 character varying            -> Nullable(String)

public.entity_class
  engine   : MergeTree
             no updates or deletes recorded against the source, so the table is append-only
  order by : id
             no query-shape evidence available for this table, so this is the primary key rather than a derivation. Populate pg_stat_statements, or compile the application's queries, and re-map before relying on it.
  columns  :
           id                     integer                      -> Int32
           class                  text                         -> String
           active                 boolean                      -> Bool

public.entity_credit_account
  engine   : MergeTree
             no updates or deletes recorded against the source, so the table is append-only
  order by : entity_id, entity_class, meta_number
             no query-shape evidence available for this table, so this is the primary key rather than a derivation. Populate pg_stat_statements, or compile the application's queries, and re-map before relying on it.
  columns  :
           id                     integer                      -> Int32
           entity_id              integer                      -> Int32
           entity_class           integer                      -> Int32
    narrow pay_to_name            text                         -> String
           direct; declared nullable, but the profile measured no nulls in 85 rows; a null arriving later becomes a load failure rather than a silent default
    LOSSY discount               numeric                      -> Decimal128(4)
           unconstrained numeric with no profile. Nothing here is a measurement; run `ekos migrate profile --tier p1` and re-map rather than accepting this default; declared nullable, but the profile measured no nulls in 85 rows; a null arriving later becomes a load failure rather than a silent default
    narrow description            text                         -> String
           direct; declared nullable, but the profile measured no nulls in 85 rows; a null arriving later becomes a load failure rather than a silent default
    narrow discount_terms         integer                      -> Int32
           direct; declared nullable, but the profile measured no nulls in 85 rows; a null arriving later becomes a load failure rather than a silent default
           discount_account_id    integer                      -> Nullable(Int32)
    narrow taxincluded            boolean                      -> Bool
           direct; declared nullable, but the profile measured no nulls in 85 rows; a null arriving later becomes a load failure rather than a silent default
    LOSSY creditlimit            numeric                      -> Decimal128(4)
           unconstrained numeric with no profile. Nothing here is a measurement; run `ekos migrate profile --tier p1` and re-map rather than accepting this default; declared nullable, but the profile measured no nulls in 85 rows; a null arriving later becomes a load failure rather than a silent default
    narrow terms                  smallint                     -> Int16
           direct; declared nullable, but the profile measured no nulls in 85 rows; a null arriving later becomes a load failure rather than a silent default
           meta_number            character varying(32)        -> String
           business_id            integer                      -> Nullable(Int32)
    narrow language_code          character varying(6)         -> LowCardinality(String)
           the profile measured about 1 distinct values in 85 rows, comfortably inside LowCardinality's useful range; declared nullable, but the profile measured no nulls in 85 rows; a null arriving later becomes a load failure rather than a silent default
           pricegroup_id          integer                      -> Nullable(Int32)
    LOSSY curr                   character(3)                 -> String
           PostgreSQL pads char(n) and ClickHouse does not; the padding is a real difference; declared nullable, but the profile measured no nulls in 85 rows; a null arriving later becomes a load failure rather than a silent default
    narrow startdate              date                         -> Date32
           Date32 covers 1900-2299; dates before 1900 are a COMPAT.CH.DATE_BEFORE_1900 finding; declared nullable, but the profile measured no nulls in 85 rows; a null arriving later becomes a load failure rather than a silent default
           enddate                date                         -> Nullable(Date32)
    LOSSY threshold              numeric                      -> Decimal128(4)
           unconstrained numeric with no profile. Nothing here is a measurement; run `ekos migrate profile --tier p1` and re-map rather than accepting this default; declared nullable, but the profile measured no nulls in 85 rows; a null arriving later becomes a load failure rather than a silent default
           employee_id            integer                      -> Nullable(Int32)
           primary_contact        integer                      -> Nullable(Int32)
    narrow ar_ap_account_id       integer                      -> Int32
           direct; declared nullable, but the profile measured no nulls in 85 rows; a null arriving later becomes a load failure rather than a silent default
    narrow cash_account_id        integer                      -> Int32
           direct; declared nullable, but the profile measured no nulls in 85 rows; a null arriving later becomes a load failure rather than a silent default
           bank_account           integer                      -> Nullable(Int32)
           taxform_id             integer                      -> Nullable(Int32)
  4 lossy mapping(s) need an R3 approval before this design is used.

public.entity_employee
  engine   : MergeTree
             no updates or deletes recorded against the source, so the table is append-only
  order by : entity_id
             no query-shape evidence available for this table, so this is the primary key rather than a derivation. Populate pg_stat_statements, or compile the application's queries, and re-map before relying on it.
  columns  :
           entity_id              integer                      -> Int32
           startdate              date                         -> Date32
           enddate                date                         -> Nullable(Date32)
           role                   character varying(20)        -> Nullable(String)
           ssn                    text                         -> Nullable(String)
           sales                  boolean                      -> Nullable(Bool)
           manager_id             integer                      -> Nullable(Int32)
           employeenumber         character varying(32)        -> Nullable(String)
           dob                    date                         -> Nullable(Date32)
           is_manager             boolean                      -> Nullable(Bool)

public.entity_note
  engine   : MergeTree
             no updates or deletes recorded against the source, so the table is append-only
  order by : id
             no query-shape evidence available for this table, so this is the primary key rather than a derivation. Populate pg_stat_statements, or compile the application's queries, and re-map before relying on it.
  columns  :
           id                     integer                      -> Int32
           note_class             integer                      -> Int32
           note                   text                         -> String
    LOSSY vector                 tsvector                     -> String
           no mapping rule for this type; String preserves the text form but loses the semantics; source column is NOT NULL
           created                timestamp without time zone  -> DateTime64(6)
           created_by             text                         -> Nullable(String)
           ref_key                integer                      -> Int32
           subject                text                         -> Nullable(String)
           entity_id              integer                      -> Nullable(Int32)
  1 lossy mapping(s) need an R3 approval before this design is used.

public.entity_other_name
  engine   : MergeTree
             no updates or deletes recorded against the source, so the table is append-only
  order by : entity_id, other_name
             no query-shape evidence available for this table, so this is the primary key rather than a derivation. Populate pg_stat_statements, or compile the application's queries, and re-map before relying on it.
  columns  :
           entity_id              integer                      -> Int32
           other_name             text                         -> String

public.entity_to_contact
  engine   : MergeTree
             no updates or deletes recorded against the source, so the table is append-only
  order by : entity_id, contact_class_id, contact
             no query-shape evidence available for this table, so this is the primary key rather than a derivation. Populate pg_stat_statements, or compile the application's queries, and re-map before relying on it.
  columns  :
           entity_id              integer                      -> Int32
           contact_class_id       integer                      -> Int32
           contact                text                         -> String
           description            text                         -> Nullable(String)

public.entity_to_location
  engine   : MergeTree
             no updates or deletes recorded against the source, so the table is append-only
  order by : location_id, location_class, entity_id
             no query-shape evidence available for this table, so this is the primary key rather than a derivation. Populate pg_stat_statements, or compile the application's queries, and re-map before relying on it.
  columns  :
           location_id            integer                      -> Int32
           location_class         integer                      -> Int32
           entity_id              integer                      -> Int32
           created                date                         -> Date32
           inactive_date          timestamp without time zone  -> Nullable(DateTime64(6))
           active                 boolean                      -> Bool

public.exchangerate_default
  engine   : MergeTree
             no updates or deletes recorded against the source, so the table is append-only
  order by : rate_type, curr, valid_from
             no query-shape evidence available for this table, so this is the primary key rather than a derivation. Populate pg_stat_statements, or compile the application's queries, and re-map before relying on it.
  columns  :
           rate_type              integer                      -> Int32
    LOSSY curr                   character(3)                 -> String
           PostgreSQL pads char(n) and ClickHouse does not; the padding is a real difference; source column is NOT NULL
           valid_from             date                         -> Date32
           valid_to               date                         -> Date32
    LOSSY rate                   numeric                      -> Decimal128(4)
           unconstrained numeric with no profile. Nothing here is a measurement; run `ekos migrate profile --tier p1` and re-map rather than accepting this default; source column is NOT NULL
  2 lossy mapping(s) need an R3 approval before this design is used.

public.exchangerate_type
  engine   : MergeTree
             no updates or deletes recorded against the source, so the table is append-only
  order by : id
             no query-shape evidence available for this table, so this is the primary key rather than a derivation. Populate pg_stat_statements, or compile the application's queries, and re-map before relying on it.
  columns  :
           id                     integer                      -> Int32
           description            text                         -> String
           builtin                boolean                      -> Bool

public.file_base
  engine   : MergeTree
             no updates or deletes recorded against the source, so the table is append-only
  order by : file_name, ref_key, file_class
             no query-shape evidence available for this table, so this is the primary key rather than a derivation. Populate pg_stat_statements, or compile the application's queries, and re-map before relying on it.
  columns  :
           content                bytea                        -> String
           mime_type_id           integer                      -> Int32
           file_name              text                         -> String
           description            text                         -> Nullable(String)
           uploaded_by            integer                      -> Int32
           uploaded_at            timestamp without time zone  -> DateTime64(6)
           id                     integer                      -> Int32
           ref_key                integer                      -> Int32
           file_class             integer                      -> Int32

public.file_class
  engine   : MergeTree
             no updates or deletes recorded against the source, so the table is append-only
  order by : class
             no query-shape evidence available for this table, so this is the primary key rather than a derivation. Populate pg_stat_statements, or compile the application's queries, and re-map before relying on it.
  columns  :
           id                     integer                      -> Int32
           class                  text                         -> String

public.file_eca
  engine   : MergeTree
             no updates or deletes recorded against the source, so the table is append-only
  order by : file_name, ref_key, file_class
             no query-shape evidence available for this table, so this is the primary key rather than a derivation. Populate pg_stat_statements, or compile the application's queries, and re-map before relying on it.
  columns  :
           content                bytea                        -> String
           mime_type_id           integer                      -> Int32
           file_name              text                         -> String
           description            text                         -> Nullable(String)
           uploaded_by            integer                      -> Int32
           uploaded_at            timestamp without time zone  -> DateTime64(6)
           id                     integer                      -> Int32
           ref_key                integer                      -> Int32
           file_class             integer                      -> Int32

public.file_email
  engine   : MergeTree
             no updates or deletes recorded against the source, so the table is append-only
  order by : file_name, ref_key, file_class
             no query-shape evidence available for this table, so this is the primary key rather than a derivation. Populate pg_stat_statements, or compile the application's queries, and re-map before relying on it.
  columns  :
           content                bytea                        -> String
           mime_type_id           integer                      -> Int32
           file_name              text                         -> String
           description            text                         -> Nullable(String)
           uploaded_by            integer                      -> Int32
           uploaded_at            timestamp without time zone  -> DateTime64(6)
           id                     integer                      -> Int32
           ref_key                integer                      -> Int32
           file_class             integer                      -> Int32

public.file_entity
  engine   : MergeTree
             no updates or deletes recorded against the source, so the table is append-only
  order by : file_name, ref_key, file_class
             no query-shape evidence available for this table, so this is the primary key rather than a derivation. Populate pg_stat_statements, or compile the application's queries, and re-map before relying on it.
  columns  :
           content                bytea                        -> String
           mime_type_id           integer                      -> Int32
           file_name              text                         -> String
           description            text                         -> Nullable(String)
           uploaded_by            integer                      -> Int32
           uploaded_at            timestamp without time zone  -> DateTime64(6)
           id                     integer                      -> Int32
           ref_key                integer                      -> Int32
           file_class             integer                      -> Int32

public.file_incoming
  engine   : MergeTree
             no updates or deletes recorded against the source, so the table is append-only
  order by : file_name, ref_key, file_class
             no query-shape evidence available for this table, so this is the primary key rather than a derivation. Populate pg_stat_statements, or compile the application's queries, and re-map before relying on it.
  columns  :
           content                bytea                        -> String
           mime_type_id           integer                      -> Int32
           file_name              text                         -> String
           description            text                         -> Nullable(String)
           uploaded_by            integer                      -> Int32
           uploaded_at            timestamp without time zone  -> DateTime64(6)
           id                     integer                      -> Int32
           ref_key                integer                      -> Int32
           file_class             integer                      -> Int32

public.file_internal
  engine   : MergeTree
             no updates or deletes recorded against the source, so the table is append-only
  order by : file_name, ref_key, file_class
             no query-shape evidence available for this table, so this is the primary key rather than a derivation. Populate pg_stat_statements, or compile the application's queries, and re-map before relying on it.
  columns  :
           content                bytea                        -> String
           mime_type_id           integer                      -> Int32
           file_name              text                         -> String
           description            text                         -> Nullable(String)
           uploaded_by            integer                      -> Int32
           uploaded_at            timestamp without time zone  -> DateTime64(6)
           id                     integer                      -> Int32
           ref_key                integer                      -> Int32
           file_class             integer                      -> Int32

public.file_order
  engine   : MergeTree
             no updates or deletes recorded against the source, so the table is append-only
  order by : file_name, ref_key, file_class
             no query-shape evidence available for this table, so this is the primary key rather than a derivation. Populate pg_stat_statements, or compile the application's queries, and re-map before relying on it.
  columns  :
           content                bytea                        -> String
           mime_type_id           integer                      -> Int32
           file_name              text                         -> String
           description            text                         -> Nullable(String)
           uploaded_by            integer                      -> Int32
           uploaded_at            timestamp without time zone  -> DateTime64(6)
           id                     integer                      -> Int32
           ref_key                integer                      -> Int32
           file_class             integer                      -> Int32

public.file_order_to_order
  engine   : MergeTree
             no updates or deletes recorded against the source, so the table is append-only
  order by : file_id, source_class, ref_key, dest_class
             no query-shape evidence available for this table, so this is the primary key rather than a derivation. Populate pg_stat_statements, or compile the application's queries, and re-map before relying on it.
  columns  :
           file_id                integer                      -> Int32
           source_class           integer                      -> Int32
           ref_key                integer                      -> Int32
           dest_class             integer                      -> Int32
           attached_by            integer                      -> Int32
           attached_at            timestamp without time zone  -> DateTime64(6)

public.file_order_to_tx
  engine   : MergeTree
             no updates or deletes recorded against the source, so the table is append-only
  order by : file_id, source_class, ref_key, dest_class
             no query-shape evidence available for this table, so this is the primary key rather than a derivation. Populate pg_stat_statements, or compile the application's queries, and re-map before relying on it.
  columns  :
           file_id                integer                      -> Int32
           source_class           integer                      -> Int32
           ref_key                integer                      -> Int32
           dest_class             integer                      -> Int32
           attached_by            integer                      -> Int32
           attached_at            timestamp without time zone  -> DateTime64(6)

public.file_part
  engine   : MergeTree
             no updates or deletes recorded against the source, so the table is append-only
  order by : file_name, ref_key, file_class
             no query-shape evidence available for this table, so this is the primary key rather than a derivation. Populate pg_stat_statements, or compile the application's queries, and re-map before relying on it.
  columns  :
           content                bytea                        -> String
           mime_type_id           integer                      -> Int32
           file_name              text                         -> String
           description            text                         -> Nullable(String)
           uploaded_by            integer                      -> Int32
           uploaded_at            timestamp without time zone  -> DateTime64(6)
           id                     integer                      -> Int32
           ref_key                integer                      -> Int32
           file_class             integer                      -> Int32

public.file_reconciliation
  engine   : MergeTree
             no updates or deletes recorded against the source, so the table is append-only
  order by : file_name, ref_key, file_class
             no query-shape evidence available for this table, so this is the primary key rather than a derivation. Populate pg_stat_statements, or compile the application's queries, and re-map before relying on it.
  columns  :
           content                bytea                        -> String
           mime_type_id           integer                      -> Int32
           file_name              text                         -> String
           description            text                         -> Nullable(String)
           uploaded_by            integer                      -> Int32
           uploaded_at            timestamp without time zone  -> DateTime64(6)
           id                     integer                      -> Int32
           ref_key                integer                      -> Int32
           file_class             integer                      -> Int32

public.file_secondary_attachment
  engine   : MergeTree
             no updates or deletes recorded against the source, so the table is append-only
  order by : file_id, source_class, ref_key, dest_class
             no query-shape evidence available for this table, so this is the primary key rather than a derivation. Populate pg_stat_statements, or compile the application's queries, and re-map before relying on it.
  columns  :
           file_id                integer                      -> Int32
           source_class           integer                      -> Int32
           ref_key                integer                      -> Int32
           dest_class             integer                      -> Int32
           attached_by            integer                      -> Int32
           attached_at            timestamp without time zone  -> DateTime64(6)

public.file_transaction
  engine   : MergeTree
             no updates or deletes recorded against the source, so the table is append-only
  order by : file_name, ref_key, file_class
             no query-shape evidence available for this table, so this is the primary key rather than a derivation. Populate pg_stat_statements, or compile the application's queries, and re-map before relying on it.
  columns  :
           content                bytea                        -> String
           mime_type_id           integer                      -> Int32
           file_name              text                         -> String
           description            text                         -> Nullable(String)
           uploaded_by            integer                      -> Int32
           uploaded_at            timestamp without time zone  -> DateTime64(6)
           id                     integer                      -> Int32
           ref_key                integer                      -> Int32
           file_class             integer                      -> Int32

public.file_tx_to_order
  engine   : MergeTree
             no updates or deletes recorded against the source, so the table is append-only
  order by : file_id, source_class, ref_key, dest_class
             no query-shape evidence available for this table, so this is the primary key rather than a derivation. Populate pg_stat_statements, or compile the application's queries, and re-map before relying on it.
  columns  :
           file_id                integer                      -> Int32
           source_class           integer                      -> Int32
           ref_key                integer                      -> Int32
           dest_class             integer                      -> Int32
           attached_by            integer                      -> Int32
           attached_at            timestamp without time zone  -> DateTime64(6)

public.file_view_catalog
  engine   : MergeTree
             no updates or deletes recorded against the source, so the table is append-only
  order by : file_class
             no query-shape evidence available for this table, so this is the primary key rather than a derivation. Populate pg_stat_statements, or compile the application's queries, and re-map before relying on it.
  columns  :
           file_class             integer                      -> Int32
           view_name              text                         -> String

public.gifi
  engine   : MergeTree
             no updates or deletes recorded against the source, so the table is append-only
  order by : accno
             no query-shape evidence available for this table, so this is the primary key rather than a derivation. Populate pg_stat_statements, or compile the application's queries, and re-map before relying on it.
  columns  :
           accno                  text                         -> String
           description            text                         -> Nullable(String)
           last_updated           timestamp without time zone  -> DateTime64(6)

public.gl
  engine   : MergeTree
             no updates or deletes recorded against the source, so the table is append-only
  order by : id
             no query-shape evidence available for this table, so this is the primary key rather than a derivation. Populate pg_stat_statements, or compile the application's queries, and re-map before relying on it.
  columns  :
           id                     integer                      -> Int32

public.inventory_report
  engine   : MergeTree
             no updates or deletes recorded against the source, so the table is append-only
  order by : id
             no query-shape evidence available for this table, so this is the primary key rather than a derivation. Populate pg_stat_statements, or compile the application's queries, and re-map before relying on it.
  columns  :
           id                     integer                      -> Int32
           report_date            date                         -> Date32
    narrow source                 text                         -> String
           direct; declared nullable, but the profile measured no nulls in 6 rows; a null arriving later becomes a load failure rather than a silent default
    narrow trans_id               integer                      -> Int32
           direct; declared nullable, but the profile measured no nulls in 6 rows; a null arriving later becomes a load failure rather than a silent default

public.inventory_report_line
  engine   : MergeTree
             no updates or deletes recorded against the source, so the table is append-only
  order by : adjust_id, parts_id
             no query-shape evidence available for this table, so this is the primary key rather than a derivation. Populate pg_stat_statements, or compile the application's queries, and re-map before relying on it.
  columns  :
           adjust_id              integer                      -> Int32
           parts_id               integer                      -> Int32
    narrow counted                numeric                      -> Decimal64(0)
           unconstrained numeric; the measured data uses precision 3 scale 0, so this holds every value seen — and only those; declared nullable, but the profile measured no nulls in 648 rows; a null arriving later becomes a load failure rather than a silent default
    LOSSY expected               numeric                      -> Decimal128(4)
           unconstrained numeric with no profile. Nothing here is a measurement; run `ekos migrate profile --tier p1` and re-map rather than accepting this default; declared nullable, but the profile measured no nulls in 648 rows; a null arriving later becomes a load failure rather than a silent default
    LOSSY variance               numeric                      -> Decimal128(4)
           unconstrained numeric with no profile. Nothing here is a measurement; run `ekos migrate profile --tier p1` and re-map rather than accepting this default; declared nullable, but the profile measured no nulls in 648 rows; a null arriving later becomes a load failure rather than a silent default
  2 lossy mapping(s) need an R3 approval before this design is used.

public.invoice
  engine   : ReplacingMergeTree
             the source updates rows in place, but no column advances on update
  order by : id
             no query-shape evidence available for this table, so this is the primary key rather than a derivation. Populate pg_stat_statements, or compile the application's queries, and re-map before relying on it.
  columns  :
           id                     integer                      -> Int32
    narrow trans_id               integer                      -> Int32
           direct; declared nullable, but the profile measured no nulls in 10148 rows; a null arriving later becomes a load failure rather than a silent default
    narrow parts_id               integer                      -> Int32
           direct; declared nullable, but the profile measured no nulls in 10148 rows; a null arriving later becomes a load failure rather than a silent default
    narrow description            text                         -> LowCardinality(String)
           the profile measured about 114 distinct values in 10148 rows, comfortably inside LowCardinality's useful range; declared nullable, but the profile measured no nulls in 10148 rows; a null arriving later becomes a load failure rather than a silent default
    narrow qty                    numeric                      -> Decimal64(0)
           unconstrained numeric; the measured data uses precision 3 scale 0, so this holds every value seen — and only those; declared nullable, but the profile measured no nulls in 10148 rows; a null arriving later becomes a load failure rather than a silent default
    narrow allocated              numeric                      -> Decimal64(0)
           unconstrained numeric; the measured data uses precision 3 scale 0, so this holds every value seen — and only those; declared nullable, but the profile measured no nulls in 10148 rows; a null arriving later becomes a load failure rather than a silent default
    narrow sellprice              numeric                      -> Decimal64(2)
           unconstrained numeric; the measured data uses precision 5 scale 2, so this holds every value seen — and only those; declared nullable, but the profile measured no nulls in 10148 rows; a null arriving later becomes a load failure rather than a silent default
    narrow precision              integer                      -> Int32
           direct; declared nullable, but the profile measured no nulls in 10148 rows; a null arriving later becomes a load failure rather than a silent default
    narrow fxsellprice            numeric                      -> Decimal64(2)
           unconstrained numeric; the measured data uses precision 5 scale 2, so this holds every value seen — and only those; declared nullable, but the profile measured no nulls in 10148 rows; a null arriving later becomes a load failure rather than a silent default
    narrow discount               numeric                      -> Decimal64(0)
           unconstrained numeric; the measured data uses precision 1 scale 0, so this holds every value seen — and only those; declared nullable, but the profile measured no nulls in 10148 rows; a null arriving later becomes a load failure rather than a silent default
    narrow assemblyitem           boolean                      -> Bool
           direct; declared nullable, but the profile measured no nulls in 10148 rows; a null arriving later becomes a load failure rather than a silent default
    narrow unit                   character varying            -> LowCardinality(String)
           the profile measured about 2 distinct values in 10148 rows, comfortably inside LowCardinality's useful range; declared nullable, but the profile measured no nulls in 10148 rows; a null arriving later becomes a load failure rather than a silent default
    narrow deliverydate           date                         -> Date32
           Date32 covers 1900-2299; dates before 1900 are a COMPAT.CH.DATE_BEFORE_1900 finding; declared nullable, but the profile measured no nulls in 10148 rows; a null arriving later becomes a load failure rather than a silent default
           serialnumber           text                         -> Nullable(String)
           vendor_sku             text                         -> Nullable(String)
           notes                  text                         -> Nullable(String)
  NEEDS A DECISION: No version column: without one ClickHouse keeps an arbitrary row per key on merge. Inventing a now() would make the load non-deterministic and unvalidatable, so this needs a decision — add an updated_at to the source, or accept last-writer-wins by insertion order.

public.invoice_note
  engine   : MergeTree
             no updates or deletes recorded against the source, so the table is append-only
  order by : id
             no query-shape evidence available for this table, so this is the primary key rather than a derivation. Populate pg_stat_statements, or compile the application's queries, and re-map before relying on it.
  columns  :
           id                     integer                      -> Int32
           note_class             integer                      -> Int32
           note                   text                         -> String
    LOSSY vector                 tsvector                     -> String
           no mapping rule for this type; String preserves the text form but loses the semantics; source column is NOT NULL
           created                timestamp without time zone  -> DateTime64(6)
           created_by             text                         -> Nullable(String)
           ref_key                integer                      -> Int32
           subject                text                         -> Nullable(String)
  1 lossy mapping(s) need an R3 approval before this design is used.

public.invoice_tax_form
  engine   : MergeTree
             no updates or deletes recorded against the source, so the table is append-only
  order by : invoice_id
             no query-shape evidence available for this table, so this is the primary key rather than a derivation. Populate pg_stat_statements, or compile the application's queries, and re-map before relying on it.
  columns  :
           invoice_id             integer                      -> Int32
           reportable             boolean                      -> Nullable(Bool)

public.jcitems
  engine   : MergeTree
             no updates or deletes recorded against the source, so the table is append-only
  order by : id
             no query-shape evidence available for this table, so this is the primary key rather than a derivation. Populate pg_stat_statements, or compile the application's queries, and re-map before relying on it.
  columns  :
           id                     integer                      -> Int32
           business_unit_id       integer                      -> Nullable(Int32)
           parts_id               integer                      -> Nullable(Int32)
           description            text                         -> Nullable(String)
    LOSSY qty                    numeric                      -> Nullable(Decimal128(4))
           unconstrained numeric with no profile. Nothing here is a measurement; run `ekos migrate profile --tier p1` and re-map rather than accepting this default; source column is nullable
    LOSSY allocated              numeric                      -> Nullable(Decimal128(4))
           unconstrained numeric with no profile. Nothing here is a measurement; run `ekos migrate profile --tier p1` and re-map rather than accepting this default; source column is nullable
    LOSSY sellprice              numeric                      -> Nullable(Decimal128(4))
           unconstrained numeric with no profile. Nothing here is a measurement; run `ekos migrate profile --tier p1` and re-map rather than accepting this default; source column is nullable
    LOSSY fxsellprice            numeric                      -> Nullable(Decimal128(4))
           unconstrained numeric with no profile. Nothing here is a measurement; run `ekos migrate profile --tier p1` and re-map rather than accepting this default; source column is nullable
           serialnumber           text                         -> Nullable(String)
           checkedin              timestamp with time zone     -> Nullable(DateTime64(6, 'UTC'))
           checkedout             timestamp with time zone     -> Nullable(DateTime64(6, 'UTC'))
           person_id              integer                      -> Int32
           notes                  text                         -> Nullable(String)
    LOSSY total                  numeric                      -> Decimal128(4)
           unconstrained numeric with no profile. Nothing here is a measurement; run `ekos migrate profile --tier p1` and re-map rather than accepting this default; source column is NOT NULL
    LOSSY non_billable           numeric                      -> Decimal128(4)
           unconstrained numeric with no profile. Nothing here is a measurement; run `ekos migrate profile --tier p1` and re-map rather than accepting this default; source column is NOT NULL
           jctype                 integer                      -> Int32
    LOSSY curr                   character(3)                 -> String
           PostgreSQL pads char(n) and ClickHouse does not; the padding is a real difference; source column is NOT NULL
  7 lossy mapping(s) need an R3 approval before this design is used.

public.jctype
  engine   : MergeTree
             no updates or deletes recorded against the source, so the table is append-only
  order by : label
             no query-shape evidence available for this table, so this is the primary key rather than a derivation. Populate pg_stat_statements, or compile the application's queries, and re-map before relying on it.
  columns  :
           id                     integer                      -> Int32
           label                  text                         -> String
           description            text                         -> String
    narrow is_service             boolean                      -> Bool
           direct; declared nullable, but the profile measured no nulls in 3 rows; a null arriving later becomes a load failure rather than a silent default
    narrow is_timecard            boolean                      -> Bool
           direct; declared nullable, but the profile measured no nulls in 3 rows; a null arriving later becomes a load failure rather than a silent default

public.job
  engine   : MergeTree
             no updates or deletes recorded against the source, so the table is append-only
  order by : bu_id
             no query-shape evidence available for this table, so this is the primary key rather than a derivation. Populate pg_stat_statements, or compile the application's queries, and re-map before relying on it.
  columns  :
           bu_id                  integer                      -> Int32
           parts_id               integer                      -> Nullable(Int32)
    LOSSY production             numeric                      -> Nullable(Decimal128(4))
           unconstrained numeric with no profile. Nothing here is a measurement; run `ekos migrate profile --tier p1` and re-map rather than accepting this default; source column is nullable
    LOSSY completed              numeric                      -> Nullable(Decimal128(4))
           unconstrained numeric with no profile. Nothing here is a measurement; run `ekos migrate profile --tier p1` and re-map rather than accepting this default; source column is nullable
  2 lossy mapping(s) need an R3 approval before this design is used.

public.journal_entry
  engine   : MergeTree
             no updates or deletes recorded against the source, so the table is append-only
  order by : id
             no query-shape evidence available for this table, so this is the primary key rather than a derivation. Populate pg_stat_statements, or compile the application's queries, and re-map before relying on it.
  columns  :
           id                     integer                      -> Int32
           reference              text                         -> Nullable(String)
           description            text                         -> Nullable(String)
           locked_by              integer                      -> Nullable(Int32)
           journal                integer                      -> Nullable(Int32)
           post_date              date                         -> Nullable(Date32)
           effective_start        date                         -> Nullable(Date32)
           effective_end          date                         -> Nullable(Date32)
    LOSSY currency               character(3)                 -> String
           PostgreSQL pads char(n) and ClickHouse does not; the padding is a real difference; source column is NOT NULL
           approved               boolean                      -> Nullable(Bool)
           is_template            boolean                      -> Nullable(Bool)
           entered_by             integer                      -> Int32
           approved_by            integer                      -> Nullable(Int32)
  1 lossy mapping(s) need an R3 approval before this design is used.

public.journal_line
  engine   : MergeTree
             no updates or deletes recorded against the source, so the table is append-only
  order by : id
             no query-shape evidence available for this table, so this is the primary key rather than a derivation. Populate pg_stat_statements, or compile the application's queries, and re-map before relying on it.
  columns  :
           id                     integer                      -> Int32
           account_id             integer                      -> Int32
           journal_id             integer                      -> Int32
    LOSSY amount                 numeric                      -> Decimal128(4)
           unconstrained numeric with no profile. Nothing here is a measurement; run `ekos migrate profile --tier p1` and re-map rather than accepting this default; source column is NOT NULL
           cleared                boolean                      -> Bool
           reconciliation_report  integer                      -> Nullable(Int32)
           line_type              text                         -> Nullable(String)
    LOSSY amount_tc              numeric                      -> Decimal128(4)
           unconstrained numeric with no profile. Nothing here is a measurement; run `ekos migrate profile --tier p1` and re-map rather than accepting this default; source column is NOT NULL
    LOSSY curr                   character(3)                 -> String
           PostgreSQL pads char(n) and ClickHouse does not; the padding is a real difference; source column is NOT NULL
  3 lossy mapping(s) need an R3 approval before this design is used.

public.journal_note
  engine   : MergeTree
             no updates or deletes recorded against the source, so the table is append-only
  order by : id
             no query-shape evidence available for this table, so this is the primary key rather than a derivation. Populate pg_stat_statements, or compile the application's queries, and re-map before relying on it.
  columns  :
           id                     integer                      -> Int32
           note_class             integer                      -> Int32
           note                   text                         -> String
    LOSSY vector                 tsvector                     -> String
           no mapping rule for this type; String preserves the text form but loses the semantics; source column is NOT NULL
           created                timestamp without time zone  -> DateTime64(6)
           created_by             text                         -> Nullable(String)
           ref_key                integer                      -> Int32
           subject                text                         -> Nullable(String)
           internal_only          boolean                      -> Bool
  1 lossy mapping(s) need an R3 approval before this design is used.

public.journal_type
  engine   : MergeTree
             no updates or deletes recorded against the source, so the table is append-only
  order by : name
             no query-shape evidence available for this table, so this is the primary key rather than a derivation. Populate pg_stat_statements, or compile the application's queries, and re-map before relying on it.
  columns  :
           id                     integer                      -> Int32
           name                   text                         -> String

public.language
  engine   : MergeTree
             no updates or deletes recorded against the source, so the table is append-only
  order by : code
             no query-shape evidence available for this table, so this is the primary key rather than a derivation. Populate pg_stat_statements, or compile the application's queries, and re-map before relying on it.
  columns  :
           code                   character varying(6)         -> String
    narrow description            text                         -> String
           direct; declared nullable, but the profile measured no nulls in 43 rows; a null arriving later becomes a load failure rather than a silent default
           last_updated           timestamp without time zone  -> DateTime64(6)

public.location
  engine   : MergeTree
             no updates or deletes recorded against the source, so the table is append-only
  order by : id
             no query-shape evidence available for this table, so this is the primary key rather than a derivation. Populate pg_stat_statements, or compile the application's queries, and re-map before relying on it.
  columns  :
           id                     integer                      -> Int32
           line_one               text                         -> String
           line_two               text                         -> Nullable(String)
           line_three             text                         -> Nullable(String)
           city                   text                         -> LowCardinality(String)
    narrow state                  text                         -> LowCardinality(String)
           the profile measured about 8 distinct values in 85 rows, comfortably inside LowCardinality's useful range; declared nullable, but the profile measured no nulls in 85 rows; a null arriving later becomes a load failure rather than a silent default
           country_id             integer                      -> Int32
    narrow mail_code              text                         -> String
           direct; declared nullable, but the profile measured no nulls in 85 rows; a null arriving later becomes a load failure rather than a silent default

public.location_class
  engine   : MergeTree
             no updates or deletes recorded against the source, so the table is append-only
  order by : class, authoritative
             no query-shape evidence available for this table, so this is the primary key rather than a derivation. Populate pg_stat_statements, or compile the application's queries, and re-map before relying on it.
  columns  :
           id                     integer                      -> Int32
           class                  text                         -> String
           authoritative          boolean                      -> Bool

public.location_class_to_entity_class
  engine   : MergeTree
             no updates or deletes recorded against the source, so the table is append-only
  order by : 
             no query-shape evidence available for this table, so this is the primary key rather than a derivation. Populate pg_stat_statements, or compile the application's queries, and re-map before relying on it.
  columns  :
           id                     integer                      -> Int32
           location_class         integer                      -> Int32
           entity_class           integer                      -> Int32
  NEEDS A DECISION: public.location_class_to_entity_class has no primary key and no observed filter predicates, so there is nothing to order by. ClickHouse requires an ORDER BY; choose one before generating DDL.
  DDL not emitted: public.location_class_to_entity_class has no ORDER BY. ClickHouse requires one, and choosing it is a design decision (RFC 0159) rather than something the emitter may invent.

public.lsmb_module
  engine   : ReplacingMergeTree
             the source updates rows in place, but no column advances on update
  order by : label
             no query-shape evidence available for this table, so this is the primary key rather than a derivation. Populate pg_stat_statements, or compile the application's queries, and re-map before relying on it.
  columns  :
           id                     integer                      -> Int32
           label                  text                         -> String
  NEEDS A DECISION: No version column: without one ClickHouse keeps an arbitrary row per key on merge. Inventing a now() would make the load non-deterministic and unvalidatable, so this needs a decision — add an updated_at to the source, or accept last-writer-wins by insertion order.

public.lsmb_sequence
  engine   : MergeTree
             no updates or deletes recorded against the source, so the table is append-only
  order by : label
             no query-shape evidence available for this table, so this is the primary key rather than a derivation. Populate pg_stat_statements, or compile the application's queries, and re-map before relying on it.
  columns  :
           label                  text                         -> String
           setting_key            text                         -> String
           prefix                 text                         -> Nullable(String)
           suffix                 text                         -> Nullable(String)
           sequence               text                         -> String
           accept_input           boolean                      -> Nullable(Bool)

public.makemodel
  engine   : MergeTree
             no updates or deletes recorded against the source, so the table is append-only
  order by : parts_id, make, model
             no query-shape evidence available for this table, so this is the primary key rather than a derivation. Populate pg_stat_statements, or compile the application's queries, and re-map before relying on it.
  columns  :
           parts_id               integer                      -> Int32
           barcode                text                         -> Nullable(String)
           make                   text                         -> String
           model                  text                         -> String

public.menu_acl
  engine   : MergeTree
             no updates or deletes recorded against the source, so the table is append-only
  order by : role_name, node_id
             no query-shape evidence available for this table, so this is the primary key rather than a derivation. Populate pg_stat_statements, or compile the application's queries, and re-map before relying on it.
  columns  :
           id                     integer                      -> Int32
           role_name              character varying            -> String
           acl_type               character varying            -> Nullable(String)
           node_id                integer                      -> Int32

public.menu_node
  engine   : MergeTree
             no updates or deletes recorded against the source, so the table is append-only
  order by : id
             no query-shape evidence available for this table, so this is the primary key rather than a derivation. Populate pg_stat_statements, or compile the application's queries, and re-map before relying on it.
  columns  :
           id                     integer                      -> Int32
           label                  character varying            -> String
           parent                 integer                      -> Nullable(Int32)
           position               integer                      -> Int32
           url                    text                         -> Nullable(String)
           standalone             boolean                      -> Nullable(Bool)
           menu                   boolean                      -> Nullable(Bool)

public.mfg_lot
  engine   : MergeTree
             no updates or deletes recorded against the source, so the table is append-only
  order by : 
             no query-shape evidence available for this table, so this is the primary key rather than a derivation. Populate pg_stat_statements, or compile the application's queries, and re-map before relying on it.
  columns  :
           id                     integer                      -> Int32
           lot_number             text                         -> String
           parts_id               integer                      -> Int32
    LOSSY qty                    numeric                      -> Decimal128(4)
           unconstrained numeric with no profile. Nothing here is a measurement; run `ekos migrate profile --tier p1` and re-map rather than accepting this default; source column is NOT NULL
           stock_date             date                         -> Date32
           trans_id               integer                      -> Nullable(Int32)
  1 lossy mapping(s) need an R3 approval before this design is used.
  NEEDS A DECISION: public.mfg_lot has no primary key and no observed filter predicates, so there is nothing to order by. ClickHouse requires an ORDER BY; choose one before generating DDL.
  DDL not emitted: public.mfg_lot has no ORDER BY. ClickHouse requires one, and choosing it is a design decision (RFC 0159) rather than something the emitter may invent.

public.mfg_lot_item
  engine   : MergeTree
             no updates or deletes recorded against the source, so the table is append-only
  order by : 
             no query-shape evidence available for this table, so this is the primary key rather than a derivation. Populate pg_stat_statements, or compile the application's queries, and re-map before relying on it.
  columns  :
           id                     integer                      -> Int32
           mfg_lot_id             integer                      -> Int32
           parts_id               integer                      -> Int32
    LOSSY qty                    numeric                      -> Decimal128(4)
           unconstrained numeric with no profile. Nothing here is a measurement; run `ekos migrate profile --tier p1` and re-map rather than accepting this default; source column is NOT NULL
  1 lossy mapping(s) need an R3 approval before this design is used.
  NEEDS A DECISION: public.mfg_lot_item has no primary key and no observed filter predicates, so there is nothing to order by. ClickHouse requires an ORDER BY; choose one before generating DDL.
  DDL not emitted: public.mfg_lot_item has no ORDER BY. ClickHouse requires one, and choosing it is a design decision (RFC 0159) rather than something the emitter may invent.

public.mime_type
  engine   : ReplacingMergeTree
             the source updates rows in place, but no column advances on update
  order by : mime_type
             no query-shape evidence available for this table, so this is the primary key rather than a derivation. Populate pg_stat_statements, or compile the application's queries, and re-map before relying on it.
  columns  :
           id                     integer                      -> Int32
           mime_type              text                         -> String
    narrow invoice_include        boolean                      -> Bool
           direct; declared nullable, but the profile measured no nulls in 684 rows; a null arriving later becomes a load failure rather than a silent default
  NEEDS A DECISION: No version column: without one ClickHouse keeps an arbitrary row per key on merge. Inventing a now() would make the load non-deterministic and unvalidatable, so this needs a decision — add an updated_at to the source, or accept last-writer-wins by insertion order.

public.note_class
  engine   : MergeTree
             no updates or deletes recorded against the source, so the table is append-only
  order by : id
             no query-shape evidence available for this table, so this is the primary key rather than a derivation. Populate pg_stat_statements, or compile the application's queries, and re-map before relying on it.
  columns  :
           id                     integer                      -> Int32
           class                  text                         -> String

public.oe
  engine   : MergeTree
             no updates or deletes recorded against the source, so the table is append-only
  order by : id
             no query-shape evidence available for this table, so this is the primary key rather than a derivation. Populate pg_stat_statements, or compile the application's queries, and re-map before relying on it.
  columns  :
           id                     integer                      -> Int32
    narrow ordnumber              text                         -> String
           direct; declared nullable, but the profile measured no nulls in 2128 rows; a null arriving later becomes a load failure rather than a silent default
    narrow transdate              date                         -> Date32
           Date32 covers 1900-2299; dates before 1900 are a COMPAT.CH.DATE_BEFORE_1900 finding; declared nullable, but the profile measured no nulls in 2128 rows; a null arriving later becomes a load failure rather than a silent default
           entity_id              integer                      -> Nullable(Int32)
    narrow amount_tc              numeric                      -> Decimal64(2)
           unconstrained numeric; the measured data uses precision 6 scale 2, so this holds every value seen — and only those; declared nullable, but the profile measured no nulls in 2128 rows; a null arriving later becomes a load failure rather than a silent default
    narrow netamount_tc           numeric                      -> Decimal64(2)
           unconstrained numeric; the measured data uses precision 6 scale 2, so this holds every value seen — and only those; declared nullable, but the profile measured no nulls in 2128 rows; a null arriving later becomes a load failure rather than a silent default
    narrow reqdate                date                         -> Date32
           Date32 covers 1900-2299; dates before 1900 are a COMPAT.CH.DATE_BEFORE_1900 finding; declared nullable, but the profile measured no nulls in 2128 rows; a null arriving later becomes a load failure rather than a silent default
    narrow taxincluded            boolean                      -> Bool
           direct; declared nullable, but the profile measured no nulls in 2128 rows; a null arriving later becomes a load failure rather than a silent default
           shippingpoint          text                         -> Nullable(String)
           notes                  text                         -> Nullable(String)
    LOSSY curr                   character(3)                 -> String
           PostgreSQL pads char(n) and ClickHouse does not; the padding is a real difference; declared nullable, but the profile measured no nulls in 2128 rows; a null arriving later becomes a load failure rather than a silent default
           person_id              integer                      -> Nullable(Int32)
    narrow closed                 boolean                      -> Bool
           direct; declared nullable, but the profile measured no nulls in 2128 rows; a null arriving later becomes a load failure rather than a silent default
    narrow quotation              boolean                      -> Bool
           direct; declared nullable, but the profile measured no nulls in 2128 rows; a null arriving later becomes a load failure rather than a silent default
           quonumber              text                         -> Nullable(String)
           intnotes               text                         -> Nullable(String)
           shipvia                text                         -> Nullable(String)
           language_code          character varying(6)         -> Nullable(String)
           ponumber               text                         -> Nullable(String)
    narrow terms                  smallint                     -> Int16
           direct; declared nullable, but the profile measured no nulls in 2128 rows; a null arriving later becomes a load failure rather than a silent default
           entity_credit_account  integer                      -> Int32
           oe_class_id            integer                      -> Int32
           workflow_id            integer                      -> Nullable(Int32)
           shipto                 integer                      -> Nullable(Int32)
           shipto_attn            text                         -> Nullable(String)
  1 lossy mapping(s) need an R3 approval before this design is used.

public.oe_class
  engine   : MergeTree
             no updates or deletes recorded against the source, so the table is append-only
  order by : oe_class
             no query-shape evidence available for this table, so this is the primary key rather than a derivation. Populate pg_stat_statements, or compile the application's queries, and re-map before relying on it.
  columns  :
    narrow id                     smallint                     -> Int16
           direct; declared nullable, but the profile measured no nulls in 4 rows; a null arriving later becomes a load failure rather than a silent default
           oe_class               text                         -> String

public.oe_tax
  engine   : MergeTree
             no updates or deletes recorded against the source, so the table is append-only
  order by : oe_id, tax_id
             no query-shape evidence available for this table, so this is the primary key rather than a derivation. Populate pg_stat_statements, or compile the application's queries, and re-map before relying on it.
  columns  :
           oe_id                  integer                      -> Int32
           tax_id                 integer                      -> Int32
    LOSSY basis                  numeric                      -> Decimal128(4)
           unconstrained numeric with no profile. Nothing here is a measurement; run `ekos migrate profile --tier p1` and re-map rather than accepting this default; source column is NOT NULL
           exempt                 smallint                     -> Int16
    LOSSY rate                   numeric                      -> Nullable(Decimal128(4))
           unconstrained numeric with no profile. Nothing here is a measurement; run `ekos migrate profile --tier p1` and re-map rather than accepting this default; source column is nullable
    LOSSY amount                 numeric                      -> Nullable(Decimal128(4))
           unconstrained numeric with no profile. Nothing here is a measurement; run `ekos migrate profile --tier p1` and re-map rather than accepting this default; source column is nullable
           source                 text                         -> Nullable(String)
  3 lossy mapping(s) need an R3 approval before this design is used.

public.open_forms
  engine   : MergeTree
             no updates or deletes recorded against the source, so the table is append-only
  order by : id
             no query-shape evidence available for this table, so this is the primary key rather than a derivation. Populate pg_stat_statements, or compile the application's queries, and re-map before relying on it.
  columns  :
           id                     integer                      -> Int32
           session_id             integer                      -> Nullable(Int32)
           form_name              character varying(100)       -> Nullable(String)
           last_used              timestamp without time zone  -> Nullable(DateTime64(6))

public.open_item
  engine   : MergeTree
             no updates or deletes recorded against the source, so the table is append-only
  order by : id
             no query-shape evidence available for this table, so this is the primary key rather than a derivation. Populate pg_stat_statements, or compile the application's queries, and re-map before relying on it.
  columns  :
           id                     integer                      -> Int32
           item_number            text                         -> String
    LOSSY item_type              character(2)                 -> String
           PostgreSQL pads char(n) and ClickHouse does not; the padding is a real difference; source column is NOT NULL
           account_id             integer                      -> Int32
  1 lossy mapping(s) need an R3 approval before this design is used.

public.orderitems
  engine   : MergeTree
             no updates or deletes recorded against the source, so the table is append-only
  order by : id
             no query-shape evidence available for this table, so this is the primary key rather than a derivation. Populate pg_stat_statements, or compile the application's queries, and re-map before relying on it.
  columns  :
           id                     integer                      -> Int32
    narrow trans_id               integer                      -> Int32
           direct; declared nullable, but the profile measured no nulls in 6241 rows; a null arriving later becomes a load failure rather than a silent default
    narrow parts_id               integer                      -> Int32
           direct; declared nullable, but the profile measured no nulls in 6241 rows; a null arriving later becomes a load failure rather than a silent default
    narrow description            text                         -> LowCardinality(String)
           the profile measured about 114 distinct values in 6241 rows, comfortably inside LowCardinality's useful range; declared nullable, but the profile measured no nulls in 6241 rows; a null arriving later becomes a load failure rather than a silent default
    narrow qty                    numeric                      -> Decimal64(0)
           unconstrained numeric; the measured data uses precision 2 scale 0, so this holds every value seen — and only those; declared nullable, but the profile measured no nulls in 6241 rows; a null arriving later becomes a load failure rather than a silent default
    narrow sellprice              numeric                      -> Decimal64(2)
           unconstrained numeric; the measured data uses precision 5 scale 2, so this holds every value seen — and only those; declared nullable, but the profile measured no nulls in 6241 rows; a null arriving later becomes a load failure rather than a silent default
    narrow precision              integer                      -> Int32
           direct; declared nullable, but the profile measured no nulls in 6241 rows; a null arriving later becomes a load failure rather than a silent default
    narrow discount               numeric                      -> Decimal64(0)
           unconstrained numeric; the measured data uses precision 1 scale 0, so this holds every value seen — and only those; declared nullable, but the profile measured no nulls in 6241 rows; a null arriving later becomes a load failure rather than a silent default
    narrow unit                   character varying(5)         -> LowCardinality(String)
           the profile measured about 2 distinct values in 6241 rows, comfortably inside LowCardinality's useful range; declared nullable, but the profile measured no nulls in 6241 rows; a null arriving later becomes a load failure rather than a silent default
    narrow reqdate                date                         -> Date32
           Date32 covers 1900-2299; dates before 1900 are a COMPAT.CH.DATE_BEFORE_1900 finding; declared nullable, but the profile measured no nulls in 6241 rows; a null arriving later becomes a load failure rather than a silent default
    narrow ship                   numeric                      -> Decimal64(0)
           unconstrained numeric; the measured data uses precision 2 scale 0, so this holds every value seen — and only those; declared nullable, but the profile measured no nulls in 6241 rows; a null arriving later becomes a load failure rather than a silent default
           serialnumber           text                         -> Nullable(String)
           notes                  text                         -> Nullable(String)

public.overpayment
  engine   : MergeTree
             no updates or deletes recorded against the source, so the table is append-only
  order by : id
             no query-shape evidence available for this table, so this is the primary key rather than a derivation. Populate pg_stat_statements, or compile the application's queries, and re-map before relying on it.
  columns  :
           id                     integer                      -> Int32
           open_item_id           integer                      -> Int32
           eca_id                 integer                      -> Int32

public.parts
  engine   : ReplacingMergeTree
             the source updates rows in place, but no column advances on update
  order by : id
             no query-shape evidence available for this table, so this is the primary key rather than a derivation. Populate pg_stat_statements, or compile the application's queries, and re-map before relying on it.
  columns  :
           id                     integer                      -> Int32
    narrow partnumber             text                         -> String
           direct; declared nullable, but the profile measured no nulls in 114 rows; a null arriving later becomes a load failure rather than a silent default
    narrow description            text                         -> String
           direct; declared nullable, but the profile measured no nulls in 114 rows; a null arriving later becomes a load failure rather than a silent default
    narrow unit                   character varying(5)         -> LowCardinality(String)
           the profile measured about 2 distinct values in 114 rows, comfortably inside LowCardinality's useful range; declared nullable, but the profile measured no nulls in 114 rows; a null arriving later becomes a load failure rather than a silent default
    LOSSY listprice              numeric                      -> Decimal128(4)
           unconstrained numeric with no profile. Nothing here is a measurement; run `ekos migrate profile --tier p1` and re-map rather than accepting this default; declared nullable, but the profile measured no nulls in 114 rows; a null arriving later becomes a load failure rather than a silent default
    LOSSY sellprice              numeric                      -> Decimal128(4)
           unconstrained numeric with no profile. Nothing here is a measurement; run `ekos migrate profile --tier p1` and re-map rather than accepting this default; declared nullable, but the profile measured no nulls in 114 rows; a null arriving later becomes a load failure rather than a silent default
    narrow lastcost               numeric                      -> Decimal64(2)
           unconstrained numeric; the measured data uses precision 5 scale 2, so this holds every value seen — and only those; declared nullable, but the profile measured no nulls in 114 rows; a null arriving later becomes a load failure rather than a silent default
    narrow priceupdate            date                         -> Date32
           Date32 covers 1900-2299; dates before 1900 are a COMPAT.CH.DATE_BEFORE_1900 finding; declared nullable, but the profile measured no nulls in 114 rows; a null arriving later becomes a load failure rather than a silent default
    LOSSY weight                 numeric                      -> Nullable(Decimal128(4))
           unconstrained numeric with no profile. Nothing here is a measurement; run `ekos migrate profile --tier p1` and re-map rather than accepting this default; source column is nullable
    LOSSY onhand                 numeric                      -> Decimal128(4)
           unconstrained numeric with no profile. Nothing here is a measurement; run `ekos migrate profile --tier p1` and re-map rather than accepting this default; declared nullable, but the profile measured no nulls in 114 rows; a null arriving later becomes a load failure rather than a silent default
    narrow notes                  text                         -> LowCardinality(String)
           the profile measured about 1 distinct values in 114 rows, comfortably inside LowCardinality's useful range; declared nullable, but the profile measured no nulls in 114 rows; a null arriving later becomes a load failure rather than a silent default
    narrow makemodel              boolean                      -> Bool
           direct; declared nullable, but the profile measured no nulls in 114 rows; a null arriving later becomes a load failure rather than a silent default
    narrow assembly               boolean                      -> Bool
           direct; declared nullable, but the profile measured no nulls in 114 rows; a null arriving later becomes a load failure rather than a silent default
    narrow alternate              boolean                      -> Bool
           direct; declared nullable, but the profile measured no nulls in 114 rows; a null arriving later becomes a load failure rather than a silent default
    LOSSY rop                    numeric                      -> Decimal128(4)
           unconstrained numeric with no profile. Nothing here is a measurement; run `ekos migrate profile --tier p1` and re-map rather than accepting this default; declared nullable, but the profile measured no nulls in 114 rows; a null arriving later becomes a load failure rather than a silent default
           inventory_accno_id     integer                      -> Nullable(Int32)
    narrow income_accno_id        integer                      -> Int32
           direct; declared nullable, but the profile measured no nulls in 114 rows; a null arriving later becomes a load failure rather than a silent default
    narrow expense_accno_id       integer                      -> Int32
           direct; declared nullable, but the profile measured no nulls in 114 rows; a null arriving later becomes a load failure rather than a silent default
           returns_accno_id       integer                      -> Nullable(Int32)
           bin                    text                         -> Nullable(String)
    narrow obsolete               boolean                      -> Bool
           direct; declared nullable, but the profile measured no nulls in 114 rows; a null arriving later becomes a load failure rather than a silent default
    narrow bom                    boolean                      -> Bool
           direct; declared nullable, but the profile measured no nulls in 114 rows; a null arriving later becomes a load failure rather than a silent default
           image                  text                         -> Nullable(String)
           drawing                text                         -> Nullable(String)
           microfiche             text                         -> Nullable(String)
    narrow partsgroup_id          integer                      -> Int32
           direct; declared nullable, but the profile measured no nulls in 114 rows; a null arriving later becomes a load failure rather than a silent default
    LOSSY avgcost                numeric                      -> Nullable(Decimal128(4))
           unconstrained numeric with no profile. Nothing here is a measurement; run `ekos migrate profile --tier p1` and re-map rather than accepting this default; source column is nullable
           custom_attributes      jsonb                        -> Nullable(String)
           stored as text; ClickHouse's JSON type is version-dependent and validated at V2 only; source column is nullable
  6 lossy mapping(s) need an R3 approval before this design is used.
  NEEDS A DECISION: No version column: without one ClickHouse keeps an arbitrary row per key on merge. Inventing a now() would make the load non-deterministic and unvalidatable, so this needs a decision — add an updated_at to the source, or accept last-writer-wins by insertion order.

public.parts_translation
  engine   : MergeTree
             no updates or deletes recorded against the source, so the table is append-only
  order by : trans_id, language_code
             no query-shape evidence available for this table, so this is the primary key rather than a derivation. Populate pg_stat_statements, or compile the application's queries, and re-map before relying on it.
  columns  :
           trans_id               integer                      -> Int32
           language_code          character varying(6)         -> String
           description            text                         -> Nullable(String)

public.partscustomer
  engine   : MergeTree
             no updates or deletes recorded against the source, so the table is append-only
  order by : entry_id
             no query-shape evidence available for this table, so this is the primary key rather than a derivation. Populate pg_stat_statements, or compile the application's queries, and re-map before relying on it.
  columns  :
           parts_id               integer                      -> Nullable(Int32)
           credit_id              integer                      -> Nullable(Int32)
           pricegroup_id          integer                      -> Nullable(Int32)
    LOSSY pricebreak             numeric                      -> Nullable(Decimal128(4))
           unconstrained numeric with no profile. Nothing here is a measurement; run `ekos migrate profile --tier p1` and re-map rather than accepting this default; source column is nullable
    LOSSY sellprice              numeric                      -> Nullable(Decimal128(4))
           unconstrained numeric with no profile. Nothing here is a measurement; run `ekos migrate profile --tier p1` and re-map rather than accepting this default; source column is nullable
           validfrom              date                         -> Nullable(Date32)
           validto                date                         -> Nullable(Date32)
    LOSSY curr                   character(3)                 -> String
           PostgreSQL pads char(n) and ClickHouse does not; the padding is a real difference; source column is NOT NULL
           entry_id               integer                      -> Int32
    LOSSY qty                    numeric                      -> Nullable(Decimal128(4))
           unconstrained numeric with no profile. Nothing here is a measurement; run `ekos migrate profile --tier p1` and re-map rather than accepting this default; source column is nullable
  4 lossy mapping(s) need an R3 approval before this design is used.

public.partsgroup
  engine   : MergeTree
             no updates or deletes recorded against the source, so the table is append-only
  order by : id
             no query-shape evidence available for this table, so this is the primary key rather than a derivation. Populate pg_stat_statements, or compile the application's queries, and re-map before relying on it.
  columns  :
           id                     integer                      -> Int32
    narrow partsgroup             text                         -> String
           direct; declared nullable, but the profile measured no nulls in 8 rows; a null arriving later becomes a load failure rather than a silent default
           parent                 integer                      -> Nullable(Int32)
           last_updated           timestamp without time zone  -> DateTime64(6)

public.partsgroup_translation
  engine   : MergeTree
             no updates or deletes recorded against the source, so the table is append-only
  order by : trans_id, language_code
             no query-shape evidence available for this table, so this is the primary key rather than a derivation. Populate pg_stat_statements, or compile the application's queries, and re-map before relying on it.
  columns  :
           trans_id               integer                      -> Int32
           language_code          character varying(6)         -> String
           description            text                         -> Nullable(String)

public.partstax
  engine   : MergeTree
             no updates or deletes recorded against the source, so the table is append-only
  order by : parts_id, chart_id
             no query-shape evidence available for this table, so this is the primary key rather than a derivation. Populate pg_stat_statements, or compile the application's queries, and re-map before relying on it.
  columns  :
           parts_id               integer                      -> Int32
           chart_id               integer                      -> Int32
           taxcategory_id         integer                      -> Nullable(Int32)

public.partsvendor
  engine   : MergeTree
             no updates or deletes recorded against the source, so the table is append-only
  order by : entry_id
             no query-shape evidence available for this table, so this is the primary key rather than a derivation. Populate pg_stat_statements, or compile the application's queries, and re-map before relying on it.
  columns  :
           credit_id              integer                      -> Int32
           parts_id               integer                      -> Nullable(Int32)
           partnumber             text                         -> Nullable(String)
           leadtime               smallint                     -> Nullable(Int16)
    LOSSY lastcost               numeric                      -> Nullable(Decimal128(4))
           unconstrained numeric with no profile. Nothing here is a measurement; run `ekos migrate profile --tier p1` and re-map rather than accepting this default; source column is nullable
    LOSSY curr                   character(3)                 -> String
           PostgreSQL pads char(n) and ClickHouse does not; the padding is a real difference; source column is NOT NULL
           entry_id               integer                      -> Int32
  2 lossy mapping(s) need an R3 approval before this design is used.

public.payment
  engine   : MergeTree
             no updates or deletes recorded against the source, so the table is append-only
  order by : id
             no query-shape evidence available for this table, so this is the primary key rather than a derivation. Populate pg_stat_statements, or compile the application's queries, and re-map before relying on it.
  columns  :
           id                     integer                      -> Int32
           reference              text                         -> String
           payment_class          integer                      -> Int32
    narrow payment_date           date                         -> Date32
           Date32 covers 1900-2299; dates before 1900 are a COMPAT.CH.DATE_BEFORE_1900 finding; declared nullable, but the profile measured no nulls in 3046 rows; a null arriving later becomes a load failure rather than a silent default
    narrow closed                 boolean                      -> Bool
           direct; declared nullable, but the profile measured no nulls in 3046 rows; a null arriving later becomes a load failure rather than a silent default
    narrow entity_credit_id       integer                      -> Int32
           direct; declared nullable, but the profile measured no nulls in 3046 rows; a null arriving later becomes a load failure rather than a silent default
           employee_id            integer                      -> Nullable(Int32)
    LOSSY currency               character(3)                 -> String
           PostgreSQL pads char(n) and ClickHouse does not; the padding is a real difference; declared nullable, but the profile measured no nulls in 3046 rows; a null arriving later becomes a load failure rather than a silent default
    narrow notes                  text                         -> LowCardinality(String)
           the profile measured about 1 distinct values in 3046 rows, comfortably inside LowCardinality's useful range; declared nullable, but the profile measured no nulls in 3046 rows; a null arriving later becomes a load failure rather than a silent default
           trans_id               integer                      -> Int32
           account_id             integer                      -> Int32
  1 lossy mapping(s) need an R3 approval before this design is used.

public.payment_type
  engine   : MergeTree
             no updates or deletes recorded against the source, so the table is append-only
  order by : label
             no query-shape evidence available for this table, so this is the primary key rather than a derivation. Populate pg_stat_statements, or compile the application's queries, and re-map before relying on it.
  columns  :
           id                     integer                      -> Int32
           label                  text                         -> String

public.payroll_deduction
  engine   : MergeTree
             no updates or deletes recorded against the source, so the table is append-only
  order by : entity_id, type_id
             no query-shape evidence available for this table, so this is the primary key rather than a derivation. Populate pg_stat_statements, or compile the application's queries, and re-map before relying on it.
  columns  :
           entry_id               integer                      -> Int32
           entity_id              integer                      -> Int32
           type_id                integer                      -> Int32
    LOSSY rate                   numeric                      -> Decimal128(4)
           unconstrained numeric with no profile. Nothing here is a measurement; run `ekos migrate profile --tier p1` and re-map rather than accepting this default; source column is NOT NULL
  1 lossy mapping(s) need an R3 approval before this design is used.

public.payroll_deduction_class
  engine   : MergeTree
             no updates or deletes recorded against the source, so the table is append-only
  order by : country_id, label
             no query-shape evidence available for this table, so this is the primary key rather than a derivation. Populate pg_stat_statements, or compile the application's queries, and re-map before relying on it.
  columns  :
           id                     integer                      -> Int32
           country_id             integer                      -> Int32
           label                  text                         -> String
    LOSSY stored_proc_name       name                         -> String
           no mapping rule for this type; String preserves the text form but loses the semantics; source column is NOT NULL
  1 lossy mapping(s) need an R3 approval before this design is used.

public.payroll_deduction_type
  engine   : MergeTree
             no updates or deletes recorded against the source, so the table is append-only
  order by : 
             no query-shape evidence available for this table, so this is the primary key rather than a derivation. Populate pg_stat_statements, or compile the application's queries, and re-map before relying on it.
  columns  :
           id                     integer                      -> Int32
           account_id             integer                      -> Int32
           pdc_id                 integer                      -> Int32
           country_id             integer                      -> Int32
           label                  text                         -> String
           unit                   text                         -> String
    LOSSY default_amount         numeric                      -> Nullable(Decimal128(4))
           unconstrained numeric with no profile. Nothing here is a measurement; run `ekos migrate profile --tier p1` and re-map rather than accepting this default; source column is nullable
           calc_percent           boolean                      -> Bool
  1 lossy mapping(s) need an R3 approval before this design is used.
  NEEDS A DECISION: public.payroll_deduction_type has no primary key and no observed filter predicates, so there is nothing to order by. ClickHouse requires an ORDER BY; choose one before generating DDL.
  DDL not emitted: public.payroll_deduction_type has no ORDER BY. ClickHouse requires one, and choosing it is a design decision (RFC 0159) rather than something the emitter may invent.

public.payroll_employee_class
  engine   : MergeTree
             no updates or deletes recorded against the source, so the table is append-only
  order by : label
             no query-shape evidence available for this table, so this is the primary key rather than a derivation. Populate pg_stat_statements, or compile the application's queries, and re-map before relying on it.
  columns  :
           id                     integer                      -> Int32
           label                  text                         -> String

public.payroll_employee_class_to_income_type
  engine   : MergeTree
             no updates or deletes recorded against the source, so the table is append-only
  order by : ec_id, it_id
             no query-shape evidence available for this table, so this is the primary key rather than a derivation. Populate pg_stat_statements, or compile the application's queries, and re-map before relying on it.
  columns  :
           ec_id                  integer                      -> Int32
           it_id                  integer                      -> Int32

public.payroll_income_category
  engine   : MergeTree
             no updates or deletes recorded against the source, so the table is append-only
  order by : 
             no query-shape evidence available for this table, so this is the primary key rather than a derivation. Populate pg_stat_statements, or compile the application's queries, and re-map before relying on it.
  columns  :
           id                     integer                      -> Int32
    narrow label                  text                         -> String
           direct; declared nullable, but the profile measured no nulls in 4 rows; a null arriving later becomes a load failure rather than a silent default
  NEEDS A DECISION: public.payroll_income_category has no primary key and no observed filter predicates, so there is nothing to order by. ClickHouse requires an ORDER BY; choose one before generating DDL.
  DDL not emitted: public.payroll_income_category has no ORDER BY. ClickHouse requires one, and choosing it is a design decision (RFC 0159) rather than something the emitter may invent.

public.payroll_income_class
  engine   : MergeTree
             no updates or deletes recorded against the source, so the table is append-only
  order by : country_id, label
             no query-shape evidence available for this table, so this is the primary key rather than a derivation. Populate pg_stat_statements, or compile the application's queries, and re-map before relying on it.
  columns  :
           id                     integer                      -> Int32
           country_id             integer                      -> Int32
           label                  text                         -> String

public.payroll_income_type
  engine   : MergeTree
             no updates or deletes recorded against the source, so the table is append-only
  order by : 
             no query-shape evidence available for this table, so this is the primary key rather than a derivation. Populate pg_stat_statements, or compile the application's queries, and re-map before relying on it.
  columns  :
           id                     integer                      -> Int32
           account_id             integer                      -> Int32
           pic_id                 integer                      -> Int32
           country_id             integer                      -> Int32
           label                  text                         -> String
           unit                   text                         -> String
    LOSSY default_amount         numeric                      -> Nullable(Decimal128(4))
           unconstrained numeric with no profile. Nothing here is a measurement; run `ekos migrate profile --tier p1` and re-map rather than accepting this default; source column is nullable
  1 lossy mapping(s) need an R3 approval before this design is used.
  NEEDS A DECISION: public.payroll_income_type has no primary key and no observed filter predicates, so there is nothing to order by. ClickHouse requires an ORDER BY; choose one before generating DDL.
  DDL not emitted: public.payroll_income_type has no ORDER BY. ClickHouse requires one, and choosing it is a design decision (RFC 0159) rather than something the emitter may invent.

public.payroll_paid_timeoff
  engine   : MergeTree
             no updates or deletes recorded against the source, so the table is append-only
  order by : 
             no query-shape evidence available for this table, so this is the primary key rather than a derivation. Populate pg_stat_statements, or compile the application's queries, and re-map before relying on it.
  columns  :
           employee_id            integer                      -> Int32
           pto_class_id           integer                      -> Int32
           report_id              integer                      -> Int32
    LOSSY amount                 numeric                      -> Decimal128(4)
           unconstrained numeric with no profile. Nothing here is a measurement; run `ekos migrate profile --tier p1` and re-map rather than accepting this default; source column is NOT NULL
  1 lossy mapping(s) need an R3 approval before this design is used.
  NEEDS A DECISION: public.payroll_paid_timeoff has no primary key and no observed filter predicates, so there is nothing to order by. ClickHouse requires an ORDER BY; choose one before generating DDL.
  DDL not emitted: public.payroll_paid_timeoff has no ORDER BY. ClickHouse requires one, and choosing it is a design decision (RFC 0159) rather than something the emitter may invent.

public.payroll_pto_class
  engine   : MergeTree
             no updates or deletes recorded against the source, so the table is append-only
  order by : label
             no query-shape evidence available for this table, so this is the primary key rather than a derivation. Populate pg_stat_statements, or compile the application's queries, and re-map before relying on it.
  columns  :
           id                     integer                      -> Int32
           label                  text                         -> String

public.payroll_report
  engine   : MergeTree
             no updates or deletes recorded against the source, so the table is append-only
  order by : id
             no query-shape evidence available for this table, so this is the primary key rather than a derivation. Populate pg_stat_statements, or compile the application's queries, and re-map before relying on it.
  columns  :
           id                     integer                      -> Int32
           ec_id                  integer                      -> Int32
           payment_date           date                         -> Date32
           created_by             integer                      -> Nullable(Int32)
           approved_by            integer                      -> Nullable(Int32)

public.payroll_report_line
  engine   : MergeTree
             no updates or deletes recorded against the source, so the table is append-only
  order by : report_id, employee_id, it_id
             no query-shape evidence available for this table, so this is the primary key rather than a derivation. Populate pg_stat_statements, or compile the application's queries, and re-map before relying on it.
  columns  :
           id                     integer                      -> Int32
           report_id              integer                      -> Int32
           employee_id            integer                      -> Int32
           it_id                  integer                      -> Int32
    LOSSY qty                    numeric                      -> Decimal128(4)
           unconstrained numeric with no profile. Nothing here is a measurement; run `ekos migrate profile --tier p1` and re-map rather than accepting this default; source column is NOT NULL
    LOSSY rate                   numeric                      -> Decimal128(4)
           unconstrained numeric with no profile. Nothing here is a measurement; run `ekos migrate profile --tier p1` and re-map rather than accepting this default; source column is NOT NULL
           description            text                         -> Nullable(String)
  2 lossy mapping(s) need an R3 approval before this design is used.

public.payroll_wage
  engine   : MergeTree
             no updates or deletes recorded against the source, so the table is append-only
  order by : entity_id, type_id
             no query-shape evidence available for this table, so this is the primary key rather than a derivation. Populate pg_stat_statements, or compile the application's queries, and re-map before relying on it.
  columns  :
           entry_id               integer                      -> Int32
           entity_id              integer                      -> Int32
           type_id                integer                      -> Int32
    LOSSY rate                   numeric                      -> Decimal128(4)
           unconstrained numeric with no profile. Nothing here is a measurement; run `ekos migrate profile --tier p1` and re-map rather than accepting this default; source column is NOT NULL
  1 lossy mapping(s) need an R3 approval before this design is used.

public.person
  engine   : MergeTree
             no updates or deletes recorded against the source, so the table is append-only
  order by : id
             no query-shape evidence available for this table, so this is the primary key rather than a derivation. Populate pg_stat_statements, or compile the application's queries, and re-map before relying on it.
  columns  :
           id                     integer                      -> Int32
           entity_id              integer                      -> Int32
           salutation_id          integer                      -> Nullable(Int32)
           first_name             text                         -> String
           middle_name            text                         -> Nullable(String)
           last_name              text                         -> String
           created                date                         -> Date32
           birthdate              date                         -> Nullable(Date32)
           personal_id            text                         -> Nullable(String)

public.person_to_company
  engine   : MergeTree
             no updates or deletes recorded against the source, so the table is append-only
  order by : location_id, person_id
             no query-shape evidence available for this table, so this is the primary key rather than a derivation. Populate pg_stat_statements, or compile the application's queries, and re-map before relying on it.
  columns  :
           location_id            integer                      -> Int32
           person_id              integer                      -> Int32
           company_id             integer                      -> Int32

public.pricegroup
  engine   : MergeTree
             no updates or deletes recorded against the source, so the table is append-only
  order by : id
             no query-shape evidence available for this table, so this is the primary key rather than a derivation. Populate pg_stat_statements, or compile the application's queries, and re-map before relying on it.
  columns  :
           id                     integer                      -> Int32
           pricegroup             text                         -> Nullable(String)
           last_updated           timestamp without time zone  -> DateTime64(6)

public.recurring
  engine   : MergeTree
             no updates or deletes recorded against the source, so the table is append-only
  order by : 
             no query-shape evidence available for this table, so this is the primary key rather than a derivation. Populate pg_stat_statements, or compile the application's queries, and re-map before relying on it.
  columns  :
           id                     integer                      -> Int32
           reference              text                         -> Nullable(String)
           startdate              date                         -> Nullable(Date32)
           nextdate               date                         -> Nullable(Date32)
           enddate                date                         -> Nullable(Date32)
    LOSSY recurring_interval     interval                     -> Nullable(String)
           ClickHouse has no composite interval; a months/days/microseconds split is the real mapping and needs a decision; source column is nullable
           howmany                integer                      -> Nullable(Int32)
           payment                boolean                      -> Nullable(Bool)
  1 lossy mapping(s) need an R3 approval before this design is used.
  NEEDS A DECISION: public.recurring has no primary key and no observed filter predicates, so there is nothing to order by. ClickHouse requires an ORDER BY; choose one before generating DDL.
  DDL not emitted: public.recurring has no ORDER BY. ClickHouse requires one, and choosing it is a design decision (RFC 0159) rather than something the emitter may invent.

public.recurringemail
  engine   : MergeTree
             no updates or deletes recorded against the source, so the table is append-only
  order by : id, formname
             no query-shape evidence available for this table, so this is the primary key rather than a derivation. Populate pg_stat_statements, or compile the application's queries, and re-map before relying on it.
  columns  :
           id                     integer                      -> Int32
           formname               text                         -> String
           format                 text                         -> Nullable(String)
           message                text                         -> Nullable(String)

public.recurringprint
  engine   : MergeTree
             no updates or deletes recorded against the source, so the table is append-only
  order by : id, formname
             no query-shape evidence available for this table, so this is the primary key rather than a derivation. Populate pg_stat_statements, or compile the application's queries, and re-map before relying on it.
  columns  :
           id                     integer                      -> Int32
           formname               text                         -> String
           format                 text                         -> Nullable(String)
           printer                text                         -> Nullable(String)

public.robot
  engine   : MergeTree
             no updates or deletes recorded against the source, so the table is append-only
  order by : id
             no query-shape evidence available for this table, so this is the primary key rather than a derivation. Populate pg_stat_statements, or compile the application's queries, and re-map before relying on it.
  columns  :
           id                     integer                      -> Int32
           entity_id              integer                      -> Int32
           first_name             text                         -> Nullable(String)
           middle_name            text                         -> Nullable(String)
           last_name              text                         -> String
           created                date                         -> Date32

public.salutation
  engine   : MergeTree
             no updates or deletes recorded against the source, so the table is append-only
  order by : salutation
             no query-shape evidence available for this table, so this is the primary key rather than a derivation. Populate pg_stat_statements, or compile the application's queries, and re-map before relying on it.
  columns  :
           id                     integer                      -> Int32
           salutation             text                         -> String

public.session
  engine   : MergeTree
             no updates or deletes recorded against the source, so the table is append-only
  order by : session_id
             no query-shape evidence available for this table, so this is the primary key rather than a derivation. Populate pg_stat_statements, or compile the application's queries, and re-map before relying on it.
  columns  :
           session_id             integer                      -> Int32
           token                  character varying(32)        -> Nullable(String)
           last_used              timestamp without time zone  -> Nullable(DateTime64(6))
           ttl                    integer                      -> Int32
           users_id               integer                      -> Int32
    LOSSY notify_pasword         interval                     -> String
           ClickHouse has no composite interval; a months/days/microseconds split is the real mapping and needs a decision; source column is NOT NULL
  1 lossy mapping(s) need an R3 approval before this design is used.

public.session_history
  engine   : MergeTree
             no updates or deletes recorded against the source, so the table is append-only
  order by : session_id
             no query-shape evidence available for this table, so this is the primary key rather than a derivation. Populate pg_stat_statements, or compile the application's queries, and re-map before relying on it.
  columns  :
           session_id             integer                      -> Int32
           users_id               integer                      -> Int32
           created                timestamp without time zone  -> DateTime64(6)
           last_used              timestamp without time zone  -> Nullable(DateTime64(6))
           ended                  timestamp without time zone  -> Nullable(DateTime64(6))
           termination_reason     text                         -> Nullable(String)

public.sic
  engine   : MergeTree
             no updates or deletes recorded against the source, so the table is append-only
  order by : code
             no query-shape evidence available for this table, so this is the primary key rather than a derivation. Populate pg_stat_statements, or compile the application's queries, and re-map before relying on it.
  columns  :
           code                   character varying(6)         -> String
    LOSSY sictype                character(1)                 -> Nullable(String)
           PostgreSQL pads char(n) and ClickHouse does not; the padding is a real difference; source column is nullable
           description            text                         -> Nullable(String)
           last_updated           timestamp without time zone  -> DateTime64(6)
           custom_attributes      jsonb                        -> Nullable(String)
           stored as text; ClickHouse's JSON type is version-dependent and validated at V2 only; source column is nullable
  1 lossy mapping(s) need an R3 approval before this design is used.

public.tax
  engine   : MergeTree
             no updates or deletes recorded against the source, so the table is append-only
  order by : chart_id, validto
             no query-shape evidence available for this table, so this is the primary key rather than a derivation. Populate pg_stat_statements, or compile the application's queries, and re-map before relying on it.
  columns  :
           chart_id               integer                      -> Int32
    LOSSY rate                   numeric                      -> Decimal128(4)
           unconstrained numeric with no profile. Nothing here is a measurement; run `ekos migrate profile --tier p1` and re-map rather than accepting this default; declared nullable, but the profile measured no nulls in 1 rows; a null arriving later becomes a load failure rather than a silent default
    LOSSY minvalue               numeric                      -> Nullable(Decimal128(4))
           unconstrained numeric with no profile. Nothing here is a measurement; run `ekos migrate profile --tier p1` and re-map rather than accepting this default; source column is nullable
    LOSSY maxvalue               numeric                      -> Nullable(Decimal128(4))
           unconstrained numeric with no profile. Nothing here is a measurement; run `ekos migrate profile --tier p1` and re-map rather than accepting this default; source column is nullable
    narrow taxnumber              text                         -> String
           direct; declared nullable, but the profile measured no nulls in 1 rows; a null arriving later becomes a load failure rather than a silent default
           validto                timestamp without time zone  -> DateTime64(6)
           pass                   integer                      -> Int32
           taxmodule_id           integer                      -> Int32
  3 lossy mapping(s) need an R3 approval before this design is used.

public.tax_exempt_reason
  engine   : MergeTree
             no updates or deletes recorded against the source, so the table is append-only
  order by : id
             no query-shape evidence available for this table, so this is the primary key rather than a derivation. Populate pg_stat_statements, or compile the application's queries, and re-map before relying on it.
  columns  :
           id                     integer                      -> Int32
    narrow description            text                         -> String
           direct; declared nullable, but the profile measured no nulls in 2 rows; a null arriving later becomes a load failure rather than a silent default

public.tax_extended
  engine   : MergeTree
             no updates or deletes recorded against the source, so the table is append-only
  order by : entry_id
             no query-shape evidence available for this table, so this is the primary key rather than a derivation. Populate pg_stat_statements, or compile the application's queries, and re-map before relying on it.
  columns  :
    LOSSY tax_basis              numeric                      -> Nullable(Decimal128(4))
           unconstrained numeric with no profile. Nothing here is a measurement; run `ekos migrate profile --tier p1` and re-map rather than accepting this default; source column is nullable
    LOSSY rate                   numeric                      -> Nullable(Decimal128(4))
           unconstrained numeric with no profile. Nothing here is a measurement; run `ekos migrate profile --tier p1` and re-map rather than accepting this default; source column is nullable
           entry_id               integer                      -> Int32
  2 lossy mapping(s) need an R3 approval before this design is used.

public.taxcategory
  engine   : MergeTree
             no updates or deletes recorded against the source, so the table is append-only
  order by : taxcategory_id
             no query-shape evidence available for this table, so this is the primary key rather than a derivation. Populate pg_stat_statements, or compile the application's queries, and re-map before relying on it.
  columns  :
           taxcategory_id         integer                      -> Int32
           taxcategoryname        text                         -> String
           taxmodule_id           integer                      -> Int32

public.taxmodule
  engine   : MergeTree
             no updates or deletes recorded against the source, so the table is append-only
  order by : taxmodule_id
             no query-shape evidence available for this table, so this is the primary key rather than a derivation. Populate pg_stat_statements, or compile the application's queries, and re-map before relying on it.
  columns  :
           taxmodule_id           integer                      -> Int32
           taxmodulename          text                         -> String

public.template
  engine   : MergeTree
             no updates or deletes recorded against the source, so the table is append-only
  order by : 
             no query-shape evidence available for this table, so this is the primary key rather than a derivation. Populate pg_stat_statements, or compile the application's queries, and re-map before relying on it.
  columns  :
           id                     integer                      -> Int32
           template_name          text                         -> String
           language_code          character varying(6)         -> Nullable(String)
           template               text                         -> String
           format                 text                         -> String
           last_modified          timestamp without time zone  -> DateTime64(6)
  NEEDS A DECISION: public.template has no primary key and no observed filter predicates, so there is nothing to order by. ClickHouse requires an ORDER BY; choose one before generating DDL.
  DDL not emitted: public.template has no ORDER BY. ClickHouse requires one, and choosing it is a design decision (RFC 0159) rather than something the emitter may invent.

public.trans_type
  engine   : ReplacingMergeTree
             the source updates rows in place, but no column advances on update
  order by : code
             no query-shape evidence available for this table, so this is the primary key rather than a derivation. Populate pg_stat_statements, or compile the application's queries, and re-map before relying on it.
  columns  :
    LOSSY code                   character(2)                 -> String
           PostgreSQL pads char(n) and ClickHouse does not; the padding is a real difference; source column is NOT NULL
    narrow description            character varying(1000)      -> String
           direct; declared nullable, but the profile measured no nulls in 12 rows; a null arriving later becomes a load failure rather than a silent default
           details_table          text                         -> Nullable(String)
  1 lossy mapping(s) need an R3 approval before this design is used.
  NEEDS A DECISION: No version column: without one ClickHouse keeps an arbitrary row per key on merge. Inventing a now() would make the load non-deterministic and unvalidatable, so this needs a decision — add an updated_at to the source, or accept last-writer-wins by insertion order.

public.transactions
  engine   : MergeTree
             no updates or deletes recorded against the source, so the table is append-only
  order by : id
             no query-shape evidence available for this table, so this is the primary key rather than a derivation. Populate pg_stat_statements, or compile the application's queries, and re-map before relying on it.
  columns  :
           id                     integer                      -> Int32
           locked_by              integer                      -> Nullable(Int32)
           approved               boolean                      -> Bool
           approved_by            integer                      -> Nullable(Int32)
           approved_at            timestamp without time zone  -> Nullable(DateTime64(6))
    narrow transdate              date                         -> Date32
           Date32 covers 1900-2299; dates before 1900 are a COMPAT.CH.DATE_BEFORE_1900 finding; declared nullable, but the profile measured no nulls in 6623 rows; a null arriving later becomes a load failure rather than a silent default
           workflow_id            integer                      -> Nullable(Int32)
           reversing              integer                      -> Nullable(Int32)
    narrow reference              text                         -> String
           direct; declared nullable, but the profile measured no nulls in 6623 rows; a null arriving later becomes a load failure rather than a silent default
           description            text                         -> Nullable(String)
    LOSSY trans_type_code        character(2)                 -> String
           PostgreSQL pads char(n) and ClickHouse does not; the padding is a real difference; source column is NOT NULL
           entered_by             integer                      -> Nullable(Int32)
           notes                  text                         -> Nullable(String)
           batch_id               integer                      -> Nullable(Int32)
  1 lossy mapping(s) need an R3 approval before this design is used.

public.trial_balance__yearend_types
  engine   : MergeTree
             no updates or deletes recorded against the source, so the table is append-only
  order by : type
             no query-shape evidence available for this table, so this is the primary key rather than a derivation. Populate pg_stat_statements, or compile the application's queries, and re-map before relying on it.
  columns  :
           type                   text                         -> String

public.user_preference
  engine   : MergeTree
             no updates or deletes recorded against the source, so the table is append-only
  order by : id
             no query-shape evidence available for this table, so this is the primary key rather than a derivation. Populate pg_stat_statements, or compile the application's queries, and re-map before relying on it.
  columns  :
           id                     integer                      -> Int32
           user_id                integer                      -> Nullable(Int32)
           name                   text                         -> String
           value                  text                         -> String

public.users
  engine   : MergeTree
             no updates or deletes recorded against the source, so the table is append-only
  order by : username
             no query-shape evidence available for this table, so this is the primary key rather than a derivation. Populate pg_stat_statements, or compile the application's queries, and re-map before relying on it.
  columns  :
           id                     integer                      -> Int32
           username               character varying(30)        -> String
    LOSSY notify_password        interval                     -> String
           ClickHouse has no composite interval; a months/days/microseconds split is the real mapping and needs a decision; source column is NOT NULL
           entity_id              integer                      -> Int32
  1 lossy mapping(s) need an R3 approval before this design is used.

public.warehouse
  engine   : MergeTree
             no updates or deletes recorded against the source, so the table is append-only
  order by : id
             no query-shape evidence available for this table, so this is the primary key rather than a derivation. Populate pg_stat_statements, or compile the application's queries, and re-map before relying on it.
  columns  :
           id                     integer                      -> Int32
           description            text                         -> Nullable(String)
           last_updated           timestamp without time zone  -> DateTime64(6)

public.warehouse_inventory
  engine   : MergeTree
             no updates or deletes recorded against the source, so the table is append-only
  order by : entry_id
             no query-shape evidence available for this table, so this is the primary key rather than a derivation. Populate pg_stat_statements, or compile the application's queries, and re-map before relying on it.
  columns  :
           entity_id              integer                      -> Nullable(Int32)
           warehouse_id           integer                      -> Nullable(Int32)
           parts_id               integer                      -> Nullable(Int32)
           trans_id               integer                      -> Nullable(Int32)
           orderitems_id          integer                      -> Nullable(Int32)
    LOSSY qty                    numeric                      -> Nullable(Decimal128(4))
           unconstrained numeric with no profile. Nothing here is a measurement; run `ekos migrate profile --tier p1` and re-map rather than accepting this default; source column is nullable
           shippingdate           date                         -> Nullable(Date32)
           entry_id               integer                      -> Int32
  1 lossy mapping(s) need an R3 approval before this design is used.

public.workflow
  engine   : MergeTree
             no updates or deletes recorded against the source, so the table is append-only
  order by : workflow_id
             no query-shape evidence available for this table, so this is the primary key rather than a derivation. Populate pg_stat_statements, or compile the application's queries, and re-map before relying on it.
  columns  :
           workflow_id            integer                      -> Int32
           type                   character varying(50)        -> LowCardinality(String)
           state                  character varying(30)        -> LowCardinality(String)
    narrow last_update            timestamp without time zone  -> DateTime64(6)
           no zone applied: a no-TZ column is a wall-clock reading; declared nullable, but the profile measured no nulls in 3046 rows; a null arriving later becomes a load failure rather than a silent default

public.workflow_context
  engine   : MergeTree
             no updates or deletes recorded against the source, so the table is append-only
  order by : workflow_id
             no query-shape evidence available for this table, so this is the primary key rather than a derivation. Populate pg_stat_statements, or compile the application's queries, and re-map before relying on it.
  columns  :
           workflow_id            integer                      -> Int32
           context                jsonb                        -> Nullable(String)
           stored as text; ClickHouse's JSON type is version-dependent and validated at V2 only; source column is nullable

public.workflow_history
  engine   : MergeTree
             no updates or deletes recorded against the source, so the table is append-only
  order by : workflow_hist_id
             no query-shape evidence available for this table, so this is the primary key rather than a derivation. Populate pg_stat_statements, or compile the application's queries, and re-map before relying on it.
  columns  :
           workflow_hist_id       integer                      -> Int32
           workflow_id            integer                      -> Int32
           action                 character varying(25)        -> String
           description            character varying(255)       -> Nullable(String)
           state                  character varying(30)        -> String
           workflow_user          character varying(50)        -> Nullable(String)
           history_date           timestamp without time zone  -> Nullable(DateTime64(6))
           workflow_entity_id     integer                      -> Nullable(Int32)

public.yearend
  engine   : MergeTree
             no updates or deletes recorded against the source, so the table is append-only
  order by : trans_id
             no query-shape evidence available for this table, so this is the primary key rather than a derivation. Populate pg_stat_statements, or compile the application's queries, and re-map before relying on it.
  columns  :
           trans_id               integer                      -> Int32
           reversed               boolean                      -> Nullable(Bool)
           transdate              date                         -> Nullable(Date32)

DDL for 158 table(s) written to /home/legion/PycharmProjects/ledgersmb-analytics-demo/clickhouse/ddl/ekos_generated_raw.sql
### exit=0  wall=2.3s

### 2026-09-28T14:53:22Z  ekos migrate load --unit public.account
Error: query failed: db error: ERROR: COALESCE types text and integer cannot be matched
sql: SELECT COALESCE(min("accno"), 0), COALESCE(max("accno"), -1) FROM "public"."account"
### exit=1  wall=0.6s

### 2026-09-28T14:55:49Z  ekos migrate load --unit public.account
Error: invalid policy file /home/legion/PycharmProjects/ledgersmb-analytics-demo/migration/migrate.policy.toml: TOML parse error at line 7, column 1
  |
7 | [thresholds]
  | ^^^^^^^^^^^^
missing field `blast_radius`

### exit=1  wall=0.5s

### 2026-09-28T14:55:50Z  ekos migrate validate --unit public.account --tier v3
  skipping custom_attributes: no canonical rule for jsonb
Error: clickhouse query failed: clickhouse: Code: 60. DB::Exception: Unknown table expression identifier 'lsmb_raw.account' in scope SELECT count(*) FROM lsmb_raw.account. (UNKNOWN_TABLE) (version 24.8.14.39 (official build))

### exit=1  wall=0.4s

### 2026-09-28T14:57:25Z  ekos migrate load --unit public.account
public.account -> lsmb_raw.account (sandbox, 1 chunk(s))
  [ddl_create] public.account:ddl ok
  [dml_insert] public.account:chunk:0 ok

Loaded. Validate with `ekos migrate validate --unit public.account`.
### exit=0  wall=1.8s

### 2026-09-28T14:57:27Z  ekos migrate validate --unit public.account --tier v3
  skipping custom_attributes: no canonical rule for jsonb
public.account -> lsmb_raw.account
  source LSN: 0/25146C20
  v1 passed — 0 control(s) fired
    read via postgres:lsmb-pg/ledgersmb and clickhouse:reader
  v2 passed — 0 control(s) fired
    read via postgres:lsmb-pg/ledgersmb and clickhouse:reader
  v3 passed — 0 control(s) fired
    read via postgres:lsmb-pg/ledgersmb and clickhouse:reader

Every tier run passed. Note: no planted controls were run, so this says the tiers found nothing — not that they would have.
### exit=0  wall=0.9s

### 2026-09-28T14:57:35Z  ekos migrate load --unit public.account
public.account -> lsmb_raw.account (sandbox, 1 chunk(s))
Error: public.account:ddl is R3 and has no matching approval.
  R3 because: 37 downstream consumers depend on this (threshold 10)

Raise one with `ekos migrate review --unit public.account --env sandbox`, then approve it. Approving is human-only and has no MCP equivalent, by design.
### exit=1  wall=1.3s

### 2026-09-28T14:57:36Z  ekos migrate validate --unit public.account --tier v3
  skipping custom_attributes: no canonical rule for jsonb
Error: clickhouse query failed: clickhouse: Code: 60. DB::Exception: Unknown table expression identifier 'lsmb_raw.account' in scope SELECT count(*) FROM lsmb_raw.account. (UNKNOWN_TABLE) (version 24.8.14.39 (official build))

### exit=1  wall=0.4s

### 2026-09-28T14:57:36Z  ekos migrate load --unit public.account_heading
public.account_heading -> lsmb_raw.account_heading (sandbox, 1 chunk(s))
  [ddl_create] public.account_heading:ddl ok
  [dml_insert] public.account_heading:chunk:0 ok

Loaded. Validate with `ekos migrate validate --unit public.account_heading`.
### exit=0  wall=1.6s

### 2026-09-28T14:57:38Z  ekos migrate validate --unit public.account_heading --tier v3
public.account_heading -> lsmb_raw.account_heading
  source LSN: 0/25146C20
  v1 passed — 0 control(s) fired
    read via postgres:lsmb-pg/ledgersmb and clickhouse:reader
  v2 passed — 0 control(s) fired
    read via postgres:lsmb-pg/ledgersmb and clickhouse:reader
  v3 passed — 0 control(s) fired
    read via postgres:lsmb-pg/ledgersmb and clickhouse:reader

Every tier run passed. Note: no planted controls were run, so this says the tiers found nothing — not that they would have.
### exit=0  wall=0.8s

### 2026-09-28T14:57:39Z  ekos migrate load --unit public.account_link
public.account_link -> lsmb_raw.account_link (sandbox, 1 chunk(s))
  [ddl_create] public.account_link:ddl ok
  [dml_insert] public.account_link:chunk:0 ok

Loaded. Validate with `ekos migrate validate --unit public.account_link`.
### exit=0  wall=1.6s

### 2026-09-28T14:57:40Z  ekos migrate validate --unit public.account_link --tier v3
public.account_link -> lsmb_raw.account_link
  source LSN: 0/25146C20
  v1 passed — 0 control(s) fired
    read via postgres:lsmb-pg/ledgersmb and clickhouse:reader
  v2 passed — 0 control(s) fired
    read via postgres:lsmb-pg/ledgersmb and clickhouse:reader
  v3 passed — 0 control(s) fired
    read via postgres:lsmb-pg/ledgersmb and clickhouse:reader

Every tier run passed. Note: no planted controls were run, so this says the tiers found nothing — not that they would have.
### exit=0  wall=0.9s

### 2026-09-28T14:57:41Z  ekos migrate load --unit public.acc_trans
public.acc_trans -> lsmb_raw.acc_trans (sandbox, 1 chunk(s))
Error: public.acc_trans:ddl is R3 and has no matching approval.
  R3 because: 11 downstream consumers depend on this (threshold 10)

Raise one with `ekos migrate review --unit public.acc_trans --env sandbox`, then approve it. Approving is human-only and has no MCP equivalent, by design.
### exit=1  wall=1.3s

### 2026-09-28T14:57:43Z  ekos migrate validate --unit public.acc_trans --tier v3
  skipping additional_data: no canonical rule for jsonb
Error: clickhouse query failed: clickhouse: Code: 60. DB::Exception: Unknown table expression identifier 'lsmb_raw.acc_trans' in scope SELECT count(*) FROM lsmb_raw.acc_trans. (UNKNOWN_TABLE) (version 24.8.14.39 (official build))

### exit=1  wall=0.4s

### 2026-09-28T14:57:43Z  ekos migrate load --unit public.transactions
public.transactions -> lsmb_raw.transactions (sandbox, 1 chunk(s))
Error: public.transactions:ddl is R3 and has no matching approval.
  R3 because: 26 downstream consumers depend on this (threshold 10)

Raise one with `ekos migrate review --unit public.transactions --env sandbox`, then approve it. Approving is human-only and has no MCP equivalent, by design.
### exit=1  wall=1.3s

### 2026-09-28T14:57:44Z  ekos migrate validate --unit public.transactions --tier v3
Error: clickhouse query failed: clickhouse: Code: 60. DB::Exception: Unknown table expression identifier 'lsmb_raw.transactions' in scope SELECT count(*) FROM lsmb_raw.transactions. (UNKNOWN_TABLE) (version 24.8.14.39 (official build))

### exit=1  wall=0.4s

### 2026-09-28T14:57:45Z  ekos migrate load --unit public.gl
public.gl -> lsmb_raw.gl (sandbox, 1 chunk(s))
  [ddl_create] public.gl:ddl ok
  [dml_insert] public.gl:chunk:0 ok

Loaded. Validate with `ekos migrate validate --unit public.gl`.
### exit=0  wall=1.6s

### 2026-09-28T14:57:46Z  ekos migrate validate --unit public.gl --tier v3
public.gl -> lsmb_raw.gl
  source LSN: 0/25146C20
  v1 passed — 0 control(s) fired
    read via postgres:lsmb-pg/ledgersmb and clickhouse:reader
  v2 passed — 0 control(s) fired
    read via postgres:lsmb-pg/ledgersmb and clickhouse:reader
  v3 passed — 0 control(s) fired
    read via postgres:lsmb-pg/ledgersmb and clickhouse:reader

Every tier run passed. Note: no planted controls were run, so this says the tiers found nothing — not that they would have.
### exit=0  wall=0.8s

### 2026-09-28T14:57:47Z  ekos migrate load --unit public.ar
public.ar -> lsmb_raw.ar (sandbox, 1 chunk(s))
  [ddl_create] public.ar:ddl ok
  [dml_insert] public.ar:chunk:0 ok

Loaded. Validate with `ekos migrate validate --unit public.ar`.
### exit=0  wall=1.6s

### 2026-09-28T14:57:49Z  ekos migrate validate --unit public.ar --tier v3
public.ar -> lsmb_raw.ar
  source LSN: 0/25146C20
  v1 passed — 0 control(s) fired
    read via postgres:lsmb-pg/ledgersmb and clickhouse:reader
  v2 FAILED — 10 unexplained divergence(s)
    read via postgres:lsmb-pg/ledgersmb and clickhouse:reader
    public.ar:force_closed:nulls — nulls differs
    public.ar:force_closed:min — min differs
    public.ar:force_closed:max — max differs
    public.ar:force_closed:length_sum — length_sum differs
    public.ar:amount_bc:length_sum — length_sum differs
    public.ar:amount_tc:length_sum — length_sum differs
    public.ar:netamount_bc:max — max differs
    public.ar:netamount_bc:length_sum — length_sum differs
    public.ar:netamount_tc:max — max differs
    public.ar:netamount_tc:length_sum — length_sum differs
  v3 FAILED — 64 unexplained divergence(s)
    read via postgres:lsmb-pg/ledgersmb and clickhouse:reader
    public.ar:bucket:0 — source count 56 sum 32110166312577921268, target count 56 sum 32588328468188168450
    public.ar:bucket:1 — source count 42 sum 24632107088902020944, target count 42 sum 23923308225619272997
    public.ar:bucket:2 — source count 49 sum 31120624477070213495, target count 49 sum 30034499756626646278
    public.ar:bucket:3 — source count 49 sum 31276829842393050445, target count 49 sum 29511834768430545647
    public.ar:bucket:4 — source count 56 sum 26245463105705161163, target count 56 sum 32743151502877953639
    public.ar:bucket:5 — source count 44 sum 23913776993746263010, target count 44 sum 26551355706801716863
    public.ar:bucket:6 — source count 52 sum 30561772689882919390, target count 52 sum 29425317445850761392
    public.ar:bucket:7 — source count 46 sum 23306616215765387321, target count 46 sum 24671429823097012394
    public.ar:bucket:8 — source count 59 sum 37405848537864412770, target count 59 sum 33685007771523502098
    public.ar:bucket:9 — source count 63 sum 35848249423680795110, target count 63 sum 35613672740733462098
    public.ar:bucket:10 — source count 43 sum 27121798619105983228, target count 43 sum 24503566208504981416
    public.ar:bucket:11 — source count 51 sum 27589269801415362531, target count 51 sum 30680416240871403790
    public.ar:bucket:12 — source count 49 sum 26576926535528212670, target count 49 sum 26196144511225269372
    public.ar:bucket:13 — source count 43 sum 25378877792477570824, target count 43 sum 24419538667880683694
    public.ar:bucket:14 — source count 47 sum 27689228121784442392, target count 47 sum 26623654921636082616
    public.ar:bucket:15 — source count 58 sum 28487309175523867881, target count 58 sum 31939528754617689635
    public.ar:bucket:16 — source count 53 sum 26842396590603525294, target count 53 sum 28392926403209665691
    public.ar:bucket:17 — source count 54 sum 39822722719791192287, target count 54 sum 31492230346970150226
    public.ar:bucket:18 — source count 47 sum 28538990654917557304, target count 47 sum 25914646276611878672
    public.ar:bucket:19 — source count 42 sum 24892275239151418615, target count 42 sum 23613782183679327539
    public.ar:bucket:20 — source count 51 sum 28221404642657621612, target count 51 sum 30143411455314852879
    public.ar:bucket:21 — source count 53 sum 28345816418920435053, target count 53 sum 34432447860055576898
    public.ar:bucket:22 — source count 49 sum 29393029729208919029, target count 49 sum 31288140149537070594
    public.ar:bucket:23 — source count 48 sum 29050948102877921537, target count 48 sum 26615678686885354279
    public.ar:bucket:24 — source count 69 sum 37743918435036869002, target count 69 sum 38636775957848187375
    public.ar:bucket:25 — source count 52 sum 30383332633484336407, target count 52 sum 32228821077095121827
    public.ar:bucket:26 — source count 54 sum 35035234601920585056, target count 54 sum 37567531964924235917
    public.ar:bucket:27 — source count 47 sum 25924963128237781155, target count 47 sum 25798657607304025163
    public.ar:bucket:28 — source count 52 sum 26892991459308913228, target count 52 sum 27016199614281706428
    public.ar:bucket:29 — source count 47 sum 32167906392384412808, target count 47 sum 27240534306687255844
    public.ar:bucket:30 — source count 52 sum 27819401780767995267, target count 52 sum 27731013488968668040
    public.ar:bucket:31 — source count 51 sum 28316421695986128098, target count 51 sum 30634082522495765693
    public.ar:bucket:32 — source count 55 sum 32285037978878896390, target count 55 sum 35779380442679881344
    public.ar:bucket:33 — source count 45 sum 26079715349541763039, target count 45 sum 26241819608244584198
    public.ar:bucket:34 — source count 58 sum 31927774202312381882, target count 58 sum 30397422651343287253
    public.ar:bucket:35 — source count 44 sum 25885938697829994924, target count 44 sum 27244545945434934911
    public.ar:bucket:36 — source count 54 sum 30980712506237798672, target count 54 sum 35330330976453007086
    public.ar:bucket:37 — source count 43 sum 24726535581262619485, target count 43 sum 25824800989050222402
    public.ar:bucket:38 — source count 69 sum 41603089955584313777, target count 69 sum 37037309514715658909
    public.ar:bucket:39 — source count 59 sum 27273291121947711182, target count 59 sum 34079631264070319316
    public.ar:bucket:40 — source count 53 sum 29879282189016302708, target count 53 sum 33425844905699915351
    public.ar:bucket:41 — source count 44 sum 26226823434231210673, target count 44 sum 23292587897005433282
    public.ar:bucket:42 — source count 61 sum 34308063894700319546, target count 61 sum 41498277900273370304
    public.ar:bucket:43 — source count 54 sum 38075093627857152485, target count 54 sum 30823804941356886936
    public.ar:bucket:44 — source count 43 sum 24929385639712399613, target count 43 sum 20479942566898236462
    public.ar:bucket:45 — source count 49 sum 30410018760200997144, target count 49 sum 27554103628242140678
    public.ar:bucket:46 — source count 42 sum 27116029773218003661, target count 42 sum 23898475016236484188
    public.ar:bucket:47 — source count 44 sum 21661705733865312346, target count 44 sum 27183130608699725815
    public.ar:bucket:48 — source count 44 sum 28268361006626550167, target count 44 sum 25526668399211873060
    public.ar:bucket:49 — source count 60 sum 34528687821879472157, target count 60 sum 36247519451930389343
    public.ar:bucket:50 — source count 53 sum 31293039756087150759, target count 53 sum 30843554938741299836
    public.ar:bucket:51 — source count 53 sum 29304521646235325517, target count 53 sum 30636624627323836732
    public.ar:bucket:52 — source count 54 sum 33443968422542856165, target count 54 sum 32529262663463013530
    public.ar:bucket:53 — source count 61 sum 39429986207739844301, target count 61 sum 33966741029083366368
    public.ar:bucket:54 — source count 49 sum 28863983899550332720, target count 49 sum 28259373072534707628
    public.ar:bucket:55 — source count 56 sum 31743216153278081146, target count 56 sum 31182350153973043844
    public.ar:bucket:56 — source count 39 sum 21318303884764649887, target count 39 sum 21275677941990543603
    public.ar:bucket:57 — source count 44 sum 25657328813149726503, target count 44 sum 27661822928114133708
    public.ar:bucket:58 — source count 53 sum 31246089922477614368, target count 53 sum 31406736484047958084
    public.ar:bucket:59 — source count 47 sum 23104217515365651095, target count 47 sum 24302885899951946922
    public.ar:bucket:60 — source count 57 sum 37963608090288893488, target count 57 sum 33682822388130575385
    public.ar:bucket:61 — source count 41 sum 23485423101768060942, target count 41 sum 25984830975761952685
    public.ar:bucket:62 — source count 40 sum 24547195209340201459, target count 40 sum 23775332886267089771
    public.ar:bucket:63 — source count 42 sum 21381149714297295653, target count 42 sum 23174780601669845226

Validation failed. Bisect the failed buckets with RFC 0156's V4 path.
### exit=0  wall=0.5s

### 2026-09-28T14:57:49Z  ekos migrate load --unit public.ap
public.ap -> lsmb_raw.ap (sandbox, 1 chunk(s))
  [ddl_create] public.ap:ddl ok
  [dml_insert] public.ap:chunk:0 ok

Loaded. Validate with `ekos migrate validate --unit public.ap`.
### exit=0  wall=1.6s

### 2026-09-28T14:57:51Z  ekos migrate validate --unit public.ap --tier v3
public.ap -> lsmb_raw.ap
  source LSN: 0/25146C20
  v1 passed — 0 control(s) fired
    read via postgres:lsmb-pg/ledgersmb and clickhouse:reader
  v2 FAILED — 8 unexplained divergence(s)
    read via postgres:lsmb-pg/ledgersmb and clickhouse:reader
    public.ap:force_closed:nulls — nulls differs
    public.ap:force_closed:min — min differs
    public.ap:force_closed:max — max differs
    public.ap:force_closed:length_sum — length_sum differs
    public.ap:amount_bc:max — max differs
    public.ap:amount_tc:max — max differs
    public.ap:netamount_bc:max — max differs
    public.ap:netamount_tc:max — max differs
  v3 FAILED — 64 unexplained divergence(s)
    read via postgres:lsmb-pg/ledgersmb and clickhouse:reader
    public.ap:bucket:0 — source count 2 sum 519026151179617824, target count 2 sum 1057392867074376056
    public.ap:bucket:1 — source count 3 sum 1682972282133512706, target count 3 sum 1420390581949232108
    public.ap:bucket:2 — source count 3 sum 1124069467468753757, target count 3 sum 1031431051055995548
    public.ap:bucket:3 — source count 4 sum 1964850584138377919, target count 4 sum 2630917370576603331
    public.ap:bucket:4 — source count 2 sum 383963528366537060, target count 2 sum 1654676446641414500
    public.ap:bucket:5 — source count 2 sum 1891693109120331867, target count 2 sum 1525947159760830406
    public.ap:bucket:6 — source count 1 sum 124360496545146176, target count 1 sum 1098540648609150030
    public.ap:bucket:7 — source count 5 sum 3605774783579727404, target count 5 sum 2223821538336849819
    public.ap:bucket:8 — source count 4 sum 1856834958559484418, target count 4 sum 2908595303024776177
    public.ap:bucket:9 — source count 2 sum 1236595026059657212, target count 2 sum 939702097417342340
    public.ap:bucket:10 — source count 9 sum 6968829404507716496, target count 9 sum 5060096984183205895
    public.ap:bucket:11 — source count 3 sum 1994020257403747732, target count 3 sum 2027358267431295273
    public.ap:bucket:12 — source count 2 sum 1953163337588529818, target count 2 sum 1478624990717245831
    public.ap:bucket:13 — source count 1 sum 552057796766565263, target count 1 sum 11981174224201132
    public.ap:bucket:14 — source count 2 sum 243482685921662818, target count 2 sum 260928883246610339
    public.ap:bucket:15 — source count 5 sum 3072475722714416726, target count 5 sum 3295360828206431761
    public.ap:bucket:16 — source count 2 sum 1734418960373949008, target count 2 sum 1150808583344753376
    public.ap:bucket:17 — source count 3 sum 2090404862078788262, target count 3 sum 2064802697746389323
    public.ap:bucket:18 — source count 7 sum 4743166690974593076, target count 7 sum 5381209792546932728
    public.ap:bucket:19 — source count 4 sum 2862383703152032802, target count 4 sum 3342876452439175622
    public.ap:bucket:20 — source count 2 sum 615812894749428261, target count 2 sum 897752086165137054
    public.ap:bucket:21 — source count 3 sum 1415986474155956939, target count 3 sum 778649103713929197
    public.ap:bucket:22 — source count 6 sum 3299860597532059260, target count 6 sum 2973604908838293309
    public.ap:bucket:23 — source count 4 sum 2197064723228866328, target count 4 sum 2948363763628988507
    public.ap:bucket:24 — source count 3 sum 1336702526513758027, target count 3 sum 1428207309483910023
    public.ap:bucket:25 — source count 1 sum 57179896113444798, target count 1 sum 50891192552004720
    public.ap:bucket:26 — source count 1 sum 948664901604883361, target count 1 sum 457953875572351219
    public.ap:bucket:27 — source count 3 sum 1706850711598292588, target count 3 sum 2440468651622118451
    public.ap:bucket:28 — source count 4 sum 3237890298382682037, target count 4 sum 2994665789287054656
    public.ap:bucket:29 — source count 2 sum 2036285949801972473, target count 2 sum 1240214551590678490
    public.ap:bucket:30 — source count 3 sum 2467908234092442892, target count 3 sum 1412930903190565151
    public.ap:bucket:31 — source count 3 sum 2166614266914837525, target count 3 sum 2266027158593171102
    public.ap:bucket:32 — source count 4 sum 1816797557500207342, target count 4 sum 2055046335525727783
    public.ap:bucket:33 — source count 2 sum 1304632542386551310, target count 2 sum 1078541569600001273
    public.ap:bucket:34 — source count 2 sum 1833773130848176882, target count 2 sum 323226541437894666
    public.ap:bucket:35 — source count 3 sum 1674344647606248291, target count 3 sum 2798436557659420237
    public.ap:bucket:36 — source count 6 sum 3776397695117265708, target count 6 sum 3820476205727207017
    public.ap:bucket:37 — source count 5 sum 2747317321722671375, target count 5 sum 3196693458714396094
    public.ap:bucket:38 — source count 3 sum 1893352044387562407, target count 3 sum 1403855229032368256
    public.ap:bucket:39 — source count 4 sum 2984069175582117798, target count 4 sum 1956444442338776982
    public.ap:bucket:40 — source count 2 sum 965812665587724441, target count 2 sum 1051882540173347705
    public.ap:bucket:41 — source count 4 sum 3054571290406079589, target count 4 sum 1716610448885993345
    public.ap:bucket:42 — source count 5 sum 3037176030987667600, target count 5 sum 3845499077572170515
    public.ap:bucket:43 — source count 2 sum 600321611925462430, target count 2 sum 1586745278380447958
    public.ap:bucket:44 — source count 3 sum 2175110875150757091, target count 3 sum 1486256241941868082
    public.ap:bucket:45 — source count 5 sum 3582557895076960603, target count 5 sum 3559507644285918604
    public.ap:bucket:46 — source count 8 sum 6351616494232965286, target count 8 sum 5935754503963012199
    public.ap:bucket:47 — source count 4 sum 1901969258410973033, target count 4 sum 1203358860513872689
    public.ap:bucket:48 — source count 4 sum 2946757010454095412, target count 4 sum 3618519449248126979
    public.ap:bucket:49 — source count 1 sum 1023935771437150065, target count 1 sum 212415633588458282
    public.ap:bucket:50 — source count 5 sum 4006887962913577427, target count 5 sum 3344945354760206419
    public.ap:bucket:51 — source count 1 sum 982834536875077265, target count 1 sum 257530441534281362
    public.ap:bucket:52 — source count 3 sum 2071082119224540091, target count 3 sum 1405546967358201418
    public.ap:bucket:53 — source count 3 sum 1852418952151123050, target count 3 sum 763188166291938740
    public.ap:bucket:54 — source count 4 sum 1674552905070613979, target count 4 sum 2139130276672659129
    public.ap:bucket:55 — source count 6 sum 3845173979562884363, target count 6 sum 3998996676946212253
    public.ap:bucket:56 — source count 3 sum 1344762242908695877, target count 3 sum 1853925905837412694
    public.ap:bucket:57 — source count 6 sum 3733885110808480456, target count 6 sum 2246737207184872280
    public.ap:bucket:58 — source count 5 sum 3438527986828574125, target count 5 sum 2324371740067537979
    public.ap:bucket:59 — source count 3 sum 1250195867318671948, target count 3 sum 2779600556040359997
    public.ap:bucket:60 — source count 3 sum 1472198775134675266, target count 3 sum 1323161881055847496
    public.ap:bucket:61 — source count 5 sum 3580621419298122890, target count 5 sum 1475988949624255888
    public.ap:bucket:62 — source count 6 sum 3334028636855241791, target count 6 sum 2691697478293361866
    public.ap:bucket:63 — source count 2 sum 615258308088548067, target count 2 sum 1410088380719594080

Validation failed. Bisect the failed buckets with RFC 0156's V4 path.
### exit=0  wall=0.4s

### 2026-09-28T14:57:51Z  ekos migrate load --unit public.payment
public.payment -> lsmb_raw.payment (sandbox, 1 chunk(s))
  [ddl_create] public.payment:ddl ok
  [dml_insert] public.payment:chunk:0 ok

Loaded. Validate with `ekos migrate validate --unit public.payment`.
### exit=0  wall=1.6s

### 2026-09-28T14:57:53Z  ekos migrate validate --unit public.payment --tier v3
public.payment -> lsmb_raw.payment
  source LSN: 0/25146C20
  v1 passed — 0 control(s) fired
    read via postgres:lsmb-pg/ledgersmb and clickhouse:reader
  v2 passed — 0 control(s) fired
    read via postgres:lsmb-pg/ledgersmb and clickhouse:reader
  v3 passed — 0 control(s) fired
    read via postgres:lsmb-pg/ledgersmb and clickhouse:reader

Every tier run passed. Note: no planted controls were run, so this says the tiers found nothing — not that they would have.
### exit=0  wall=0.8s

### 2026-09-28T14:57:54Z  ekos migrate load --unit public.open_item
public.open_item -> lsmb_raw.open_item (sandbox, 1 chunk(s))
  [ddl_create] public.open_item:ddl ok
  [dml_insert] public.open_item:chunk:0 ok

Loaded. Validate with `ekos migrate validate --unit public.open_item`.
### exit=0  wall=1.7s

### 2026-09-28T14:57:56Z  ekos migrate validate --unit public.open_item --tier v3
public.open_item -> lsmb_raw.open_item
  source LSN: 0/25146C20
  v1 passed — 0 control(s) fired
    read via postgres:lsmb-pg/ledgersmb and clickhouse:reader
  v2 passed — 0 control(s) fired
    read via postgres:lsmb-pg/ledgersmb and clickhouse:reader
  v3 passed — 0 control(s) fired
    read via postgres:lsmb-pg/ledgersmb and clickhouse:reader

Every tier run passed. Note: no planted controls were run, so this says the tiers found nothing — not that they would have.
### exit=0  wall=0.8s

### 2026-09-28T14:57:56Z  ekos migrate load --unit public.tax
public.tax -> lsmb_raw.tax (sandbox, 1 chunk(s))
  [ddl_create] public.tax:ddl ok
Error: clickhouse: Code: 41. DB::Exception: Cannot parse DateTime: While executing PostgreSQL. (CANNOT_PARSE_DATETIME) (version 24.8.14.39 (official build))

### exit=1  wall=1.3s

### 2026-09-28T14:57:58Z  ekos migrate validate --unit public.tax --tier v3
public.tax -> lsmb_raw.tax
  source LSN: 0/25146C20
  v1 FAILED — 1 unexplained divergence(s)
    read via postgres:lsmb-pg/ledgersmb and clickhouse:reader
    public.tax:count — source 1 rows, target 0 rows (delta -1)
  v2 FAILED — 23 unexplained divergence(s)
    read via postgres:lsmb-pg/ledgersmb and clickhouse:reader
    public.tax:chart_id:min — min differs
    public.tax:chart_id:max — max differs
    public.tax:chart_id:length_sum — length_sum differs
    public.tax:rate:min — min differs
    public.tax:rate:max — max differs
    public.tax:rate:length_sum — length_sum differs
    public.tax:minvalue:nulls — nulls differs
    public.tax:minvalue:length_sum — length_sum differs
    public.tax:maxvalue:nulls — nulls differs
    public.tax:maxvalue:length_sum — length_sum differs
    public.tax:taxnumber:min — min differs
    public.tax:taxnumber:max — max differs
    public.tax:taxnumber:length_sum — length_sum differs
    public.tax:validto:nulls — nulls differs
    public.tax:validto:min — min differs
    public.tax:validto:max — max differs
    public.tax:validto:length_sum — length_sum differs
    public.tax:pass:min — min differs
    public.tax:pass:max — max differs
    public.tax:pass:length_sum — length_sum differs
    public.tax:taxmodule_id:min — min differs
    public.tax:taxmodule_id:max — max differs
    public.tax:taxmodule_id:length_sum — length_sum differs
  v3 FAILED — 1 unexplained divergence(s)
    read via postgres:lsmb-pg/ledgersmb and clickhouse:reader
    public.tax:bucket:54 — source count 1 sum 183107875700554722, target count 0 sum 0

Validation failed. Bisect the failed buckets with RFC 0156's V4 path.
### exit=0  wall=0.4s

### 2026-09-28T14:57:58Z  ekos migrate load --unit public.trans_type
public.trans_type -> lsmb_raw.trans_type (sandbox, 1 chunk(s))
  [ddl_create] public.trans_type:ddl ok
  [dml_insert] public.trans_type:chunk:0 ok

Loaded. Validate with `ekos migrate validate --unit public.trans_type`.
### exit=0  wall=1.7s

### 2026-09-28T14:58:00Z  ekos migrate validate --unit public.trans_type --tier v3
public.trans_type -> lsmb_raw.trans_type
  source LSN: 0/25146C20
  v1 passed — 0 control(s) fired
    read via postgres:lsmb-pg/ledgersmb and clickhouse:reader
  v2 passed — 0 control(s) fired
    read via postgres:lsmb-pg/ledgersmb and clickhouse:reader
  v3 passed — 0 control(s) fired
    read via postgres:lsmb-pg/ledgersmb and clickhouse:reader

Every tier run passed. Note: no planted controls were run, so this says the tiers found nothing — not that they would have.
### exit=0  wall=0.8s

### 2026-09-28T14:58:01Z  ekos migrate load --unit public.currency
public.currency -> lsmb_raw.currency (sandbox, 1 chunk(s))
  [ddl_create] public.currency:ddl ok
  [dml_insert] public.currency:chunk:0 ok

Loaded. Validate with `ekos migrate validate --unit public.currency`.
### exit=0  wall=1.6s

### 2026-09-28T14:58:02Z  ekos migrate validate --unit public.currency --tier v3
public.currency -> lsmb_raw.currency
  source LSN: 0/25146C20
  v1 passed — 0 control(s) fired
    read via postgres:lsmb-pg/ledgersmb and clickhouse:reader
  v2 passed — 0 control(s) fired
    read via postgres:lsmb-pg/ledgersmb and clickhouse:reader
  v3 passed — 0 control(s) fired
    read via postgres:lsmb-pg/ledgersmb and clickhouse:reader

Every tier run passed. Note: no planted controls were run, so this says the tiers found nothing — not that they would have.
### exit=0  wall=0.8s

### 2026-09-28T14:58:03Z  ekos migrate load --unit public.parts
public.parts -> lsmb_raw.parts (sandbox, 1 chunk(s))
Error: public.parts:ddl is R3 and has no matching approval.
  R3 because: 27 downstream consumers depend on this (threshold 10)

Raise one with `ekos migrate review --unit public.parts --env sandbox`, then approve it. Approving is human-only and has no MCP equivalent, by design.
### exit=1  wall=1.4s

### 2026-09-28T14:58:04Z  ekos migrate validate --unit public.parts --tier v3
  skipping custom_attributes: no canonical rule for jsonb
Error: clickhouse query failed: clickhouse: Code: 60. DB::Exception: Unknown table expression identifier 'lsmb_raw.parts' in scope SELECT count(*) FROM lsmb_raw.parts. (UNKNOWN_TABLE) (version 24.8.14.39 (official build))

### exit=1  wall=0.4s

### 2026-09-28T14:58:05Z  ekos migrate load --unit public.partsgroup
public.partsgroup -> lsmb_raw.partsgroup (sandbox, 1 chunk(s))
  [ddl_create] public.partsgroup:ddl ok
  [dml_insert] public.partsgroup:chunk:0 ok

Loaded. Validate with `ekos migrate validate --unit public.partsgroup`.
### exit=0  wall=1.7s

### 2026-09-28T14:58:06Z  ekos migrate validate --unit public.partsgroup --tier v3
public.partsgroup -> lsmb_raw.partsgroup
  source LSN: 0/25146C20
  v1 passed — 0 control(s) fired
    read via postgres:lsmb-pg/ledgersmb and clickhouse:reader
  v2 FAILED — 1 unexplained divergence(s)
    read via postgres:lsmb-pg/ledgersmb and clickhouse:reader
    public.partsgroup:partsgroup:length_sum — length_sum differs
  v3 passed — 0 control(s) fired
    read via postgres:lsmb-pg/ledgersmb and clickhouse:reader

Validation failed. Bisect the failed buckets with RFC 0156's V4 path.
### exit=0  wall=0.4s

### 2026-09-28T14:58:07Z  ekos migrate load --unit public.partstax
public.partstax -> lsmb_raw.partstax (sandbox, 1 chunk(s))
  [ddl_create] public.partstax:ddl ok
  [dml_insert] public.partstax:chunk:0 ok

Loaded. Validate with `ekos migrate validate --unit public.partstax`.
### exit=0  wall=1.8s

### 2026-09-28T14:58:09Z  ekos migrate validate --unit public.partstax --tier v3
public.partstax -> lsmb_raw.partstax
  source LSN: 0/25146C20
  v1 passed — 0 control(s) fired
    read via postgres:lsmb-pg/ledgersmb and clickhouse:reader
  v2 passed — 0 control(s) fired
    read via postgres:lsmb-pg/ledgersmb and clickhouse:reader
  v3 passed — 0 control(s) fired
    read via postgres:lsmb-pg/ledgersmb and clickhouse:reader

Every tier run passed. Note: no planted controls were run, so this says the tiers found nothing — not that they would have.
### exit=0  wall=0.8s

### 2026-09-28T14:58:10Z  ekos migrate load --unit public.invoice
public.invoice -> lsmb_raw.invoice (sandbox, 1 chunk(s))
  [ddl_create] public.invoice:ddl ok
  [dml_insert] public.invoice:chunk:0 ok

Loaded. Validate with `ekos migrate validate --unit public.invoice`.
### exit=0  wall=1.7s

### 2026-09-28T14:58:11Z  ekos migrate validate --unit public.invoice --tier v3
public.invoice -> lsmb_raw.invoice
  source LSN: 0/25146C20
  v1 passed — 0 control(s) fired
    read via postgres:lsmb-pg/ledgersmb and clickhouse:reader
  v2 FAILED — 2 unexplained divergence(s)
    read via postgres:lsmb-pg/ledgersmb and clickhouse:reader
    public.invoice:sellprice:length_sum — length_sum differs
    public.invoice:fxsellprice:length_sum — length_sum differs
  v3 FAILED — 64 unexplained divergence(s)
    read via postgres:lsmb-pg/ledgersmb and clickhouse:reader
    public.invoice:bucket:0 — source count 159 sum 95138638050686338901, target count 159 sum 97172498524818590330
    public.invoice:bucket:1 — source count 156 sum 87263262804658602503, target count 156 sum 90599537055940541356
    public.invoice:bucket:2 — source count 162 sum 93288293299377930043, target count 162 sum 95671157627221634733
    public.invoice:bucket:3 — source count 161 sum 97884261144564119335, target count 161 sum 96936764244377703441
    public.invoice:bucket:4 — source count 167 sum 89846949499436285776, target count 167 sum 100341261571953745978
    public.invoice:bucket:5 — source count 152 sum 84869389855733427832, target count 152 sum 87494060483752254348
    public.invoice:bucket:6 — source count 161 sum 94272717819048171489, target count 161 sum 92423221750760487307
    public.invoice:bucket:7 — source count 173 sum 95549872535265345505, target count 173 sum 95742654514898628826
    public.invoice:bucket:8 — source count 160 sum 97088791700471045874, target count 160 sum 96244569877313661509
    public.invoice:bucket:9 — source count 159 sum 87896537457124201409, target count 159 sum 93687008432592210696
    public.invoice:bucket:10 — source count 165 sum 96803958973867661973, target count 165 sum 97095675059025932675
    public.invoice:bucket:11 — source count 166 sum 96000448382428699300, target count 166 sum 93508175979292132932
    public.invoice:bucket:12 — source count 158 sum 92371960063508526134, target count 158 sum 90754143862622616451
    public.invoice:bucket:13 — source count 138 sum 77048689521102254334, target count 138 sum 77529704823980681848
    public.invoice:bucket:14 — source count 164 sum 95718191131676580251, target count 164 sum 95375210222778363089
    public.invoice:bucket:15 — source count 163 sum 87729075436113888201, target count 163 sum 89884739843739904357
    public.invoice:bucket:16 — source count 157 sum 86509945672530556343, target count 157 sum 92225298236224300351
    public.invoice:bucket:17 — source count 150 sum 86191861236108613709, target count 150 sum 90845632737887774872
    public.invoice:bucket:18 — source count 162 sum 86648289871876181947, target count 162 sum 88046909153060221822
    public.invoice:bucket:19 — source count 145 sum 84417132721983634490, target count 145 sum 89204067938293587934
    public.invoice:bucket:20 — source count 158 sum 89676932037313935479, target count 158 sum 89111473098782442380
    public.invoice:bucket:21 — source count 161 sum 88897177564052321304, target count 161 sum 92713892296341829772
    public.invoice:bucket:22 — source count 158 sum 99006189563427683971, target count 158 sum 95897688757038121144
    public.invoice:bucket:23 — source count 161 sum 89123002431188159702, target count 161 sum 92156335465127025776
    public.invoice:bucket:24 — source count 162 sum 96810082417954988353, target count 162 sum 94247633804456164694
    public.invoice:bucket:25 — source count 162 sum 99205511624957818479, target count 162 sum 88148528824380886605
    public.invoice:bucket:26 — source count 166 sum 97201667288607459484, target count 166 sum 97045306566038472377
    public.invoice:bucket:27 — source count 135 sum 80056928672260115572, target count 135 sum 75275867638809827198
    public.invoice:bucket:28 — source count 154 sum 93313640362268109483, target count 154 sum 89125149255217699179
    public.invoice:bucket:29 — source count 167 sum 92890162424387943272, target count 167 sum 94444371874827627286
    public.invoice:bucket:30 — source count 173 sum 96619381477729644675, target count 173 sum 101501956567732121124
    public.invoice:bucket:31 — source count 158 sum 91982143947946475104, target count 158 sum 90736057041367069791
    public.invoice:bucket:32 — source count 184 sum 105944486085330805945, target count 184 sum 105022171702053864611
    public.invoice:bucket:33 — source count 131 sum 70536894389618944015, target count 131 sum 73403038748468574901
    public.invoice:bucket:34 — source count 182 sum 105216838992626036475, target count 182 sum 109868061079221744041
    public.invoice:bucket:35 — source count 156 sum 96103946685367770365, target count 156 sum 92059233133951140775
    public.invoice:bucket:36 — source count 173 sum 94596814925331038308, target count 173 sum 92931665672264530496
    public.invoice:bucket:37 — source count 146 sum 82661847487120564367, target count 146 sum 84961572031724008715
    public.invoice:bucket:38 — source count 170 sum 98590513695012618443, target count 170 sum 105274919185313919658
    public.invoice:bucket:39 — source count 170 sum 99422698953182315461, target count 170 sum 100466672313058782626
    public.invoice:bucket:40 — source count 165 sum 94750114315165105220, target count 165 sum 93562868599806940789
    public.invoice:bucket:41 — source count 150 sum 93330098140957316438, target count 150 sum 92564717166288148659
    public.invoice:bucket:42 — source count 178 sum 103180362637629664346, target count 178 sum 105084938087617925036
    public.invoice:bucket:43 — source count 154 sum 93896935732182322150, target count 154 sum 90733038256864613714
    public.invoice:bucket:44 — source count 153 sum 87734350989810217847, target count 153 sum 92811725478821448573
    public.invoice:bucket:45 — source count 153 sum 86572762129883167689, target count 153 sum 87996884428579863970
    public.invoice:bucket:46 — source count 167 sum 94211021339213563292, target count 167 sum 92723203102889044240
    public.invoice:bucket:47 — source count 137 sum 81859687469876923158, target count 137 sum 75330271843523015964
    public.invoice:bucket:48 — source count 167 sum 90469244997564678540, target count 167 sum 96801943283848944971
    public.invoice:bucket:49 — source count 166 sum 101275328602733655038, target count 166 sum 93120902660670450504
    public.invoice:bucket:50 — source count 168 sum 100401861593375114344, target count 168 sum 100020474433733658715
    public.invoice:bucket:51 — source count 142 sum 74437658629418394875, target count 142 sum 82533955039154596385
    public.invoice:bucket:52 — source count 147 sum 85491951913902700606, target count 147 sum 85231833113684904778
    public.invoice:bucket:53 — source count 168 sum 94017780122784528507, target count 168 sum 93554089769972042456
    public.invoice:bucket:54 — source count 163 sum 92735286875892714498, target count 163 sum 87486257311606038445
    public.invoice:bucket:55 — source count 169 sum 91974269335544796126, target count 169 sum 91003345437367167501
    public.invoice:bucket:56 — source count 151 sum 87786730105396840694, target count 151 sum 86190645562401516816
    public.invoice:bucket:57 — source count 143 sum 83366683806456070303, target count 143 sum 81991110446319218487
    public.invoice:bucket:58 — source count 168 sum 92223346203325062820, target count 168 sum 90997985013592608539
    public.invoice:bucket:59 — source count 151 sum 87294550881814313316, target count 151 sum 84878207337770499932
    public.invoice:bucket:60 — source count 150 sum 86538391022745359446, target count 150 sum 88718589219397213741
    public.invoice:bucket:61 — source count 143 sum 81691335120271985290, target count 143 sum 84574594059727660673
    public.invoice:bucket:62 — source count 151 sum 88996712599079339056, target count 151 sum 86752979609768389326
    public.invoice:bucket:63 — source count 139 sum 78745245299547196602, target count 139 sum 87183814003824316541

Validation failed. Bisect the failed buckets with RFC 0156's V4 path.
### exit=0  wall=0.6s

### 2026-09-28T14:58:12Z  ekos migrate load --unit public.oe
public.oe -> lsmb_raw.oe (sandbox, 1 chunk(s))
  [ddl_create] public.oe:ddl ok
  [dml_insert] public.oe:chunk:0 ok

Loaded. Validate with `ekos migrate validate --unit public.oe`.
### exit=0  wall=1.7s

### 2026-09-28T14:58:14Z  ekos migrate validate --unit public.oe --tier v3
public.oe -> lsmb_raw.oe
  source LSN: 0/25146C20
  v1 passed — 0 control(s) fired
    read via postgres:lsmb-pg/ledgersmb and clickhouse:reader
  v2 FAILED — 2 unexplained divergence(s)
    read via postgres:lsmb-pg/ledgersmb and clickhouse:reader
    public.oe:amount_tc:length_sum — length_sum differs
    public.oe:netamount_tc:length_sum — length_sum differs
  v3 FAILED — 64 unexplained divergence(s)
    read via postgres:lsmb-pg/ledgersmb and clickhouse:reader
    public.oe:bucket:0 — source count 33 sum 14942748148330774257, target count 33 sum 17351700174068651495
    public.oe:bucket:1 — source count 27 sum 15911965592108487261, target count 27 sum 13437137299715327139
    public.oe:bucket:2 — source count 40 sum 19055686860831506643, target count 40 sum 23620064262885399256
    public.oe:bucket:3 — source count 33 sum 17153035282935438797, target count 33 sum 16676626207645330759
    public.oe:bucket:4 — source count 39 sum 19389370722866575785, target count 39 sum 19944844418245982433
    public.oe:bucket:5 — source count 33 sum 20811328117115260930, target count 33 sum 19553957224989475905
    public.oe:bucket:6 — source count 31 sum 16893320159036556041, target count 31 sum 16452943819857606945
    public.oe:bucket:7 — source count 34 sum 21123832089526845910, target count 34 sum 19088195122905678842
    public.oe:bucket:8 — source count 27 sum 15820636330129972009, target count 27 sum 12114791604469050922
    public.oe:bucket:9 — source count 39 sum 24721086536775249172, target count 39 sum 24991071221003871229
    public.oe:bucket:10 — source count 35 sum 21907720704460086332, target count 35 sum 20231974332986373465
    public.oe:bucket:11 — source count 32 sum 14886435416824599169, target count 32 sum 17831409029481166322
    public.oe:bucket:12 — source count 42 sum 24128985289622623854, target count 42 sum 24689744588670750544
    public.oe:bucket:13 — source count 33 sum 15970144158706796261, target count 33 sum 18185447709040744804
    public.oe:bucket:14 — source count 36 sum 22411999506625937782, target count 36 sum 23600005613075364438
    public.oe:bucket:15 — source count 27 sum 15056284399187234029, target count 27 sum 15021397197287105749
    public.oe:bucket:16 — source count 28 sum 14599168602047762498, target count 28 sum 17368529348055191035
    public.oe:bucket:17 — source count 36 sum 23683001811019214749, target count 36 sum 19947519584237416009
    public.oe:bucket:18 — source count 34 sum 18958560885501520782, target count 34 sum 19677992769125880005
    public.oe:bucket:19 — source count 35 sum 18617447991644029836, target count 35 sum 18824338263387451522
    public.oe:bucket:20 — source count 37 sum 23423251623887850397, target count 37 sum 21792564283718828701
    public.oe:bucket:21 — source count 32 sum 20156686377968438365, target count 32 sum 21854082535471426278
    public.oe:bucket:22 — source count 27 sum 14259414022932237124, target count 27 sum 17015806911159642570
    public.oe:bucket:23 — source count 38 sum 25719465238351621801, target count 38 sum 25938243574257791225
    public.oe:bucket:24 — source count 36 sum 21107219616104545520, target count 36 sum 17839747783501787961
    public.oe:bucket:25 — source count 25 sum 14723254287610574901, target count 25 sum 16782682799375412649
    public.oe:bucket:26 — source count 32 sum 17931500936087292919, target count 32 sum 18563691683637285466
    public.oe:bucket:27 — source count 29 sum 18672193431819259528, target count 29 sum 17687629542153154820
    public.oe:bucket:28 — source count 39 sum 21888946926809572974, target count 39 sum 22956497791042824845
    public.oe:bucket:29 — source count 28 sum 12531128777135371483, target count 28 sum 15579172860059900895
    public.oe:bucket:30 — source count 43 sum 26860146815000102179, target count 43 sum 25265485763350962542
    public.oe:bucket:31 — source count 33 sum 15566063178355086755, target count 33 sum 18474405218515613811
    public.oe:bucket:32 — source count 33 sum 19212305320251153724, target count 33 sum 17212621195393728953
    public.oe:bucket:33 — source count 29 sum 17674754149607552794, target count 29 sum 17893733633833284702
    public.oe:bucket:34 — source count 38 sum 23685506113403998403, target count 38 sum 22084503343666061837
    public.oe:bucket:35 — source count 34 sum 20541811478184651090, target count 34 sum 23140167226085773354
    public.oe:bucket:36 — source count 32 sum 17077233453290021698, target count 32 sum 20248396173267265470
    public.oe:bucket:37 — source count 31 sum 17280229622053122196, target count 31 sum 18440097516710031303
    public.oe:bucket:38 — source count 33 sum 21693695602415223233, target count 33 sum 21469019607733461560
    public.oe:bucket:39 — source count 39 sum 21339470654174478629, target count 39 sum 20863181146037315503
    public.oe:bucket:40 — source count 33 sum 20982705952832202514, target count 33 sum 19978054110418269324
    public.oe:bucket:41 — source count 29 sum 15330823418503427353, target count 29 sum 14343989298844332094
    public.oe:bucket:42 — source count 34 sum 18291378500203463202, target count 34 sum 19809320167708589580
    public.oe:bucket:43 — source count 33 sum 21538337503655723091, target count 33 sum 21708080467001086186
    public.oe:bucket:44 — source count 29 sum 16887838185630890626, target count 29 sum 17959279243540100019
    public.oe:bucket:45 — source count 35 sum 18698527690948688176, target count 35 sum 19124538466055651477
    public.oe:bucket:46 — source count 35 sum 19416684742151202658, target count 35 sum 15814655484503772178
    public.oe:bucket:47 — source count 26 sum 15104023459171561757, target count 26 sum 13908364755457668408
    public.oe:bucket:48 — source count 29 sum 17919889259220324026, target count 29 sum 15519168359879472121
    public.oe:bucket:49 — source count 32 sum 19711438558186121410, target count 32 sum 19680093239914595503
    public.oe:bucket:50 — source count 38 sum 23532230592945545950, target count 38 sum 20119505034108235733
    public.oe:bucket:51 — source count 29 sum 15961306249941361228, target count 29 sum 17846082287244998269
    public.oe:bucket:52 — source count 41 sum 23188235637706260262, target count 41 sum 22762009106840579203
    public.oe:bucket:53 — source count 43 sum 23970964546363829602, target count 43 sum 23397653928966922228
    public.oe:bucket:54 — source count 39 sum 24339621738215519619, target count 39 sum 24984784615924859431
    public.oe:bucket:55 — source count 38 sum 22935301512425222977, target count 38 sum 22269615666818777994
    public.oe:bucket:56 — source count 36 sum 19254340817465422608, target count 36 sum 16276923662591145706
    public.oe:bucket:57 — source count 26 sum 14273613824198810874, target count 26 sum 15730795924588791800
    public.oe:bucket:58 — source count 29 sum 20103791578043801852, target count 29 sum 17376384558572767651
    public.oe:bucket:59 — source count 35 sum 21917418849360017385, target count 35 sum 21041348806203441645
    public.oe:bucket:60 — source count 26 sum 16436424776656666451, target count 26 sum 15474055367312286160
    public.oe:bucket:61 — source count 33 sum 20926242817984283163, target count 33 sum 18014092389329202962
    public.oe:bucket:62 — source count 35 sum 19088445647659681789, target count 35 sum 20128715516928031706
    public.oe:bucket:63 — source count 23 sum 12062194795879186393, target count 23 sum 12336306192508731366

Validation failed. Bisect the failed buckets with RFC 0156's V4 path.
### exit=0  wall=0.5s

### 2026-09-28T14:58:14Z  ekos migrate load --unit public.oe_class
public.oe_class -> lsmb_raw.oe_class (sandbox, 1 chunk(s))
  [ddl_create] public.oe_class:ddl ok
  [dml_insert] public.oe_class:chunk:0 ok

Loaded. Validate with `ekos migrate validate --unit public.oe_class`.
### exit=0  wall=1.6s

### 2026-09-28T14:58:16Z  ekos migrate validate --unit public.oe_class --tier v3
public.oe_class -> lsmb_raw.oe_class
  source LSN: 0/25146C20
  v1 passed — 0 control(s) fired
    read via postgres:lsmb-pg/ledgersmb and clickhouse:reader
  v2 passed — 0 control(s) fired
    read via postgres:lsmb-pg/ledgersmb and clickhouse:reader
  v3 passed — 0 control(s) fired
    read via postgres:lsmb-pg/ledgersmb and clickhouse:reader

Every tier run passed. Note: no planted controls were run, so this says the tiers found nothing — not that they would have.
### exit=0  wall=0.8s

### 2026-09-28T14:58:17Z  ekos migrate load --unit public.orderitems
public.orderitems -> lsmb_raw.orderitems (sandbox, 1 chunk(s))
  [ddl_create] public.orderitems:ddl ok
  [dml_insert] public.orderitems:chunk:0 ok

Loaded. Validate with `ekos migrate validate --unit public.orderitems`.
### exit=0  wall=1.6s

### 2026-09-28T14:58:18Z  ekos migrate validate --unit public.orderitems --tier v3
public.orderitems -> lsmb_raw.orderitems
  source LSN: 0/25146C20
  v1 passed — 0 control(s) fired
    read via postgres:lsmb-pg/ledgersmb and clickhouse:reader
  v2 FAILED — 1 unexplained divergence(s)
    read via postgres:lsmb-pg/ledgersmb and clickhouse:reader
    public.orderitems:sellprice:length_sum — length_sum differs
  v3 FAILED — 64 unexplained divergence(s)
    read via postgres:lsmb-pg/ledgersmb and clickhouse:reader
    public.orderitems:bucket:0 — source count 102 sum 57826782092333435104, target count 102 sum 56709983698989354989
    public.orderitems:bucket:1 — source count 88 sum 52600454613762948562, target count 88 sum 52625462705881560753
    public.orderitems:bucket:2 — source count 103 sum 56549937105151031310, target count 103 sum 54732656867385171858
    public.orderitems:bucket:3 — source count 102 sum 65031482211195165447, target count 102 sum 65383794817714503806
    public.orderitems:bucket:4 — source count 99 sum 61066249275662899471, target count 99 sum 51617597346647436553
    public.orderitems:bucket:5 — source count 88 sum 51626677375456346768, target count 88 sum 51388235796155164659
    public.orderitems:bucket:6 — source count 102 sum 58482137896852403528, target count 102 sum 55431732944008983614
    public.orderitems:bucket:7 — source count 99 sum 57982940648349809019, target count 99 sum 52548346136577950118
    public.orderitems:bucket:8 — source count 105 sum 56567994121512319332, target count 105 sum 60235958285640014171
    public.orderitems:bucket:9 — source count 100 sum 60993385049702441528, target count 100 sum 57403259697817609908
    public.orderitems:bucket:10 — source count 101 sum 56403137749990408830, target count 101 sum 56705758895824705642
    public.orderitems:bucket:11 — source count 102 sum 57458202748265348925, target count 102 sum 59482540253320951501
    public.orderitems:bucket:12 — source count 99 sum 58958436921277764180, target count 99 sum 60454933241155834889
    public.orderitems:bucket:13 — source count 81 sum 48409045448799947594, target count 81 sum 43534507038140695849
    public.orderitems:bucket:14 — source count 87 sum 48862117370880612719, target count 87 sum 45815208316943527207
    public.orderitems:bucket:15 — source count 103 sum 59936962132825445443, target count 103 sum 59949328257916928044
    public.orderitems:bucket:16 — source count 93 sum 54089841500867633679, target count 93 sum 54272623959703261699
    public.orderitems:bucket:17 — source count 96 sum 50591809843051439642, target count 96 sum 53100872761141405032
    public.orderitems:bucket:18 — source count 92 sum 57288219858289825808, target count 92 sum 56001819587353956758
    public.orderitems:bucket:19 — source count 90 sum 50285335499530356954, target count 90 sum 53946296828357863140
    public.orderitems:bucket:20 — source count 95 sum 57936812202057525006, target count 95 sum 55367685800073731839
    public.orderitems:bucket:21 — source count 92 sum 52746605717515164510, target count 92 sum 49531530641831997411
    public.orderitems:bucket:22 — source count 95 sum 51922111914536512647, target count 95 sum 55820171237499493105
    public.orderitems:bucket:23 — source count 99 sum 53835702179621736313, target count 99 sum 54483721599391966618
    public.orderitems:bucket:24 — source count 115 sum 64836260816876719482, target count 115 sum 65032604748686364260
    public.orderitems:bucket:25 — source count 94 sum 55371510020047874362, target count 94 sum 56071008249887246135
    public.orderitems:bucket:26 — source count 103 sum 56330778931983239289, target count 103 sum 58328036651592687554
    public.orderitems:bucket:27 — source count 85 sum 47602812392767917491, target count 85 sum 47403500835936338375
    public.orderitems:bucket:28 — source count 94 sum 56505830271848703826, target count 94 sum 53406898971279641751
    public.orderitems:bucket:29 — source count 109 sum 66161114424948252908, target count 109 sum 58120423169148435042
    public.orderitems:bucket:30 — source count 103 sum 63258224865094598643, target count 103 sum 60650967256533855385
    public.orderitems:bucket:31 — source count 99 sum 57474913156852590018, target count 99 sum 55227687780988332103
    public.orderitems:bucket:32 — source count 108 sum 64098327355477140647, target count 108 sum 59900896771355143951
    public.orderitems:bucket:33 — source count 78 sum 43155026402793860363, target count 78 sum 41873207076373423378
    public.orderitems:bucket:34 — source count 104 sum 57363300023022187322, target count 104 sum 60352200781039295752
    public.orderitems:bucket:35 — source count 89 sum 51924107106505183508, target count 89 sum 50075442603368772770
    public.orderitems:bucket:36 — source count 112 sum 58604413873117524126, target count 112 sum 65456061490847196966
    public.orderitems:bucket:37 — source count 89 sum 57415940359400202066, target count 89 sum 50962862920881347106
    public.orderitems:bucket:38 — source count 112 sum 59083319400482167131, target count 112 sum 65822134124519809577
    public.orderitems:bucket:39 — source count 123 sum 70491740629834489100, target count 123 sum 76071126259961512540
    public.orderitems:bucket:40 — source count 104 sum 59357657024885221284, target count 104 sum 60052063129380465966
    public.orderitems:bucket:41 — source count 92 sum 54491555492965165170, target count 92 sum 54248197286359917704
    public.orderitems:bucket:42 — source count 105 sum 60814108662850440336, target count 105 sum 61938504826042845912
    public.orderitems:bucket:43 — source count 102 sum 61098821087368935135, target count 102 sum 62689554637921332898
    public.orderitems:bucket:44 — source count 96 sum 47403007268308035550, target count 96 sum 49477080877080154718
    public.orderitems:bucket:45 — source count 94 sum 50058043044511941480, target count 94 sum 49399561137233754041
    public.orderitems:bucket:46 — source count 96 sum 53429122115565905656, target count 96 sum 55437791450052143078
    public.orderitems:bucket:47 — source count 87 sum 53320722529467303584, target count 87 sum 58298843539290841597
    public.orderitems:bucket:48 — source count 99 sum 53716614862579733834, target count 99 sum 55759295440369747032
    public.orderitems:bucket:49 — source count 101 sum 55168922865219882025, target count 101 sum 58549284582242814160
    public.orderitems:bucket:50 — source count 103 sum 63373085220492198663, target count 103 sum 66286655921499201715
    public.orderitems:bucket:51 — source count 91 sum 50360944024755431277, target count 91 sum 50722776469379417915
    public.orderitems:bucket:52 — source count 104 sum 62074657448779307441, target count 104 sum 56079193740761401637
    public.orderitems:bucket:53 — source count 102 sum 58111355259466129732, target count 102 sum 64736161141876718065
    public.orderitems:bucket:54 — source count 99 sum 58286370096051465146, target count 99 sum 55576468069408466867
    public.orderitems:bucket:55 — source count 105 sum 63703753505440345158, target count 105 sum 60418021522090783160
    public.orderitems:bucket:56 — source count 90 sum 50691632494771732950, target count 90 sum 51267888425415512109
    public.orderitems:bucket:57 — source count 93 sum 49368049217652962722, target count 93 sum 51349502424516774090
    public.orderitems:bucket:58 — source count 98 sum 54919778870926084696, target count 98 sum 53747157649827082844
    public.orderitems:bucket:59 — source count 94 sum 45203413650360544164, target count 94 sum 50193601015381636978
    public.orderitems:bucket:60 — source count 102 sum 62629753816765099783, target count 102 sum 52321181383834535247
    public.orderitems:bucket:61 — source count 84 sum 49704394483233860561, target count 84 sum 46788663923913494660
    public.orderitems:bucket:62 — source count 85 sum 53678282991119250764, target count 85 sum 54175873336935365263
    public.orderitems:bucket:63 — source count 85 sum 48016735626716680588, target count 85 sum 43936908889104597251

Validation failed. Bisect the failed buckets with RFC 0156's V4 path.
### exit=0  wall=0.5s

### 2026-09-28T14:58:19Z  ekos migrate load --unit public.inventory_report
public.inventory_report -> lsmb_raw.inventory_report (sandbox, 1 chunk(s))
  [ddl_create] public.inventory_report:ddl ok
  [dml_insert] public.inventory_report:chunk:0 ok

Loaded. Validate with `ekos migrate validate --unit public.inventory_report`.
### exit=0  wall=1.7s

### 2026-09-28T14:58:20Z  ekos migrate validate --unit public.inventory_report --tier v3
public.inventory_report -> lsmb_raw.inventory_report
  source LSN: 0/25146C20
  v1 passed — 0 control(s) fired
    read via postgres:lsmb-pg/ledgersmb and clickhouse:reader
  v2 passed — 0 control(s) fired
    read via postgres:lsmb-pg/ledgersmb and clickhouse:reader
  v3 passed — 0 control(s) fired
    read via postgres:lsmb-pg/ledgersmb and clickhouse:reader

Every tier run passed. Note: no planted controls were run, so this says the tiers found nothing — not that they would have.
### exit=0  wall=0.8s

### 2026-09-28T14:58:21Z  ekos migrate load --unit public.inventory_report_line
public.inventory_report_line -> lsmb_raw.inventory_report_line (sandbox, 1 chunk(s))
  [ddl_create] public.inventory_report_line:ddl ok
  [dml_insert] public.inventory_report_line:chunk:0 ok

Loaded. Validate with `ekos migrate validate --unit public.inventory_report_line`.
### exit=0  wall=1.6s

### 2026-09-28T14:58:23Z  ekos migrate validate --unit public.inventory_report_line --tier v3
public.inventory_report_line -> lsmb_raw.inventory_report_line
  source LSN: 0/25146C20
  v1 passed — 0 control(s) fired
    read via postgres:lsmb-pg/ledgersmb and clickhouse:reader
  v2 passed — 0 control(s) fired
    read via postgres:lsmb-pg/ledgersmb and clickhouse:reader
  v3 passed — 0 control(s) fired
    read via postgres:lsmb-pg/ledgersmb and clickhouse:reader

Every tier run passed. Note: no planted controls were run, so this says the tiers found nothing — not that they would have.
### exit=0  wall=0.8s

### 2026-09-28T14:58:24Z  ekos migrate load --unit public.warehouse
public.warehouse -> lsmb_raw.warehouse (sandbox, 0 chunk(s))
  [ddl_create] public.warehouse:ddl ok

Loaded. Validate with `ekos migrate validate --unit public.warehouse`.
### exit=0  wall=1.7s

### 2026-09-28T14:58:25Z  ekos migrate validate --unit public.warehouse --tier v3
public.warehouse -> lsmb_raw.warehouse
  source LSN: 0/25146C20
  v1 passed — 0 control(s) fired
    read via postgres:lsmb-pg/ledgersmb and clickhouse:reader
  v2 FAILED — 8 unexplained divergence(s)
    read via postgres:lsmb-pg/ledgersmb and clickhouse:reader
    public.warehouse:id:nulls — nulls differs
    public.warehouse:id:length_sum — length_sum differs
    public.warehouse:description:nulls — nulls differs
    public.warehouse:description:min — min differs
    public.warehouse:description:max — max differs
    public.warehouse:description:length_sum — length_sum differs
    public.warehouse:last_updated:nulls — nulls differs
    public.warehouse:last_updated:length_sum — length_sum differs
  v3 passed — 0 control(s) fired
    read via postgres:lsmb-pg/ledgersmb and clickhouse:reader

Validation failed. Bisect the failed buckets with RFC 0156's V4 path.
### exit=0  wall=0.4s

### 2026-09-28T14:58:26Z  ekos migrate load --unit public.entity
public.entity -> lsmb_raw.entity (sandbox, 1 chunk(s))
Error: public.entity:ddl is R3 and has no matching approval.
  R3 because: 50 downstream consumers depend on this (threshold 10)

Raise one with `ekos migrate review --unit public.entity --env sandbox`, then approve it. Approving is human-only and has no MCP equivalent, by design.
### exit=1  wall=1.4s

### 2026-09-28T14:58:27Z  ekos migrate validate --unit public.entity --tier v3
  skipping custom_attributes: no canonical rule for jsonb
Error: clickhouse query failed: clickhouse: Code: 60. DB::Exception: Unknown table expression identifier 'lsmb_raw.entity' in scope SELECT count(*) FROM lsmb_raw.entity. (UNKNOWN_TABLE) (version 24.8.14.39 (official build))

### exit=1  wall=0.4s

### 2026-09-28T14:58:28Z  ekos migrate load --unit public.company
public.company -> lsmb_raw.company (sandbox, 1 chunk(s))
  [ddl_create] public.company:ddl ok
  [dml_insert] public.company:chunk:0 ok

Loaded. Validate with `ekos migrate validate --unit public.company`.
### exit=0  wall=1.6s

### 2026-09-28T14:58:29Z  ekos migrate validate --unit public.company --tier v3
public.company -> lsmb_raw.company
  source LSN: 0/25146C20
  v1 passed — 0 control(s) fired
    read via postgres:lsmb-pg/ledgersmb and clickhouse:reader
  v2 passed — 0 control(s) fired
    read via postgres:lsmb-pg/ledgersmb and clickhouse:reader
  v3 passed — 0 control(s) fired
    read via postgres:lsmb-pg/ledgersmb and clickhouse:reader

Every tier run passed. Note: no planted controls were run, so this says the tiers found nothing — not that they would have.
### exit=0  wall=0.8s

### 2026-09-28T14:58:30Z  ekos migrate load --unit public.entity_class
public.entity_class -> lsmb_raw.entity_class (sandbox, 1 chunk(s))
  [ddl_create] public.entity_class:ddl ok
  [dml_insert] public.entity_class:chunk:0 ok

Loaded. Validate with `ekos migrate validate --unit public.entity_class`.
### exit=0  wall=1.7s

### 2026-09-28T14:58:32Z  ekos migrate validate --unit public.entity_class --tier v3
public.entity_class -> lsmb_raw.entity_class
  source LSN: 0/25148880
  v1 passed — 0 control(s) fired
    read via postgres:lsmb-pg/ledgersmb and clickhouse:reader
  v2 passed — 0 control(s) fired
    read via postgres:lsmb-pg/ledgersmb and clickhouse:reader
  v3 passed — 0 control(s) fired
    read via postgres:lsmb-pg/ledgersmb and clickhouse:reader

Every tier run passed. Note: no planted controls were run, so this says the tiers found nothing — not that they would have.
### exit=0  wall=0.8s

### 2026-09-28T14:58:33Z  ekos migrate load --unit public.entity_credit_account
public.entity_credit_account -> lsmb_raw.entity_credit_account (sandbox, 1 chunk(s))
Error: public.entity_credit_account:ddl is R3 and has no matching approval.
  R3 because: 26 downstream consumers depend on this (threshold 10)

Raise one with `ekos migrate review --unit public.entity_credit_account --env sandbox`, then approve it. Approving is human-only and has no MCP equivalent, by design.
### exit=1  wall=1.3s

### 2026-09-28T14:58:34Z  ekos migrate validate --unit public.entity_credit_account --tier v3
Error: clickhouse query failed: clickhouse: Code: 60. DB::Exception: Unknown table expression identifier 'lsmb_raw.entity_credit_account' in scope SELECT count(*) FROM lsmb_raw.entity_credit_account. (UNKNOWN_TABLE) (version 24.8.14.39 (official build))

### exit=1  wall=0.4s

### 2026-09-28T14:58:34Z  ekos migrate load --unit public.business
public.business -> lsmb_raw.business (sandbox, 1 chunk(s))
  [ddl_create] public.business:ddl ok
  [dml_insert] public.business:chunk:0 ok

Loaded. Validate with `ekos migrate validate --unit public.business`.
### exit=0  wall=1.7s

### 2026-09-28T14:58:36Z  ekos migrate validate --unit public.business --tier v3
public.business -> lsmb_raw.business
  source LSN: 0/251488B8
  v1 passed — 0 control(s) fired
    read via postgres:lsmb-pg/ledgersmb and clickhouse:reader
  v2 passed — 0 control(s) fired
    read via postgres:lsmb-pg/ledgersmb and clickhouse:reader
  v3 passed — 0 control(s) fired
    read via postgres:lsmb-pg/ledgersmb and clickhouse:reader

Every tier run passed. Note: no planted controls were run, so this says the tiers found nothing — not that they would have.
### exit=0  wall=0.8s

### 2026-09-28T14:58:37Z  ekos migrate load --unit public.country
public.country -> lsmb_raw.country (sandbox, 1 chunk(s))
Error: public.country:ddl is R3 and has no matching approval.
  R3 because: 16 downstream consumers depend on this (threshold 10)

Raise one with `ekos migrate review --unit public.country --env sandbox`, then approve it. Approving is human-only and has no MCP equivalent, by design.
### exit=1  wall=1.2s

### 2026-09-28T14:58:38Z  ekos migrate validate --unit public.country --tier v3
Error: clickhouse query failed: clickhouse: Code: 60. DB::Exception: Unknown table expression identifier 'lsmb_raw.country' in scope SELECT count(*) FROM lsmb_raw.country. (UNKNOWN_TABLE) (version 24.8.14.39 (official build))

### exit=1  wall=0.4s

### 2026-09-28T14:58:38Z  ekos migrate load --unit public.location
public.location -> lsmb_raw.location (sandbox, 1 chunk(s))
  [ddl_create] public.location:ddl ok
  [dml_insert] public.location:chunk:0 ok

Loaded. Validate with `ekos migrate validate --unit public.location`.
### exit=0  wall=1.7s

### 2026-09-28T14:58:40Z  ekos migrate validate --unit public.location --tier v3
public.location -> lsmb_raw.location
  source LSN: 0/251488B8
  v1 passed — 0 control(s) fired
    read via postgres:lsmb-pg/ledgersmb and clickhouse:reader
  v2 passed — 0 control(s) fired
    read via postgres:lsmb-pg/ledgersmb and clickhouse:reader
  v3 passed — 0 control(s) fired
    read via postgres:lsmb-pg/ledgersmb and clickhouse:reader

Every tier run passed. Note: no planted controls were run, so this says the tiers found nothing — not that they would have.
### exit=0  wall=0.8s

### 2026-09-28T14:58:41Z  ekos migrate load --unit public.eca_to_location
public.eca_to_location -> lsmb_raw.eca_to_location (sandbox, 1 chunk(s))
  [ddl_create] public.eca_to_location:ddl ok
  [dml_insert] public.eca_to_location:chunk:0 ok

Loaded. Validate with `ekos migrate validate --unit public.eca_to_location`.
### exit=0  wall=1.6s

### 2026-09-28T14:58:43Z  ekos migrate validate --unit public.eca_to_location --tier v3
public.eca_to_location -> lsmb_raw.eca_to_location
  source LSN: 0/251488B8
  v1 passed — 0 control(s) fired
    read via postgres:lsmb-pg/ledgersmb and clickhouse:reader
  v2 passed — 0 control(s) fired
    read via postgres:lsmb-pg/ledgersmb and clickhouse:reader
  v3 passed — 0 control(s) fired
    read via postgres:lsmb-pg/ledgersmb and clickhouse:reader

Every tier run passed. Note: no planted controls were run, so this says the tiers found nothing — not that they would have.
### exit=0  wall=0.8s

### 2026-09-28T14:59:15Z  ekos migrate review --unit public.acc_trans --env sandbox
Raised REQ:public.acc_trans:sandbox
  risk     : R3 because: 11 downstream consumers depend on this (threshold 10)
  needs    : 1 distinct approver(s)
  evidence : must be rendered and that recorded (pass --show-evidence)
  covers   : 2 artifact(s) — the DDL and every chunk, so one decision covers the load
  evidence : 28 fact(s) frozen
  requester: cli:legion — whoever approves must be someone else

Approve with `ekos migrate approve REQ:public.acc_trans:sandbox --as <you>`.
### exit=0  wall=1.4s

### 2026-09-28T14:59:30Z  ekos migrate review --unit public.acc_trans --env sandbox
Raised REQ:public.acc_trans:sandbox
  risk     : R3 because: 11 downstream consumers depend on this (threshold 10)
  needs    : 1 distinct approver(s)
  evidence : must be rendered and that recorded (pass --show-evidence)
  covers   : 2 artifact(s) — the DDL and every chunk, so one decision covers the load
  evidence : 28 fact(s) frozen
  requester: cli:legion — whoever approves must be someone else

Approve with `ekos migrate approve REQ:public.acc_trans:sandbox --as <you>`.
### exit=0  wall=1.7s

### 2026-09-28T14:59:32Z  ekos migrate approve REQ:public.acc_trans:sandbox --as cli:legion --show-evidence
Approved REQ:public.acc_trans:sandbox (R3)
### exit=0  wall=1.2s

### 2026-09-28T14:59:33Z  ekos migrate approve REQ:public.acc_trans:sandbox --as demo.finance-controller --show-evidence
Error: request REQ:public.acc_trans:sandbox is not pending (it is approved)
### exit=1  wall=1.1s

### 2026-09-28T14:59:34Z  ekos migrate load --unit public.acc_trans --env sandbox
public.acc_trans -> lsmb_raw.acc_trans (sandbox, 1 chunk(s))
Error: clickhouse: Code: 43. DB::Exception: Nested type LowCardinality(String) cannot be inside Nullable type. (ILLEGAL_TYPE_OF_ARGUMENT) (version 24.8.14.39 (official build))

### exit=1  wall=1.4s

### 2026-09-28T14:59:35Z  ekos migrate validate --unit public.acc_trans --tier v3
  skipping additional_data: no canonical rule for jsonb
Error: clickhouse query failed: clickhouse: Code: 60. DB::Exception: Unknown table expression identifier 'lsmb_raw.acc_trans' in scope SELECT count(*) FROM lsmb_raw.acc_trans. (UNKNOWN_TABLE) (version 24.8.14.39 (official build))

### exit=1  wall=0.4s

### 2026-09-28T14:59:36Z  ekos migrate review --unit public.transactions --env sandbox
Raised REQ:public.transactions:sandbox
  risk     : R3 because: 26 downstream consumers depend on this (threshold 10)
  needs    : 1 distinct approver(s)
  evidence : must be rendered and that recorded (pass --show-evidence)
  covers   : 2 artifact(s) — the DDL and every chunk, so one decision covers the load
  evidence : 23 fact(s) frozen
  requester: cli:legion — whoever approves must be someone else

Approve with `ekos migrate approve REQ:public.transactions:sandbox --as <you>`.
### exit=0  wall=1.5s

### 2026-09-28T14:59:37Z  ekos migrate approve REQ:public.transactions:sandbox --as demo.finance-controller --show-evidence
Error: the evidence behind request REQ:public.transactions:sandbox has changed (MigrationFinding:public.transactions.approved_at, MigrationFinding:public.transactions.trans_type_code, MigrationFinding:public.transactions.transdate). The request is dead — raise a new one showing the new numbers. Re-validating would mean deciding which changes matter, which is the approver's judgement, not the tool's.
### exit=1  wall=1.1s

### 2026-09-28T14:59:38Z  ekos migrate load --unit public.transactions --env sandbox
public.transactions -> lsmb_raw.transactions (sandbox, 1 chunk(s))
Error: public.transactions:ddl is R3 and has no matching approval.
  R3 because: 26 downstream consumers depend on this (threshold 10)

Raise one with `ekos migrate review --unit public.transactions --env sandbox`, then approve it. Approving is human-only and has no MCP equivalent, by design.
### exit=1  wall=1.3s

### 2026-09-28T14:59:40Z  ekos migrate validate --unit public.transactions --tier v3
Error: clickhouse query failed: clickhouse: Code: 60. DB::Exception: Unknown table expression identifier 'lsmb_raw.transactions' in scope SELECT count(*) FROM lsmb_raw.transactions. (UNKNOWN_TABLE) (version 24.8.14.39 (official build))

### exit=1  wall=0.4s

### 2026-09-28T14:59:40Z  ekos migrate review --unit public.parts --env sandbox
Raised REQ:public.parts:sandbox
  risk     : R3 because: 27 downstream consumers depend on this (threshold 10)
  needs    : 1 distinct approver(s)
  evidence : must be rendered and that recorded (pass --show-evidence)
  covers   : 2 artifact(s) — the DDL and every chunk, so one decision covers the load
  evidence : 101 fact(s) frozen
  requester: cli:legion — whoever approves must be someone else

Approve with `ekos migrate approve REQ:public.parts:sandbox --as <you>`.
### exit=0  wall=1.3s

### 2026-09-28T14:59:41Z  ekos migrate approve REQ:public.parts:sandbox --as demo.finance-controller --show-evidence
Approved REQ:public.parts:sandbox (R3)
### exit=0  wall=1.2s

### 2026-09-28T14:59:43Z  ekos migrate load --unit public.parts --env sandbox
public.parts -> lsmb_raw.parts (sandbox, 1 chunk(s))
Error: public.parts:ddl is R3 and has no matching approval.
  R3 because: 27 downstream consumers depend on this (threshold 10)

Raise one with `ekos migrate review --unit public.parts --env sandbox`, then approve it. Approving is human-only and has no MCP equivalent, by design.
### exit=1  wall=1.3s

### 2026-09-28T14:59:44Z  ekos migrate validate --unit public.parts --tier v3
  skipping custom_attributes: no canonical rule for jsonb
Error: clickhouse query failed: clickhouse: Code: 60. DB::Exception: Unknown table expression identifier 'lsmb_raw.parts' in scope SELECT count(*) FROM lsmb_raw.parts. (UNKNOWN_TABLE) (version 24.8.14.39 (official build))

### exit=1  wall=0.4s

### 2026-09-28T14:59:44Z  ekos migrate review --unit public.entity --env sandbox
Raised REQ:public.entity:sandbox
  risk     : R3 because: 50 downstream consumers depend on this (threshold 10)
  needs    : 1 distinct approver(s)
  evidence : must be rendered and that recorded (pass --show-evidence)
  covers   : 2 artifact(s) — the DDL and every chunk, so one decision covers the load
  evidence : 111 fact(s) frozen
  requester: cli:legion — whoever approves must be someone else

Approve with `ekos migrate approve REQ:public.entity:sandbox --as <you>`.
### exit=0  wall=1.4s

### 2026-09-28T14:59:46Z  ekos migrate approve REQ:public.entity:sandbox --as demo.finance-controller --show-evidence
Error: the evidence behind request REQ:public.entity:sandbox has changed (MigrationFinding:public.entity.created, MigrationFinding:public.entity_employee.enddate, MigrationFinding:public.entity_note.created, MigrationFinding:public.entity_to_location.inactive_date). The request is dead — raise a new one showing the new numbers. Re-validating would mean deciding which changes matter, which is the approver's judgement, not the tool's.
### exit=1  wall=1.1s

### 2026-09-28T14:59:47Z  ekos migrate load --unit public.entity --env sandbox
public.entity -> lsmb_raw.entity (sandbox, 1 chunk(s))
  [ddl_create] public.entity:ddl ok
  [dml_insert] public.entity:chunk:0 ok

Loaded. Validate with `ekos migrate validate --unit public.entity`.
### exit=0  wall=1.6s

### 2026-09-28T14:59:48Z  ekos migrate validate --unit public.entity --tier v3
  skipping custom_attributes: no canonical rule for jsonb
public.entity -> lsmb_raw.entity
  source LSN: 0/251488B8
  v1 passed — 0 control(s) fired
    read via postgres:lsmb-pg/ledgersmb and clickhouse:reader
  v2 passed — 0 control(s) fired
    read via postgres:lsmb-pg/ledgersmb and clickhouse:reader
  v3 passed — 0 control(s) fired
    read via postgres:lsmb-pg/ledgersmb and clickhouse:reader

Every tier run passed. Note: no planted controls were run, so this says the tiers found nothing — not that they would have.
### exit=0  wall=0.8s

### 2026-09-28T14:59:49Z  ekos migrate review --unit public.entity_credit_account --env sandbox
Raised REQ:public.entity_credit_account:sandbox
  risk     : R3 because: 26 downstream consumers depend on this (threshold 10)
  needs    : 1 distinct approver(s)
  evidence : must be rendered and that recorded (pass --show-evidence)
  covers   : 2 artifact(s) — the DDL and every chunk, so one decision covers the load
  evidence : 39 fact(s) frozen
  requester: cli:legion — whoever approves must be someone else

Approve with `ekos migrate approve REQ:public.entity_credit_account:sandbox --as <you>`.
### exit=0  wall=1.4s

### 2026-09-28T14:59:51Z  ekos migrate approve REQ:public.entity_credit_account:sandbox --as demo.finance-controller --show-evidence
Error: the evidence behind request REQ:public.entity_credit_account:sandbox has changed (MigrationFinding:public.entity_credit_account.enddate, MigrationFinding:public.entity_credit_account.startdate). The request is dead — raise a new one showing the new numbers. Re-validating would mean deciding which changes matter, which is the approver's judgement, not the tool's.
### exit=1  wall=1.1s

### 2026-09-28T14:59:52Z  ekos migrate load --unit public.entity_credit_account --env sandbox
public.entity_credit_account -> lsmb_raw.entity_credit_account (sandbox, 1 chunk(s))
Error: public.entity_credit_account:ddl is R3 and has no matching approval.
  R3 because: 26 downstream consumers depend on this (threshold 10)

Raise one with `ekos migrate review --unit public.entity_credit_account --env sandbox`, then approve it. Approving is human-only and has no MCP equivalent, by design.
### exit=1  wall=1.3s

### 2026-09-28T14:59:53Z  ekos migrate validate --unit public.entity_credit_account --tier v3
Error: clickhouse query failed: clickhouse: Code: 60. DB::Exception: Unknown table expression identifier 'lsmb_raw.entity_credit_account' in scope SELECT count(*) FROM lsmb_raw.entity_credit_account. (UNKNOWN_TABLE) (version 24.8.14.39 (official build))

### exit=1  wall=0.4s

### 2026-09-28T14:59:53Z  ekos migrate review --unit public.country --env sandbox
Raised REQ:public.country:sandbox
  risk     : R3 because: 16 downstream consumers depend on this (threshold 10)
  needs    : 1 distinct approver(s)
  evidence : must be rendered and that recorded (pass --show-evidence)
  covers   : 2 artifact(s) — the DDL and every chunk, so one decision covers the load
  evidence : 17 fact(s) frozen
  requester: cli:legion — whoever approves must be someone else

Approve with `ekos migrate approve REQ:public.country:sandbox --as <you>`.
### exit=0  wall=1.3s

### 2026-09-28T14:59:55Z  ekos migrate approve REQ:public.country:sandbox --as demo.finance-controller --show-evidence
Error: the evidence behind request REQ:public.country:sandbox has changed (MigrationFinding:public.country.last_updated). The request is dead — raise a new one showing the new numbers. Re-validating would mean deciding which changes matter, which is the approver's judgement, not the tool's.
### exit=1  wall=1.1s

### 2026-09-28T14:59:56Z  ekos migrate load --unit public.country --env sandbox
public.country -> lsmb_raw.country (sandbox, 1 chunk(s))
Error: public.country:ddl is R3 and has no matching approval.
  R3 because: 16 downstream consumers depend on this (threshold 10)

Raise one with `ekos migrate review --unit public.country --env sandbox`, then approve it. Approving is human-only and has no MCP equivalent, by design.
### exit=1  wall=1.2s

### 2026-09-28T14:59:57Z  ekos migrate validate --unit public.country --tier v3
Error: clickhouse query failed: clickhouse: Code: 60. DB::Exception: Unknown table expression identifier 'lsmb_raw.country' in scope SELECT count(*) FROM lsmb_raw.country. (UNKNOWN_TABLE) (version 24.8.14.39 (official build))

### exit=1  wall=0.4s
