
### 2026-09-28T15:44:22Z  ekos migrate init --name ledgersmb-analytics-final --source postgres://lsmb-pg/ledgersmb --target clickhouse://lsmb-ch/lsmb_raw --source-secret-env LSMB_PG_PASSWORD --target-secret-env LSMB_CH_PASSWORD
Migration project 'ledgersmb-analytics-final' ready.
  id      : 21e1be49-5b3e-5624-b925-c4f7331fe424
  source  : postgres://lsmb-pg/ledgersmb
  target  : clickhouse://lsmb-ch/lsmb_raw
  source secret: $LSMB_PG_PASSWORD (name only — the value is never stored)
  target secret: $LSMB_CH_PASSWORD (name only — the value is never stored)

Add this to ekos.toml so other verbs find it:

[migrate]
enabled = true
project = "ledgersmb-analytics-final"
### exit=0  wall=0.6s

### 2026-09-28T15:44:23Z  ekos migrate discover
Discovering postgres://lsmb-pg/ledgersmb

Catalog:
  schema                 3
  table                  168
  view                   16
  column                 1205
  primary_key            158
  foreign_key            298
  unique_constraint      66
  check_constraint       72
  index                  62
  sequence               86
  function               503
  trigger                29
  extension              2

168 migration unit(s) discovered.

Drift (316 finding(s), recorded as facts):
  column_live_only       246
  column_repo_only       51
  table_live_only        1
  table_repo_only        18

  298 of these change what a migration would produce. The first few:
    public.acc_trans.additional_data — deployed but absent from the repository's DDL
    public.acc_trans.amount — in the repository's DDL but not deployed
    public.acc_trans.amount_bc — deployed but absent from the repository's DDL
    public.acc_trans.amount_tc — deployed but absent from the repository's DDL
    public.acc_trans.cleared_on — in the repository's DDL but not deployed
### exit=0  wall=14.3s

### 2026-09-28T15:44:37Z  ekos migrate profile --tier p1
  public.ac_tax_form                                0 rows    2 cols (est)
  public.acc_trans                              43490 rows   15 cols (est)
  public.account                                   66 rows   13 cols (est)
  public.account_checkpoint                         0 rows    8 cols (est)
  public.account_heading                           12 rows    5 cols (est)
  public.account_heading_translation                0 rows    3 cols (est)
  public.account_link                              36 rows    2 cols (est)
  public.account_link_description                  27 rows    3 cols (est)
  public.account_translation                        0 rows    3 cols (est)
  public.ap                                       413 rows   28 cols (est)
  public.ar                                      3271 rows   29 cols (est)
  public.assembly                                   0 rows    5 cols (est)
  public.asset_class                                0 rows    5 cols (est)
  public.asset_dep_method                           3 rows    6 cols (est)
  public.asset_disposal_method                      2 rows    4 cols (est)
  public.asset_item                                 0 rows   17 cols (est)
  public.asset_note                                 0 rows    8 cols (est)
  public.asset_report                               0 rows   12 cols (est)
  public.asset_report_class                         4 rows    2 cols (est)
  public.asset_report_line                          0 rows    5 cols (est)
  public.asset_rl_to_disposal_method                0 rows    4 cols (est)
  public.asset_unit_class                           2 rows    2 cols (est)
  public.audittrail                              3820 rows    9 cols (est)
  public.batch                                      0 rows   10 cols (est)
  public.batch_class                               10 rows    2 cols (est)
  public.bu_class_to_module                        49 rows    2 cols (est)
  public.budget_info                                0 rows   11 cols (est)
  public.budget_line                                0 rows    6 cols (est)
  public.budget_note                                0 rows    8 cols (est)
  public.budget_to_business_unit                    0 rows    3 cols (est)
  public.business                                   4 rows    4 cols (est)
  public.business_unit                             85 rows    8 cols (est)
  public.business_unit_ac                           0 rows    3 cols (est)
  public.business_unit_class                        7 rows    4 cols (est)
  public.business_unit_inv                          0 rows    3 cols (est)
  public.business_unit_jl                           0 rows    3 cols (est)
  public.business_unit_oitem                        0 rows    3 cols (est)
  public.business_unit_translation                  0 rows    3 cols (est)
  public.company                                   85 rows    8 cols (est)
  public.contact_class                             20 rows    2 cols (est)
  public.country                                  263 rows    5 cols (est)
  public.country_tax_form                           0 rows    5 cols (est)
  public.cr_coa_to_account                          0 rows    2 cols (est)
  public.cr_report                                  0 rows   15 cols (est)
  public.cr_report_line                             0 rows   11 cols (est)
  public.cr_report_line_links                       0 rows    4 cols (est)
  public.currency                                   1 rows    2 cols (est)
  public.custom_attribute_metadata                  0 rows    6 cols (est)
  public.defaults                                  35 rows    2 cols (est)
  public.eca_invoice                                0 rows    9 cols (est)
  public.eca_note                                   0 rows    8 cols (est)
  public.eca_tax                                    0 rows    2 cols (est)
  public.eca_to_contact                             0 rows    4 cols (est)
  public.eca_to_location                           85 rows    6 cols (est)
  public.email                                      0 rows   10 cols (est)
  public.employee_class                             0 rows    2 cols (est)
  public.employee_to_ec                             0 rows    2 cols (est)
  public.entity                                    85 rows    6 cols (est)
  public.entity_bank_account                        0 rows    5 cols (est)
  public.entity_class                              10 rows    3 cols (est)
  public.entity_credit_account                     85 rows   25 cols (est)
  public.entity_employee                            0 rows   10 cols (est)
  public.entity_note                                0 rows    9 cols (est)
  public.entity_other_name                          0 rows    2 cols (est)
  public.entity_to_contact                          0 rows    4 cols (est)
  public.entity_to_location                         0 rows    6 cols (est)
  public.exchangerate_default                       0 rows    5 cols (est)
  public.exchangerate_type                          1 rows    3 cols (est)
  public.file_base                                  0 rows    9 cols (est)
  public.file_class                                 9 rows    2 cols (est)
  public.file_eca                                   0 rows    9 cols (est)
  public.file_email                                 0 rows    9 cols (est)
  public.file_entity                                0 rows    9 cols (est)
  public.file_incoming                              0 rows    9 cols (est)
  public.file_internal                              0 rows    9 cols (est)
  public.file_order                                 0 rows    9 cols (est)
  public.file_order_to_order                        0 rows    6 cols (est)
  public.file_order_to_tx                           0 rows    6 cols (est)
  public.file_part                                  0 rows    9 cols (est)
  public.file_reconciliation                        0 rows    9 cols (est)
  public.file_secondary_attachment                  0 rows    6 cols (est)
  public.file_transaction                           0 rows    9 cols (est)
  public.file_tx_to_order                           0 rows    6 cols (est)
  public.file_view_catalog                          1 rows    2 cols (est)
  public.gifi                                       0 rows    3 cols (est)
  public.gl                                       136 rows    1 cols (est)
  public.inventory_report                           6 rows    4 cols (est)
  public.inventory_report_line                    648 rows    5 cols (est)
  public.invoice                                11130 rows   16 cols (est)
  public.invoice_note                               0 rows    8 cols (est)
  public.invoice_tax_form                           0 rows    2 cols (est)
  public.jcitems                                    0 rows   17 cols (est)
  public.jctype                                     3 rows    5 cols (est)
  public.job                                        0 rows    4 cols (est)
  public.journal_entry                              0 rows   13 cols (est)
  public.journal_line                               0 rows    9 cols (est)
  public.journal_note                               0 rows    9 cols (est)
  public.journal_type                               5 rows    2 cols (est)
  public.language                                  43 rows    3 cols (est)
  public.location                                  85 rows    8 cols (est)
  public.location_class                             5 rows    3 cols (est)
  public.location_class_to_entity_class            46 rows    3 cols (est)
  public.lsmb_module                                7 rows    2 cols (est)
  public.lsmb_sequence                              0 rows    6 cols (est)
  public.makemodel                                  0 rows    4 cols (est)
  public.menu_acl                                   0 rows    4 cols (est)
  public.menu_node                                  0 rows    7 cols (est)
  public.mfg_lot                                    0 rows    6 cols (est)
  public.mfg_lot_item                               0 rows    4 cols (est)
  public.mime_type                                684 rows    3 cols (est)
  public.note_class                                 6 rows    2 cols (est)
  public.oe                                      2112 rows   25 cols (est)
  public.oe_class                                   4 rows    2 cols (est)
  public.oe_tax                                     0 rows    7 cols (est)
  public.open_forms                                 0 rows    4 cols (est)
  public.open_item                               3684 rows    4 cols (est)
  public.orderitems                              6177 rows   13 cols (est)
  public.overpayment                                0 rows    3 cols (est)
  public.parts                                    114 rows   28 cols (est)
  public.parts_translation                          0 rows    3 cols (est)
  public.partscustomer                              0 rows   10 cols (est)
  public.partsgroup                                 8 rows    4 cols (est)
  public.partsgroup_translation                     0 rows    3 cols (est)
  public.partstax                                 114 rows    3 cols (est)
  public.partsvendor                                0 rows    7 cols (est)
  public.payment                                 3286 rows   11 cols (est)
  public.payment_type                               0 rows    2 cols (est)
  public.payroll_deduction                          0 rows    4 cols (est)
  public.payroll_deduction_class                    0 rows    4 cols (est)
  public.payroll_deduction_type                     0 rows    8 cols (est)
  public.payroll_employee_class                     0 rows    2 cols (est)
  public.payroll_employee_class_to_income_type          0 rows    2 cols (est)
  public.payroll_income_category                    4 rows    2 cols (est)
  public.payroll_income_class                       0 rows    3 cols (est)
  public.payroll_income_type                        0 rows    7 cols (est)
  public.payroll_paid_timeoff                       0 rows    4 cols (est)
  public.payroll_pto_class                          0 rows    2 cols (est)
  public.payroll_report                             0 rows    5 cols (est)
  public.payroll_report_line                        0 rows    7 cols (est)
  public.payroll_wage                               0 rows    4 cols (est)
  public.person                                     0 rows    9 cols (est)
  public.person_to_company                          0 rows    3 cols (est)
  public.pricegroup                                 0 rows    3 cols (est)
  public.recurring                                  0 rows    8 cols (est)
  public.recurringemail                             0 rows    4 cols (est)
  public.recurringprint                             0 rows    4 cols (est)
  public.robot                                      0 rows    6 cols (est)
  public.salutation                                 7 rows    2 cols (est)
  public.session                                    0 rows    6 cols (est)
  public.session_history                            0 rows    6 cols (est)
  public.sic                                        0 rows    5 cols (est)
  public.tax                                        1 rows    8 cols (est)
  public.tax_exempt_reason                          2 rows    2 cols (est)
  public.tax_extended                               0 rows    3 cols (est)
  public.taxcategory                                0 rows    3 cols (est)
  public.taxmodule                                  2 rows    2 cols (est)
  public.template                                   0 rows    6 cols (est)
  public.trans_type                                12 rows    3 cols (est)
  public.transactions                            7106 rows   14 cols (est)
  public.trial_balance__yearend_types               3 rows    1 cols (est)
  public.user_preference                            2 rows    4 cols (est)
  public.users                                      0 rows    4 cols (est)
  public.warehouse                                  0 rows    3 cols (est)
  public.warehouse_inventory                        0 rows    8 cols (est)
  public.workflow                                3286 rows    4 cols (est)
  public.workflow_context                           0 rows    2 cols (est)
  public.workflow_history                           0 rows    8 cols (est)
  public.yearend                                    0 rows    3 cols (est)

168 unit(s) profiled at p1.
28 column(s) classified as personal data: no bounds and no top-k recorded for them, at any tier.
### exit=0  wall=31.3s

### 2026-09-28T15:45:09Z  ekos migrate assess
674 finding(s):

  BLOCK COMPAT.CH.NO_CONSTRAINT_ENFORCEMENT not measurable public.ac_tax_form
        public.ac_tax_form has a primary key that ClickHouse will not enforce. Nothing breaks on load day; duplicates accumulate afterwards, and a ReplacingMergeTree deduplicates only eventually — a SELECT before a merge still returns them.
  BLOCK COMPAT.CH.NO_CONSTRAINT_ENFORCEMENT not measurable public.acc_trans
        public.acc_trans has a primary key that ClickHouse will not enforce. Nothing breaks on load day; duplicates accumulate afterwards, and a ReplacingMergeTree deduplicates only eventually — a SELECT before a merge still returns them.
  BLOCK DQ.UNIQ.001                        36384 rows     public.acc_trans.trans_id
        trans_id looks like a key and is not declared unique; duplicates would be silently deduplicated by a ReplacingMergeTree target
  BLOCK DQ.UNIQ.001                        43471 rows     public.acc_trans.chart_id
        chart_id looks like a key and is not declared unique; duplicates would be silently deduplicated by a ReplacingMergeTree target
        DQ.COMPLETE.002                    0 rows         public.acc_trans.transdate
        transdate uses a sentinel date where NULL was likely meant
        COMPAT.CH.DATE_BEFORE_1900         0 rows         public.acc_trans.transdate
        transdate holds dates before 1900; ClickHouse Date32 bottoms out at 1900-01-01 and clamps to it without an error (verified on 24.8)
        DQ.COMPLETE.001                    0 rows         public.acc_trans.source
        source is nullable text and also contains empty strings; the two mean different things in every target
        DQ.COMPLETE.001                    0 rows         public.acc_trans.memo
        memo is nullable text and also contains empty strings; the two mean different things in every target
  BLOCK DQ.UNIQ.001                        18758 rows     public.acc_trans.invoice_id
        invoice_id looks like a key and is not declared unique; duplicates would be silently deduplicated by a ReplacingMergeTree target
        DQ.UNIQ.001                        0 rows         public.acc_trans.entry_id
        entry_id looks like a key and is not declared unique; duplicates would be silently deduplicated by a ReplacingMergeTree target
  BLOCK COMPAT.CH.NUMERIC_UNCONSTRAINED    not measurable public.acc_trans.amount_bc
        amount_bc is unconstrained numeric; the measured data uses precision 27 scale 22, so Decimal(27, 22) is narrowing-safe against that profile
  BLOCK COMPAT.CH.NUMERIC_UNCONSTRAINED    not measurable public.acc_trans.amount_tc
        amount_tc is unconstrained numeric; the measured data uses precision 8 scale 2, so Decimal(8, 2) is narrowing-safe against that profile
        COMPAT.CH.CHAR_PADDING             0 rows         public.acc_trans.curr
        curr is char(n); PostgreSQL pads to the declared width and ClickHouse does not, so trailing spaces are a real difference
  BLOCK DQ.UNIQ.001                        3286 rows      public.acc_trans.open_item_id
        open_item_id looks like a key and is not declared unique; duplicates would be silently deduplicated by a ReplacingMergeTree target
  BLOCK COMPAT.CH.NO_CONSTRAINT_ENFORCEMENT not measurable public.account
        public.account has a primary key that ClickHouse will not enforce. Nothing breaks on load day; duplicates accumulate afterwards, and a ReplacingMergeTree deduplicates only eventually — a SELECT before a merge still returns them.
        DQ.UNIQ.001                        0 rows         public.account.id
        id looks like a key and is not declared unique; duplicates would be silently deduplicated by a ReplacingMergeTree target
        COMPAT.CH.CHAR_PADDING             0 rows         public.account.category
        category is char(n); PostgreSQL pads to the declared width and ClickHouse does not, so trailing spaces are a real difference
        DQ.COMPLETE.001                    0 rows         public.account.gifi_accno
        gifi_accno is nullable text and also contains empty strings; the two mean different things in every target
  BLOCK COMPAT.CH.NO_CONSTRAINT_ENFORCEMENT not measurable public.account_checkpoint
        public.account_checkpoint has a primary key that ClickHouse will not enforce. Nothing breaks on load day; duplicates accumulate afterwards, and a ReplacingMergeTree deduplicates only eventually — a SELECT before a merge still returns them.
        DQ.COMPLETE.002                    0 rows         public.account_checkpoint.end_date
        end_date uses a sentinel date where NULL was likely meant
        COMPAT.CH.DATE_BEFORE_1900         0 rows         public.account_checkpoint.end_date
        end_date holds dates before 1900; ClickHouse Date32 bottoms out at 1900-01-01 and clamps to it without an error (verified on 24.8)
  BLOCK COMPAT.CH.NUMERIC_UNCONSTRAINED    not measurable public.account_checkpoint.debits
        debits is unconstrained numeric and has not been profiled. Run `ekos migrate profile --tier p1` before choosing a target type; guessing one is how a migration truncates money.
  BLOCK COMPAT.CH.NUMERIC_UNCONSTRAINED    not measurable public.account_checkpoint.credits
        credits is unconstrained numeric and has not been profiled. Run `ekos migrate profile --tier p1` before choosing a target type; guessing one is how a migration truncates money.
  BLOCK COMPAT.CH.NUMERIC_UNCONSTRAINED    not measurable public.account_checkpoint.amount_bc
        amount_bc is unconstrained numeric and has not been profiled. Run `ekos migrate profile --tier p1` before choosing a target type; guessing one is how a migration truncates money.
  BLOCK COMPAT.CH.NUMERIC_UNCONSTRAINED    not measurable public.account_checkpoint.amount_tc
        amount_tc is unconstrained numeric and has not been profiled. Run `ekos migrate profile --tier p1` before choosing a target type; guessing one is how a migration truncates money.
        COMPAT.CH.CHAR_PADDING             0 rows         public.account_checkpoint.curr
        curr is char(n); PostgreSQL pads to the declared width and ClickHouse does not, so trailing spaces are a real difference
  BLOCK COMPAT.CH.NO_CONSTRAINT_ENFORCEMENT not measurable public.account_heading
        public.account_heading has a primary key that ClickHouse will not enforce. Nothing breaks on load day; duplicates accumulate afterwards, and a ReplacingMergeTree deduplicates only eventually — a SELECT before a merge still returns them.
        DQ.UNIQ.001                        0 rows         public.account_heading.id
        id looks like a key and is not declared unique; duplicates would be silently deduplicated by a ReplacingMergeTree target
        DQ.COMPLETE.001                    0 rows         public.account_heading.category
        category is nullable text and also contains empty strings; the two mean different things in every target
        COMPAT.CH.CHAR_PADDING             0 rows         public.account_heading.category
        category is char(n); PostgreSQL pads to the declared width and ClickHouse does not, so trailing spaces are a real difference
  BLOCK COMPAT.CH.NO_CONSTRAINT_ENFORCEMENT not measurable public.account_heading_translation
        public.account_heading_translation has a primary key that ClickHouse will not enforce. Nothing breaks on load day; duplicates accumulate afterwards, and a ReplacingMergeTree deduplicates only eventually — a SELECT before a merge still returns them.
  BLOCK COMPAT.CH.NO_CONSTRAINT_ENFORCEMENT not measurable public.account_link
        public.account_link has a primary key that ClickHouse will not enforce. Nothing breaks on load day; duplicates accumulate afterwards, and a ReplacingMergeTree deduplicates only eventually — a SELECT before a merge still returns them.
  BLOCK DQ.UNIQ.001                        10 rows        public.account_link.account_id
        account_id looks like a key and is not declared unique; duplicates would be silently deduplicated by a ReplacingMergeTree target
  BLOCK COMPAT.CH.NO_CONSTRAINT_ENFORCEMENT not measurable public.account_link_description
        public.account_link_description has a primary key that ClickHouse will not enforce. Nothing breaks on load day; duplicates accumulate afterwards, and a ReplacingMergeTree deduplicates only eventually — a SELECT before a merge still returns them.
  BLOCK COMPAT.CH.NO_CONSTRAINT_ENFORCEMENT not measurable public.account_translation
        public.account_translation has a primary key that ClickHouse will not enforce. Nothing breaks on load day; duplicates accumulate afterwards, and a ReplacingMergeTree deduplicates only eventually — a SELECT before a merge still returns them.
  BLOCK COMPAT.CH.NO_CONSTRAINT_ENFORCEMENT not measurable public.ap
        public.ap has a primary key that ClickHouse will not enforce. Nothing breaks on load day; duplicates accumulate afterwards, and a ReplacingMergeTree deduplicates only eventually — a SELECT before a merge still returns them.
        DQ.UNIQ.001                        0 rows         public.ap.trans_id
        trans_id looks like a key and is not declared unique; duplicates would be silently deduplicated by a ReplacingMergeTree target
        DQ.COMPLETE.002                    0 rows         public.ap.duedate
        duedate uses a sentinel date where NULL was likely meant
        COMPAT.CH.DATE_BEFORE_1900         0 rows         public.ap.duedate
        duedate holds dates before 1900; ClickHouse Date32 bottoms out at 1900-01-01 and clamps to it without an error (verified on 24.8)
        DQ.COMPLETE.001                    0 rows         public.ap.ordnumber
        ordnumber is nullable text and also contains empty strings; the two mean different things in every target
        COMPAT.CH.CHAR_PADDING             0 rows         public.ap.curr
        curr is char(n); PostgreSQL pads to the declared width and ClickHouse does not, so trailing spaces are a real difference
        DQ.COMPLETE.001                    0 rows         public.ap.notes
        notes is nullable text and also contains empty strings; the two mean different things in every target
        DQ.COMPLETE.001                    0 rows         public.ap.quonumber
        quonumber is nullable text and also contains empty strings; the two mean different things in every target
        DQ.COMPLETE.001                    0 rows         public.ap.shipvia
        shipvia is nullable text and also contains empty strings; the two mean different things in every target
        DQ.COMPLETE.001                    0 rows         public.ap.language_code
        language_code is nullable text and also contains empty strings; the two mean different things in every target
        DQ.COMPLETE.001                    0 rows         public.ap.ponumber
        ponumber is nullable text and also contains empty strings; the two mean different things in every target
        DQ.COMPLETE.001                    0 rows         public.ap.shippingpoint
        shippingpoint is nullable text and also contains empty strings; the two mean different things in every target
        DQ.COMPLETE.002                    0 rows         public.ap.crdate
        crdate uses a sentinel date where NULL was likely meant
        COMPAT.CH.DATE_BEFORE_1900         0 rows         public.ap.crdate
        crdate holds dates before 1900; ClickHouse Date32 bottoms out at 1900-01-01 and clamps to it without an error (verified on 24.8)
  BLOCK COMPAT.CH.NUMERIC_UNCONSTRAINED    not measurable public.ap.amount_bc
        amount_bc is unconstrained numeric; the measured data uses precision 7 scale 2, so Decimal(7, 2) is narrowing-safe against that profile
  BLOCK COMPAT.CH.NUMERIC_UNCONSTRAINED    not measurable public.ap.amount_tc
        amount_tc is unconstrained numeric; the measured data uses precision 7 scale 2, so Decimal(7, 2) is narrowing-safe against that profile
  BLOCK COMPAT.CH.NUMERIC_UNCONSTRAINED    not measurable public.ap.netamount_bc
        netamount_bc is unconstrained numeric; the measured data uses precision 7 scale 2, so Decimal(7, 2) is narrowing-safe against that profile
  BLOCK COMPAT.CH.NUMERIC_UNCONSTRAINED    not measurable public.ap.netamount_tc
        netamount_tc is unconstrained numeric; the measured data uses precision 7 scale 2, so Decimal(7, 2) is narrowing-safe against that profile
        DQ.COMPLETE.001                    0 rows         public.ap.shipto_attn
        shipto_attn is nullable text and also contains empty strings; the two mean different things in every target
        DQ.UNIQ.001                        0 rows         public.ap.open_item_id
        open_item_id looks like a key and is not declared unique; duplicates would be silently deduplicated by a ReplacingMergeTree target
  BLOCK COMPAT.CH.NO_CONSTRAINT_ENFORCEMENT not measurable public.ar
        public.ar has a primary key that ClickHouse will not enforce. Nothing breaks on load day; duplicates accumulate afterwards, and a ReplacingMergeTree deduplicates only eventually — a SELECT before a merge still returns them.
        DQ.UNIQ.001                        0 rows         public.ar.trans_id
        trans_id looks like a key and is not declared unique; duplicates would be silently deduplicated by a ReplacingMergeTree target
        DQ.COMPLETE.002                    0 rows         public.ar.duedate
        duedate uses a sentinel date where NULL was likely meant
        COMPAT.CH.DATE_BEFORE_1900         0 rows         public.ar.duedate
        duedate holds dates before 1900; ClickHouse Date32 bottoms out at 1900-01-01 and clamps to it without an error (verified on 24.8)
        DQ.COMPLETE.001                    0 rows         public.ar.shippingpoint
        shippingpoint is nullable text and also contains empty strings; the two mean different things in every target
        DQ.COMPLETE.001                    0 rows         public.ar.notes
        notes is nullable text and also contains empty strings; the two mean different things in every target
        COMPAT.CH.CHAR_PADDING             0 rows         public.ar.curr
        curr is char(n); PostgreSQL pads to the declared width and ClickHouse does not, so trailing spaces are a real difference
        DQ.COMPLETE.001                    0 rows         public.ar.ordnumber
        ordnumber is nullable text and also contains empty strings; the two mean different things in every target
        DQ.COMPLETE.001                    0 rows         public.ar.quonumber
        quonumber is nullable text and also contains empty strings; the two mean different things in every target
        DQ.COMPLETE.001                    0 rows         public.ar.shipvia
        shipvia is nullable text and also contains empty strings; the two mean different things in every target
        DQ.COMPLETE.001                    0 rows         public.ar.language_code
        language_code is nullable text and also contains empty strings; the two mean different things in every target
        DQ.COMPLETE.001                    0 rows         public.ar.ponumber
        ponumber is nullable text and also contains empty strings; the two mean different things in every target
        DQ.COMPLETE.002                    0 rows         public.ar.crdate
        crdate uses a sentinel date where NULL was likely meant
        COMPAT.CH.DATE_BEFORE_1900         0 rows         public.ar.crdate
        crdate holds dates before 1900; ClickHouse Date32 bottoms out at 1900-01-01 and clamps to it without an error (verified on 24.8)
        DQ.COMPLETE.001                    0 rows         public.ar.setting_sequence
        setting_sequence is nullable text and also contains empty strings; the two mean different things in every target
  BLOCK COMPAT.CH.NUMERIC_UNCONSTRAINED    not measurable public.ar.amount_bc
        amount_bc is unconstrained numeric; the measured data uses precision 6 scale 2, so Decimal(6, 2) is narrowing-safe against that profile
  BLOCK COMPAT.CH.NUMERIC_UNCONSTRAINED    not measurable public.ar.amount_tc
        amount_tc is unconstrained numeric; the measured data uses precision 6 scale 2, so Decimal(6, 2) is narrowing-safe against that profile
  BLOCK COMPAT.CH.NUMERIC_UNCONSTRAINED    not measurable public.ar.netamount_bc
        netamount_bc is unconstrained numeric; the measured data uses precision 6 scale 2, so Decimal(6, 2) is narrowing-safe against that profile
  BLOCK COMPAT.CH.NUMERIC_UNCONSTRAINED    not measurable public.ar.netamount_tc
        netamount_tc is unconstrained numeric; the measured data uses precision 6 scale 2, so Decimal(6, 2) is narrowing-safe against that profile
        DQ.COMPLETE.001                    0 rows         public.ar.shipto_attn
        shipto_attn is nullable text and also contains empty strings; the two mean different things in every target
        DQ.UNIQ.001                        0 rows         public.ar.open_item_id
        open_item_id looks like a key and is not declared unique; duplicates would be silently deduplicated by a ReplacingMergeTree target
  BLOCK COMPAT.CH.NO_CONSTRAINT_ENFORCEMENT not measurable public.assembly
        public.assembly has a primary key that ClickHouse will not enforce. Nothing breaks on load day; duplicates accumulate afterwards, and a ReplacingMergeTree deduplicates only eventually — a SELECT before a merge still returns them.
  BLOCK COMPAT.CH.NUMERIC_UNCONSTRAINED    not measurable public.assembly.qty
        qty is unconstrained numeric and has not been profiled. Run `ekos migrate profile --tier p1` before choosing a target type; guessing one is how a migration truncates money.
  BLOCK COMPAT.CH.NO_CONSTRAINT_ENFORCEMENT not measurable public.asset_class
        public.asset_class has a primary key that ClickHouse will not enforce. Nothing breaks on load day; duplicates accumulate afterwards, and a ReplacingMergeTree deduplicates only eventually — a SELECT before a merge still returns them.
  BLOCK COMPAT.CH.NO_CONSTRAINT_ENFORCEMENT not measurable public.asset_dep_method
        public.asset_dep_method has a primary key that ClickHouse will not enforce. Nothing breaks on load day; duplicates accumulate afterwards, and a ReplacingMergeTree deduplicates only eventually — a SELECT before a merge still returns them.
        DQ.UNIQ.001                        0 rows         public.asset_dep_method.id
        id looks like a key and is not declared unique; duplicates would be silently deduplicated by a ReplacingMergeTree target
  BLOCK COMPAT.CH.NO_CONSTRAINT_ENFORCEMENT not measurable public.asset_disposal_method
        public.asset_disposal_method has a primary key that ClickHouse will not enforce. Nothing breaks on load day; duplicates accumulate afterwards, and a ReplacingMergeTree deduplicates only eventually — a SELECT before a merge still returns them.
        DQ.UNIQ.001                        0 rows         public.asset_disposal_method.id
        id looks like a key and is not declared unique; duplicates would be silently deduplicated by a ReplacingMergeTree target
        COMPAT.CH.CHAR_PADDING             0 rows         public.asset_disposal_method.short_label
        short_label is char(n); PostgreSQL pads to the declared width and ClickHouse does not, so trailing spaces are a real difference
  BLOCK COMPAT.CH.NO_CONSTRAINT_ENFORCEMENT not measurable public.asset_item
        public.asset_item has a primary key that ClickHouse will not enforce. Nothing breaks on load day; duplicates accumulate afterwards, and a ReplacingMergeTree deduplicates only eventually — a SELECT before a merge still returns them.
  BLOCK COMPAT.CH.NUMERIC_UNCONSTRAINED    not measurable public.asset_item.purchase_value
        purchase_value is unconstrained numeric and has not been profiled. Run `ekos migrate profile --tier p1` before choosing a target type; guessing one is how a migration truncates money.
  BLOCK COMPAT.CH.NUMERIC_UNCONSTRAINED    not measurable public.asset_item.salvage_value
        salvage_value is unconstrained numeric and has not been profiled. Run `ekos migrate profile --tier p1` before choosing a target type; guessing one is how a migration truncates money.
  BLOCK COMPAT.CH.NUMERIC_UNCONSTRAINED    not measurable public.asset_item.usable_life
        usable_life is unconstrained numeric and has not been profiled. Run `ekos migrate profile --tier p1` before choosing a target type; guessing one is how a migration truncates money.
        DQ.COMPLETE.002                    0 rows         public.asset_item.purchase_date
        purchase_date uses a sentinel date where NULL was likely meant
        COMPAT.CH.DATE_BEFORE_1900         0 rows         public.asset_item.purchase_date
        purchase_date holds dates before 1900; ClickHouse Date32 bottoms out at 1900-01-01 and clamps to it without an error (verified on 24.8)
        DQ.COMPLETE.002                    0 rows         public.asset_item.start_depreciation
        start_depreciation uses a sentinel date where NULL was likely meant
        COMPAT.CH.DATE_BEFORE_1900         0 rows         public.asset_item.start_depreciation
        start_depreciation holds dates before 1900; ClickHouse Date32 bottoms out at 1900-01-01 and clamps to it without an error (verified on 24.8)
        DQ.COMPLETE.002                    0 rows         public.asset_note.created
        created uses a sentinel date where NULL was likely meant
        COMPAT.CH.DATE_BEFORE_1900         0 rows         public.asset_note.created
        created holds dates before 1900; ClickHouse Date32 bottoms out at 1900-01-01 and clamps to it without an error (verified on 24.8)
        COMPAT.CH.INFINITE_TIMESTAMP       0 rows         public.asset_note.created
        created holds ±infinity, which no target can represent
  BLOCK COMPAT.CH.NO_CONSTRAINT_ENFORCEMENT not measurable public.asset_report
        public.asset_report has a primary key that ClickHouse will not enforce. Nothing breaks on load day; duplicates accumulate afterwards, and a ReplacingMergeTree deduplicates only eventually — a SELECT before a merge still returns them.
        DQ.COMPLETE.002                    0 rows         public.asset_report.report_date
        report_date uses a sentinel date where NULL was likely meant
        COMPAT.CH.DATE_BEFORE_1900         0 rows         public.asset_report.report_date
        report_date holds dates before 1900; ClickHouse Date32 bottoms out at 1900-01-01 and clamps to it without an error (verified on 24.8)
        DQ.COMPLETE.002                    0 rows         public.asset_report.entered_at
        entered_at uses a sentinel date where NULL was likely meant
        COMPAT.CH.DATE_BEFORE_1900         0 rows         public.asset_report.entered_at
        entered_at holds dates before 1900; ClickHouse Date32 bottoms out at 1900-01-01 and clamps to it without an error (verified on 24.8)
        COMPAT.CH.INFINITE_TIMESTAMP       0 rows         public.asset_report.entered_at
        entered_at holds ±infinity, which no target can represent
        DQ.COMPLETE.002                    0 rows         public.asset_report.approved_at
        approved_at uses a sentinel date where NULL was likely meant
        COMPAT.CH.DATE_BEFORE_1900         0 rows         public.asset_report.approved_at
        approved_at holds dates before 1900; ClickHouse Date32 bottoms out at 1900-01-01 and clamps to it without an error (verified on 24.8)
        COMPAT.CH.INFINITE_TIMESTAMP       0 rows         public.asset_report.approved_at
        approved_at holds ±infinity, which no target can represent
  BLOCK COMPAT.CH.NUMERIC_UNCONSTRAINED    not measurable public.asset_report.depreciated_qty
        depreciated_qty is unconstrained numeric and has not been profiled. Run `ekos migrate profile --tier p1` before choosing a target type; guessing one is how a migration truncates money.
  BLOCK COMPAT.CH.NO_CONSTRAINT_ENFORCEMENT not measurable public.asset_report_class
        public.asset_report_class has a primary key that ClickHouse will not enforce. Nothing breaks on load day; duplicates accumulate afterwards, and a ReplacingMergeTree deduplicates only eventually — a SELECT before a merge still returns them.
        DQ.UNIQ.001                        0 rows         public.asset_report_class.id
        id looks like a key and is not declared unique; duplicates would be silently deduplicated by a ReplacingMergeTree target
  BLOCK COMPAT.CH.NO_CONSTRAINT_ENFORCEMENT not measurable public.asset_report_line
        public.asset_report_line has a primary key that ClickHouse will not enforce. Nothing breaks on load day; duplicates accumulate afterwards, and a ReplacingMergeTree deduplicates only eventually — a SELECT before a merge still returns them.
  BLOCK COMPAT.CH.NUMERIC_UNCONSTRAINED    not measurable public.asset_report_line.amount
        amount is unconstrained numeric and has not been profiled. Run `ekos migrate profile --tier p1` before choosing a target type; guessing one is how a migration truncates money.
  BLOCK COMPAT.CH.NO_CONSTRAINT_ENFORCEMENT not measurable public.asset_rl_to_disposal_method
        public.asset_rl_to_disposal_method has a primary key that ClickHouse will not enforce. Nothing breaks on load day; duplicates accumulate afterwards, and a ReplacingMergeTree deduplicates only eventually — a SELECT before a merge still returns them.
  BLOCK COMPAT.CH.NUMERIC_UNCONSTRAINED    not measurable public.asset_rl_to_disposal_method.percent_disposed
        percent_disposed is unconstrained numeric and has not been profiled. Run `ekos migrate profile --tier p1` before choosing a target type; guessing one is how a migration truncates money.
  BLOCK COMPAT.CH.NO_CONSTRAINT_ENFORCEMENT not measurable public.asset_unit_class
        public.asset_unit_class has a primary key that ClickHouse will not enforce. Nothing breaks on load day; duplicates accumulate afterwards, and a ReplacingMergeTree deduplicates only eventually — a SELECT before a merge still returns them.
        DQ.UNIQ.001                        0 rows         public.asset_unit_class.id
        id looks like a key and is not declared unique; duplicates would be silently deduplicated by a ReplacingMergeTree target
  BLOCK COMPAT.CH.NO_CONSTRAINT_ENFORCEMENT not measurable public.audittrail
        public.audittrail has a primary key that ClickHouse will not enforce. Nothing breaks on load day; duplicates accumulate afterwards, and a ReplacingMergeTree deduplicates only eventually — a SELECT before a merge still returns them.
        DQ.UNIQ.001                        0 rows         public.audittrail.trans_id
        trans_id looks like a key and is not declared unique; duplicates would be silently deduplicated by a ReplacingMergeTree target
        DQ.COMPLETE.001                    0 rows         public.audittrail.formname
        formname is nullable text and also contains empty strings; the two mean different things in every target
        DQ.COMPLETE.002                    0 rows         public.audittrail.transdate
        transdate uses a sentinel date where NULL was likely meant
        COMPAT.CH.DATE_BEFORE_1900         0 rows         public.audittrail.transdate
        transdate holds dates before 1900; ClickHouse Date32 bottoms out at 1900-01-01 and clamps to it without an error (verified on 24.8)
        COMPAT.CH.INFINITE_TIMESTAMP       0 rows         public.audittrail.transdate
        transdate holds ±infinity, which no target can represent
        DQ.UNIQ.001                        0 rows         public.audittrail.entry_id
        entry_id looks like a key and is not declared unique; duplicates would be silently deduplicated by a ReplacingMergeTree target
  BLOCK COMPAT.CH.NO_CONSTRAINT_ENFORCEMENT not measurable public.batch
        public.batch has a primary key that ClickHouse will not enforce. Nothing breaks on load day; duplicates accumulate afterwards, and a ReplacingMergeTree deduplicates only eventually — a SELECT before a merge still returns them.
        DQ.COMPLETE.002                    0 rows         public.batch.default_date
        default_date uses a sentinel date where NULL was likely meant
        COMPAT.CH.DATE_BEFORE_1900         0 rows         public.batch.default_date
        default_date holds dates before 1900; ClickHouse Date32 bottoms out at 1900-01-01 and clamps to it without an error (verified on 24.8)
        DQ.COMPLETE.002                    0 rows         public.batch.approved_on
        approved_on uses a sentinel date where NULL was likely meant
        COMPAT.CH.DATE_BEFORE_1900         0 rows         public.batch.approved_on
        approved_on holds dates before 1900; ClickHouse Date32 bottoms out at 1900-01-01 and clamps to it without an error (verified on 24.8)
        DQ.COMPLETE.002                    0 rows         public.batch.created_on
        created_on uses a sentinel date where NULL was likely meant
        COMPAT.CH.DATE_BEFORE_1900         0 rows         public.batch.created_on
        created_on holds dates before 1900; ClickHouse Date32 bottoms out at 1900-01-01 and clamps to it without an error (verified on 24.8)
  BLOCK COMPAT.CH.NO_CONSTRAINT_ENFORCEMENT not measurable public.batch_class
        public.batch_class has a primary key that ClickHouse will not enforce. Nothing breaks on load day; duplicates accumulate afterwards, and a ReplacingMergeTree deduplicates only eventually — a SELECT before a merge still returns them.
        DQ.UNIQ.001                        0 rows         public.batch_class.id
        id looks like a key and is not declared unique; duplicates would be silently deduplicated by a ReplacingMergeTree target
  BLOCK COMPAT.CH.NO_CONSTRAINT_ENFORCEMENT not measurable public.bu_class_to_module
        public.bu_class_to_module has a primary key that ClickHouse will not enforce. Nothing breaks on load day; duplicates accumulate afterwards, and a ReplacingMergeTree deduplicates only eventually — a SELECT before a merge still returns them.
  BLOCK DQ.UNIQ.001                        42 rows        public.bu_class_to_module.bu_class_id
        bu_class_id looks like a key and is not declared unique; duplicates would be silently deduplicated by a ReplacingMergeTree target
  BLOCK DQ.UNIQ.001                        42 rows        public.bu_class_to_module.module_id
        module_id looks like a key and is not declared unique; duplicates would be silently deduplicated by a ReplacingMergeTree target
  BLOCK COMPAT.CH.NO_CONSTRAINT_ENFORCEMENT not measurable public.budget_info
        public.budget_info has a primary key that ClickHouse will not enforce. Nothing breaks on load day; duplicates accumulate afterwards, and a ReplacingMergeTree deduplicates only eventually — a SELECT before a merge still returns them.
        DQ.COMPLETE.002                    0 rows         public.budget_info.start_date
        start_date uses a sentinel date where NULL was likely meant
        COMPAT.CH.DATE_BEFORE_1900         0 rows         public.budget_info.start_date
        start_date holds dates before 1900; ClickHouse Date32 bottoms out at 1900-01-01 and clamps to it without an error (verified on 24.8)
        DQ.COMPLETE.002                    0 rows         public.budget_info.end_date
        end_date uses a sentinel date where NULL was likely meant
        COMPAT.CH.DATE_BEFORE_1900         0 rows         public.budget_info.end_date
        end_date holds dates before 1900; ClickHouse Date32 bottoms out at 1900-01-01 and clamps to it without an error (verified on 24.8)
        DQ.COMPLETE.002                    0 rows         public.budget_info.entered_at
        entered_at uses a sentinel date where NULL was likely meant
        COMPAT.CH.DATE_BEFORE_1900         0 rows         public.budget_info.entered_at
        entered_at holds dates before 1900; ClickHouse Date32 bottoms out at 1900-01-01 and clamps to it without an error (verified on 24.8)
        COMPAT.CH.INFINITE_TIMESTAMP       0 rows         public.budget_info.entered_at
        entered_at holds ±infinity, which no target can represent
        DQ.COMPLETE.002                    0 rows         public.budget_info.approved_at
        approved_at uses a sentinel date where NULL was likely meant
        COMPAT.CH.DATE_BEFORE_1900         0 rows         public.budget_info.approved_at
        approved_at holds dates before 1900; ClickHouse Date32 bottoms out at 1900-01-01 and clamps to it without an error (verified on 24.8)
        COMPAT.CH.INFINITE_TIMESTAMP       0 rows         public.budget_info.approved_at
        approved_at holds ±infinity, which no target can represent
        DQ.COMPLETE.002                    0 rows         public.budget_info.obsolete_at
        obsolete_at uses a sentinel date where NULL was likely meant
        COMPAT.CH.DATE_BEFORE_1900         0 rows         public.budget_info.obsolete_at
        obsolete_at holds dates before 1900; ClickHouse Date32 bottoms out at 1900-01-01 and clamps to it without an error (verified on 24.8)
        COMPAT.CH.INFINITE_TIMESTAMP       0 rows         public.budget_info.obsolete_at
        obsolete_at holds ±infinity, which no target can represent
  BLOCK COMPAT.CH.NO_CONSTRAINT_ENFORCEMENT not measurable public.budget_line
        public.budget_line has a primary key that ClickHouse will not enforce. Nothing breaks on load day; duplicates accumulate afterwards, and a ReplacingMergeTree deduplicates only eventually — a SELECT before a merge still returns them.
  BLOCK COMPAT.CH.NUMERIC_UNCONSTRAINED    not measurable public.budget_line.amount
        amount is unconstrained numeric and has not been profiled. Run `ekos migrate profile --tier p1` before choosing a target type; guessing one is how a migration truncates money.
  BLOCK COMPAT.CH.NUMERIC_UNCONSTRAINED    not measurable public.budget_line.amount_tc
        amount_tc is unconstrained numeric and has not been profiled. Run `ekos migrate profile --tier p1` before choosing a target type; guessing one is how a migration truncates money.
        COMPAT.CH.CHAR_PADDING             0 rows         public.budget_line.curr
        curr is char(n); PostgreSQL pads to the declared width and ClickHouse does not, so trailing spaces are a real difference
  BLOCK COMPAT.CH.NO_CONSTRAINT_ENFORCEMENT not measurable public.budget_note
        public.budget_note has a primary key that ClickHouse will not enforce. Nothing breaks on load day; duplicates accumulate afterwards, and a ReplacingMergeTree deduplicates only eventually — a SELECT before a merge still returns them.
        DQ.COMPLETE.002                    0 rows         public.budget_note.created
        created uses a sentinel date where NULL was likely meant
        COMPAT.CH.DATE_BEFORE_1900         0 rows         public.budget_note.created
        created holds dates before 1900; ClickHouse Date32 bottoms out at 1900-01-01 and clamps to it without an error (verified on 24.8)
        COMPAT.CH.INFINITE_TIMESTAMP       0 rows         public.budget_note.created
        created holds ±infinity, which no target can represent
  BLOCK COMPAT.CH.NO_CONSTRAINT_ENFORCEMENT not measurable public.budget_to_business_unit
        public.budget_to_business_unit has a primary key that ClickHouse will not enforce. Nothing breaks on load day; duplicates accumulate afterwards, and a ReplacingMergeTree deduplicates only eventually — a SELECT before a merge still returns them.
  BLOCK COMPAT.CH.NO_CONSTRAINT_ENFORCEMENT not measurable public.business
        public.business has a primary key that ClickHouse will not enforce. Nothing breaks on load day; duplicates accumulate afterwards, and a ReplacingMergeTree deduplicates only eventually — a SELECT before a merge still returns them.
        DQ.UNIQ.001                        0 rows         public.business.id
        id looks like a key and is not declared unique; duplicates would be silently deduplicated by a ReplacingMergeTree target
  BLOCK COMPAT.CH.NUMERIC_UNCONSTRAINED    not measurable public.business.discount
        discount is unconstrained numeric; the measured data uses precision 1 scale 0, so Decimal(1, 0) is narrowing-safe against that profile
        DQ.COMPLETE.002                    0 rows         public.business.last_updated
        last_updated uses a sentinel date where NULL was likely meant
        COMPAT.CH.DATE_BEFORE_1900         0 rows         public.business.last_updated
        last_updated holds dates before 1900; ClickHouse Date32 bottoms out at 1900-01-01 and clamps to it without an error (verified on 24.8)
        COMPAT.CH.INFINITE_TIMESTAMP       0 rows         public.business.last_updated
        last_updated holds ±infinity, which no target can represent
  BLOCK COMPAT.CH.NO_CONSTRAINT_ENFORCEMENT not measurable public.business_unit
        public.business_unit has a primary key that ClickHouse will not enforce. Nothing breaks on load day; duplicates accumulate afterwards, and a ReplacingMergeTree deduplicates only eventually — a SELECT before a merge still returns them.
        DQ.UNIQ.001                        0 rows         public.business_unit.id
        id looks like a key and is not declared unique; duplicates would be silently deduplicated by a ReplacingMergeTree target
  BLOCK DQ.UNIQ.001                        83 rows        public.business_unit.class_id
        class_id looks like a key and is not declared unique; duplicates would be silently deduplicated by a ReplacingMergeTree target
        DQ.UNIQ.001                        0 rows         public.business_unit.control_code
        control_code looks like a key and is not declared unique; duplicates would be silently deduplicated by a ReplacingMergeTree target
        DQ.COMPLETE.002                    0 rows         public.business_unit.start_date
        start_date uses a sentinel date where NULL was likely meant
        COMPAT.CH.DATE_BEFORE_1900         0 rows         public.business_unit.start_date
        start_date holds dates before 1900; ClickHouse Date32 bottoms out at 1900-01-01 and clamps to it without an error (verified on 24.8)
        DQ.COMPLETE.002                    0 rows         public.business_unit.end_date
        end_date uses a sentinel date where NULL was likely meant
        COMPAT.CH.DATE_BEFORE_1900         0 rows         public.business_unit.end_date
        end_date holds dates before 1900; ClickHouse Date32 bottoms out at 1900-01-01 and clamps to it without an error (verified on 24.8)
        DQ.UNIQ.001                        0 rows         public.business_unit.credit_id
        credit_id looks like a key and is not declared unique; duplicates would be silently deduplicated by a ReplacingMergeTree target
  BLOCK COMPAT.CH.NO_CONSTRAINT_ENFORCEMENT not measurable public.business_unit_ac
        public.business_unit_ac has a primary key that ClickHouse will not enforce. Nothing breaks on load day; duplicates accumulate afterwards, and a ReplacingMergeTree deduplicates only eventually — a SELECT before a merge still returns them.
  BLOCK COMPAT.CH.NO_CONSTRAINT_ENFORCEMENT not measurable public.business_unit_class
        public.business_unit_class has a primary key that ClickHouse will not enforce. Nothing breaks on load day; duplicates accumulate afterwards, and a ReplacingMergeTree deduplicates only eventually — a SELECT before a merge still returns them.
        DQ.UNIQ.001                        0 rows         public.business_unit_class.id
        id looks like a key and is not declared unique; duplicates would be silently deduplicated by a ReplacingMergeTree target
  BLOCK COMPAT.CH.NO_CONSTRAINT_ENFORCEMENT not measurable public.business_unit_inv
        public.business_unit_inv has a primary key that ClickHouse will not enforce. Nothing breaks on load day; duplicates accumulate afterwards, and a ReplacingMergeTree deduplicates only eventually — a SELECT before a merge still returns them.
  BLOCK COMPAT.CH.NO_CONSTRAINT_ENFORCEMENT not measurable public.business_unit_jl
        public.business_unit_jl has a primary key that ClickHouse will not enforce. Nothing breaks on load day; duplicates accumulate afterwards, and a ReplacingMergeTree deduplicates only eventually — a SELECT before a merge still returns them.
  BLOCK COMPAT.CH.NO_CONSTRAINT_ENFORCEMENT not measurable public.business_unit_oitem
        public.business_unit_oitem has a primary key that ClickHouse will not enforce. Nothing breaks on load day; duplicates accumulate afterwards, and a ReplacingMergeTree deduplicates only eventually — a SELECT before a merge still returns them.
  BLOCK COMPAT.CH.NO_CONSTRAINT_ENFORCEMENT not measurable public.business_unit_translation
        public.business_unit_translation has a primary key that ClickHouse will not enforce. Nothing breaks on load day; duplicates accumulate afterwards, and a ReplacingMergeTree deduplicates only eventually — a SELECT before a merge still returns them.
  BLOCK COMPAT.CH.NO_CONSTRAINT_ENFORCEMENT not measurable public.company
        public.company has a primary key that ClickHouse will not enforce. Nothing breaks on load day; duplicates accumulate afterwards, and a ReplacingMergeTree deduplicates only eventually — a SELECT before a merge still returns them.
        DQ.UNIQ.001                        0 rows         public.company.id
        id looks like a key and is not declared unique; duplicates would be silently deduplicated by a ReplacingMergeTree target
        DQ.UNIQ.001                        0 rows         public.company.entity_id
        entity_id looks like a key and is not declared unique; duplicates would be silently deduplicated by a ReplacingMergeTree target
        DQ.UNIQ.001                        0 rows         public.company.tax_id
        tax_id looks like a key and is not declared unique; duplicates would be silently deduplicated by a ReplacingMergeTree target
        DQ.COMPLETE.001                    0 rows         public.company.sales_tax_id
        sales_tax_id is nullable text and also contains empty strings; the two mean different things in every target
        DQ.COMPLETE.001                    0 rows         public.company.license_number
        license_number is nullable text and also contains empty strings; the two mean different things in every target
        DQ.COMPLETE.001                    0 rows         public.company.sic_code
        sic_code is nullable text and also contains empty strings; the two mean different things in every target
        DQ.COMPLETE.002                    0 rows         public.company.created
        created uses a sentinel date where NULL was likely meant
        COMPAT.CH.DATE_BEFORE_1900         0 rows         public.company.created
        created holds dates before 1900; ClickHouse Date32 bottoms out at 1900-01-01 and clamps to it without an error (verified on 24.8)
  BLOCK COMPAT.CH.NO_CONSTRAINT_ENFORCEMENT not measurable public.contact_class
        public.contact_class has a primary key that ClickHouse will not enforce. Nothing breaks on load day; duplicates accumulate afterwards, and a ReplacingMergeTree deduplicates only eventually — a SELECT before a merge still returns them.
        DQ.UNIQ.001                        0 rows         public.contact_class.id
        id looks like a key and is not declared unique; duplicates would be silently deduplicated by a ReplacingMergeTree target
  BLOCK COMPAT.CH.NO_CONSTRAINT_ENFORCEMENT not measurable public.country
        public.country has a primary key that ClickHouse will not enforce. Nothing breaks on load day; duplicates accumulate afterwards, and a ReplacingMergeTree deduplicates only eventually — a SELECT before a merge still returns them.
        DQ.UNIQ.001                        0 rows         public.country.id
        id looks like a key and is not declared unique; duplicates would be silently deduplicated by a ReplacingMergeTree target
        DQ.COMPLETE.001                    0 rows         public.country.itu
        itu is nullable text and also contains empty strings; the two mean different things in every target
        DQ.COMPLETE.002                    0 rows         public.country.last_updated
        last_updated uses a sentinel date where NULL was likely meant
        COMPAT.CH.DATE_BEFORE_1900         0 rows         public.country.last_updated
        last_updated holds dates before 1900; ClickHouse Date32 bottoms out at 1900-01-01 and clamps to it without an error (verified on 24.8)
        COMPAT.CH.INFINITE_TIMESTAMP       0 rows         public.country.last_updated
        last_updated holds ±infinity, which no target can represent
  BLOCK COMPAT.CH.NO_CONSTRAINT_ENFORCEMENT not measurable public.country_tax_form
        public.country_tax_form has a primary key that ClickHouse will not enforce. Nothing breaks on load day; duplicates accumulate afterwards, and a ReplacingMergeTree deduplicates only eventually — a SELECT before a merge still returns them.
  BLOCK COMPAT.CH.NO_CONSTRAINT_ENFORCEMENT not measurable public.cr_coa_to_account
        public.cr_coa_to_account has a primary key that ClickHouse will not enforce. Nothing breaks on load day; duplicates accumulate afterwards, and a ReplacingMergeTree deduplicates only eventually — a SELECT before a merge still returns them.
  BLOCK COMPAT.CH.NO_CONSTRAINT_ENFORCEMENT not measurable public.cr_report
        public.cr_report has a primary key that ClickHouse will not enforce. Nothing breaks on load day; duplicates accumulate afterwards, and a ReplacingMergeTree deduplicates only eventually — a SELECT before a merge still returns them.
  BLOCK COMPAT.CH.NUMERIC_UNCONSTRAINED    not measurable public.cr_report.their_total
        their_total is unconstrained numeric and has not been profiled. Run `ekos migrate profile --tier p1` before choosing a target type; guessing one is how a migration truncates money.
        DQ.COMPLETE.002                    0 rows         public.cr_report.end_date
        end_date uses a sentinel date where NULL was likely meant
        COMPAT.CH.DATE_BEFORE_1900         0 rows         public.cr_report.end_date
        end_date holds dates before 1900; ClickHouse Date32 bottoms out at 1900-01-01 and clamps to it without an error (verified on 24.8)
        DQ.COMPLETE.002                    0 rows         public.cr_report.updated
        updated uses a sentinel date where NULL was likely meant
        COMPAT.CH.DATE_BEFORE_1900         0 rows         public.cr_report.updated
        updated holds dates before 1900; ClickHouse Date32 bottoms out at 1900-01-01 and clamps to it without an error (verified on 24.8)
        COMPAT.CH.INFINITE_TIMESTAMP       0 rows         public.cr_report.updated
        updated holds ±infinity, which no target can represent
  BLOCK COMPAT.CH.NO_CONSTRAINT_ENFORCEMENT not measurable public.cr_report_line
        public.cr_report_line has a primary key that ClickHouse will not enforce. Nothing breaks on load day; duplicates accumulate afterwards, and a ReplacingMergeTree deduplicates only eventually — a SELECT before a merge still returns them.
  BLOCK COMPAT.CH.NUMERIC_UNCONSTRAINED    not measurable public.cr_report_line.their_balance
        their_balance is unconstrained numeric and has not been profiled. Run `ekos migrate profile --tier p1` before choosing a target type; guessing one is how a migration truncates money.
  BLOCK COMPAT.CH.NUMERIC_UNCONSTRAINED    not measurable public.cr_report_line.our_balance
        our_balance is unconstrained numeric and has not been profiled. Run `ekos migrate profile --tier p1` before choosing a target type; guessing one is how a migration truncates money.
        DQ.COMPLETE.002                    0 rows         public.cr_report_line.clear_time
        clear_time uses a sentinel date where NULL was likely meant
        COMPAT.CH.DATE_BEFORE_1900         0 rows         public.cr_report_line.clear_time
        clear_time holds dates before 1900; ClickHouse Date32 bottoms out at 1900-01-01 and clamps to it without an error (verified on 24.8)
        DQ.COMPLETE.002                    0 rows         public.cr_report_line.insert_time
        insert_time uses a sentinel date where NULL was likely meant
        COMPAT.CH.DATE_BEFORE_1900         0 rows         public.cr_report_line.insert_time
        insert_time holds dates before 1900; ClickHouse Date32 bottoms out at 1900-01-01 and clamps to it without an error (verified on 24.8)
        COMPAT.CH.INFINITE_TIMESTAMP       0 rows         public.cr_report_line.insert_time
        insert_time holds ±infinity, which no target can represent
        DQ.COMPLETE.002                    0 rows         public.cr_report_line.post_date
        post_date uses a sentinel date where NULL was likely meant
        COMPAT.CH.DATE_BEFORE_1900         0 rows         public.cr_report_line.post_date
        post_date holds dates before 1900; ClickHouse Date32 bottoms out at 1900-01-01 and clamps to it without an error (verified on 24.8)
  BLOCK COMPAT.CH.NO_CONSTRAINT_ENFORCEMENT not measurable public.cr_report_line_links
        public.cr_report_line_links has a primary key that ClickHouse will not enforce. Nothing breaks on load day; duplicates accumulate afterwards, and a ReplacingMergeTree deduplicates only eventually — a SELECT before a merge still returns them.
  BLOCK COMPAT.CH.NO_CONSTRAINT_ENFORCEMENT not measurable public.currency
        public.currency has a primary key that ClickHouse will not enforce. Nothing breaks on load day; duplicates accumulate afterwards, and a ReplacingMergeTree deduplicates only eventually — a SELECT before a merge still returns them.
        COMPAT.CH.CHAR_PADDING             0 rows         public.currency.curr
        curr is char(n); PostgreSQL pads to the declared width and ClickHouse does not, so trailing spaces are a real difference
  BLOCK COMPAT.CH.NO_CONSTRAINT_ENFORCEMENT not measurable public.custom_attribute_metadata
        public.custom_attribute_metadata has a primary key that ClickHouse will not enforce. Nothing breaks on load day; duplicates accumulate afterwards, and a ReplacingMergeTree deduplicates only eventually — a SELECT before a merge still returns them.
        DQ.COMPLETE.002                    0 rows         public.custom_attribute_metadata.obsolete
        obsolete uses a sentinel date where NULL was likely meant
        COMPAT.CH.DATE_BEFORE_1900         0 rows         public.custom_attribute_metadata.obsolete
        obsolete holds dates before 1900; ClickHouse Date32 bottoms out at 1900-01-01 and clamps to it without an error (verified on 24.8)
  BLOCK COMPAT.CH.NO_CONSTRAINT_ENFORCEMENT not measurable public.defaults
        public.defaults has a primary key that ClickHouse will not enforce. Nothing breaks on load day; duplicates accumulate afterwards, and a ReplacingMergeTree deduplicates only eventually — a SELECT before a merge still returns them.
        DQ.UNIQ.001                        0 rows         public.defaults.setting_key
        setting_key looks like a key and is not declared unique; duplicates would be silently deduplicated by a ReplacingMergeTree target
  BLOCK COMPAT.CH.NO_CONSTRAINT_ENFORCEMENT not measurable public.eca_invoice
        public.eca_invoice has a primary key that ClickHouse will not enforce. Nothing breaks on load day; duplicates accumulate afterwards, and a ReplacingMergeTree deduplicates only eventually — a SELECT before a merge still returns them.
        DQ.COMPLETE.002                    0 rows         public.eca_invoice.due
        due uses a sentinel date where NULL was likely meant
        COMPAT.CH.DATE_BEFORE_1900         0 rows         public.eca_invoice.due
        due holds dates before 1900; ClickHouse Date32 bottoms out at 1900-01-01 and clamps to it without an error (verified on 24.8)
        COMPAT.CH.CHAR_PADDING             0 rows         public.eca_invoice.language_code
        language_code is char(n); PostgreSQL pads to the declared width and ClickHouse does not, so trailing spaces are a real difference
  BLOCK COMPAT.CH.NO_CONSTRAINT_ENFORCEMENT not measurable public.eca_note
        public.eca_note has a primary key that ClickHouse will not enforce. Nothing breaks on load day; duplicates accumulate afterwards, and a ReplacingMergeTree deduplicates only eventually — a SELECT before a merge still returns them.
        DQ.COMPLETE.002                    0 rows         public.eca_note.created
        created uses a sentinel date where NULL was likely meant
        COMPAT.CH.DATE_BEFORE_1900         0 rows         public.eca_note.created
        created holds dates before 1900; ClickHouse Date32 bottoms out at 1900-01-01 and clamps to it without an error (verified on 24.8)
        COMPAT.CH.INFINITE_TIMESTAMP       0 rows         public.eca_note.created
        created holds ±infinity, which no target can represent
  BLOCK COMPAT.CH.NO_CONSTRAINT_ENFORCEMENT not measurable public.eca_tax
        public.eca_tax has a primary key that ClickHouse will not enforce. Nothing breaks on load day; duplicates accumulate afterwards, and a ReplacingMergeTree deduplicates only eventually — a SELECT before a merge still returns them.
  BLOCK COMPAT.CH.NO_CONSTRAINT_ENFORCEMENT not measurable public.eca_to_contact
        public.eca_to_contact has a primary key that ClickHouse will not enforce. Nothing breaks on load day; duplicates accumulate afterwards, and a ReplacingMergeTree deduplicates only eventually — a SELECT before a merge still returns them.
  BLOCK COMPAT.CH.NO_CONSTRAINT_ENFORCEMENT not measurable public.eca_to_location
        public.eca_to_location has a primary key that ClickHouse will not enforce. Nothing breaks on load day; duplicates accumulate afterwards, and a ReplacingMergeTree deduplicates only eventually — a SELECT before a merge still returns them.
        DQ.UNIQ.001                        0 rows         public.eca_to_location.location_id
        location_id looks like a key and is not declared unique; duplicates would be silently deduplicated by a ReplacingMergeTree target
        DQ.UNIQ.001                        0 rows         public.eca_to_location.credit_id
        credit_id looks like a key and is not declared unique; duplicates would be silently deduplicated by a ReplacingMergeTree target
        DQ.COMPLETE.002                    0 rows         public.eca_to_location.created
        created uses a sentinel date where NULL was likely meant
        COMPAT.CH.DATE_BEFORE_1900         0 rows         public.eca_to_location.created
        created holds dates before 1900; ClickHouse Date32 bottoms out at 1900-01-01 and clamps to it without an error (verified on 24.8)
        DQ.COMPLETE.002                    0 rows         public.eca_to_location.inactive_date
        inactive_date uses a sentinel date where NULL was likely meant
        COMPAT.CH.DATE_BEFORE_1900         0 rows         public.eca_to_location.inactive_date
        inactive_date holds dates before 1900; ClickHouse Date32 bottoms out at 1900-01-01 and clamps to it without an error (verified on 24.8)
        COMPAT.CH.INFINITE_TIMESTAMP       0 rows         public.eca_to_location.inactive_date
        inactive_date holds ±infinity, which no target can represent
  BLOCK COMPAT.CH.NO_CONSTRAINT_ENFORCEMENT not measurable public.email
        public.email has a primary key that ClickHouse will not enforce. Nothing breaks on load day; duplicates accumulate afterwards, and a ReplacingMergeTree deduplicates only eventually — a SELECT before a merge still returns them.
        DQ.COMPLETE.002                    0 rows         public.email.sent_date
        sent_date uses a sentinel date where NULL was likely meant
        COMPAT.CH.DATE_BEFORE_1900         0 rows         public.email.sent_date
        sent_date holds dates before 1900; ClickHouse Date32 bottoms out at 1900-01-01 and clamps to it without an error (verified on 24.8)
  BLOCK COMPAT.CH.NO_CONSTRAINT_ENFORCEMENT not measurable public.employee_class
        public.employee_class has a primary key that ClickHouse will not enforce. Nothing breaks on load day; duplicates accumulate afterwards, and a ReplacingMergeTree deduplicates only eventually — a SELECT before a merge still returns them.
  BLOCK COMPAT.CH.NO_CONSTRAINT_ENFORCEMENT not measurable public.employee_to_ec
        public.employee_to_ec has a primary key that ClickHouse will not enforce. Nothing breaks on load day; duplicates accumulate afterwards, and a ReplacingMergeTree deduplicates only eventually — a SELECT before a merge still returns them.
  BLOCK COMPAT.CH.NO_CONSTRAINT_ENFORCEMENT not measurable public.entity
        public.entity has a primary key that ClickHouse will not enforce. Nothing breaks on load day; duplicates accumulate afterwards, and a ReplacingMergeTree deduplicates only eventually — a SELECT before a merge still returns them.
        DQ.UNIQ.001                        0 rows         public.entity.id
        id looks like a key and is not declared unique; duplicates would be silently deduplicated by a ReplacingMergeTree target
        DQ.COMPLETE.002                    0 rows         public.entity.created
        created uses a sentinel date where NULL was likely meant
        COMPAT.CH.DATE_BEFORE_1900         0 rows         public.entity.created
        created holds dates before 1900; ClickHouse Date32 bottoms out at 1900-01-01 and clamps to it without an error (verified on 24.8)
        DQ.UNIQ.001                        0 rows         public.entity.control_code
        control_code looks like a key and is not declared unique; duplicates would be silently deduplicated by a ReplacingMergeTree target
  BLOCK DQ.UNIQ.001                        84 rows        public.entity.country_id
        country_id looks like a key and is not declared unique; duplicates would be silently deduplicated by a ReplacingMergeTree target
  BLOCK COMPAT.CH.NO_CONSTRAINT_ENFORCEMENT not measurable public.entity_bank_account
        public.entity_bank_account has a primary key that ClickHouse will not enforce. Nothing breaks on load day; duplicates accumulate afterwards, and a ReplacingMergeTree deduplicates only eventually — a SELECT before a merge still returns them.
  BLOCK COMPAT.CH.NO_CONSTRAINT_ENFORCEMENT not measurable public.entity_class
        public.entity_class has a primary key that ClickHouse will not enforce. Nothing breaks on load day; duplicates accumulate afterwards, and a ReplacingMergeTree deduplicates only eventually — a SELECT before a merge still returns them.
        DQ.UNIQ.001                        0 rows         public.entity_class.id
        id looks like a key and is not declared unique; duplicates would be silently deduplicated by a ReplacingMergeTree target
  BLOCK COMPAT.CH.NO_CONSTRAINT_ENFORCEMENT not measurable public.entity_credit_account
        public.entity_credit_account has a primary key that ClickHouse will not enforce. Nothing breaks on load day; duplicates accumulate afterwards, and a ReplacingMergeTree deduplicates only eventually — a SELECT before a merge still returns them.
        DQ.UNIQ.001                        0 rows         public.entity_credit_account.id
        id looks like a key and is not declared unique; duplicates would be silently deduplicated by a ReplacingMergeTree target
        DQ.UNIQ.001                        0 rows         public.entity_credit_account.entity_id
        entity_id looks like a key and is not declared unique; duplicates would be silently deduplicated by a ReplacingMergeTree target
  BLOCK COMPAT.CH.NUMERIC_UNCONSTRAINED    not measurable public.entity_credit_account.discount
        discount is unconstrained numeric; the measured data uses precision 1 scale 0, so Decimal(1, 0) is narrowing-safe against that profile
  BLOCK COMPAT.CH.NUMERIC_UNCONSTRAINED    not measurable public.entity_credit_account.creditlimit
        creditlimit is unconstrained numeric; the measured data uses precision 7 scale 2, so Decimal(7, 2) is narrowing-safe against that profile
  BLOCK DQ.UNIQ.001                        56 rows        public.entity_credit_account.business_id
        business_id looks like a key and is not declared unique; duplicates would be silently deduplicated by a ReplacingMergeTree target
  BLOCK DQ.UNIQ.001                        84 rows        public.entity_credit_account.language_code
        language_code looks like a key and is not declared unique; duplicates would be silently deduplicated by a ReplacingMergeTree target
        COMPAT.CH.CHAR_PADDING             0 rows         public.entity_credit_account.curr
        curr is char(n); PostgreSQL pads to the declared width and ClickHouse does not, so trailing spaces are a real difference
        DQ.COMPLETE.002                    0 rows         public.entity_credit_account.startdate
        startdate uses a sentinel date where NULL was likely meant
        COMPAT.CH.DATE_BEFORE_1900         0 rows         public.entity_credit_account.startdate
        startdate holds dates before 1900; ClickHouse Date32 bottoms out at 1900-01-01 and clamps to it without an error (verified on 24.8)
        DQ.COMPLETE.002                    0 rows         public.entity_credit_account.enddate
        enddate uses a sentinel date where NULL was likely meant
        COMPAT.CH.DATE_BEFORE_1900         0 rows         public.entity_credit_account.enddate
        enddate holds dates before 1900; ClickHouse Date32 bottoms out at 1900-01-01 and clamps to it without an error (verified on 24.8)
  BLOCK COMPAT.CH.NUMERIC_UNCONSTRAINED    not measurable public.entity_credit_account.threshold
        threshold is unconstrained numeric; the measured data uses precision 1 scale 0, so Decimal(1, 0) is narrowing-safe against that profile
  BLOCK DQ.UNIQ.001                        83 rows        public.entity_credit_account.ar_ap_account_id
        ar_ap_account_id looks like a key and is not declared unique; duplicates would be silently deduplicated by a ReplacingMergeTree target
  BLOCK DQ.UNIQ.001                        84 rows        public.entity_credit_account.cash_account_id
        cash_account_id looks like a key and is not declared unique; duplicates would be silently deduplicated by a ReplacingMergeTree target
  BLOCK COMPAT.CH.NO_CONSTRAINT_ENFORCEMENT not measurable public.entity_employee
        public.entity_employee has a primary key that ClickHouse will not enforce. Nothing breaks on load day; duplicates accumulate afterwards, and a ReplacingMergeTree deduplicates only eventually — a SELECT before a merge still returns them.
        DQ.COMPLETE.002                    0 rows         public.entity_employee.startdate
        startdate uses a sentinel date where NULL was likely meant
        COMPAT.CH.DATE_BEFORE_1900         0 rows         public.entity_employee.startdate
        startdate holds dates before 1900; ClickHouse Date32 bottoms out at 1900-01-01 and clamps to it without an error (verified on 24.8)
        DQ.COMPLETE.002                    0 rows         public.entity_employee.enddate
        enddate uses a sentinel date where NULL was likely meant
        COMPAT.CH.DATE_BEFORE_1900         0 rows         public.entity_employee.enddate
        enddate holds dates before 1900; ClickHouse Date32 bottoms out at 1900-01-01 and clamps to it without an error (verified on 24.8)
        DQ.COMPLETE.002                    0 rows         public.entity_employee.dob
        dob uses a sentinel date where NULL was likely meant
        COMPAT.CH.DATE_BEFORE_1900         0 rows         public.entity_employee.dob
        dob holds dates before 1900; ClickHouse Date32 bottoms out at 1900-01-01 and clamps to it without an error (verified on 24.8)
  BLOCK COMPAT.CH.NO_CONSTRAINT_ENFORCEMENT not measurable public.entity_note
        public.entity_note has a primary key that ClickHouse will not enforce. Nothing breaks on load day; duplicates accumulate afterwards, and a ReplacingMergeTree deduplicates only eventually — a SELECT before a merge still returns them.
        DQ.COMPLETE.002                    0 rows         public.entity_note.created
        created uses a sentinel date where NULL was likely meant
        COMPAT.CH.DATE_BEFORE_1900         0 rows         public.entity_note.created
        created holds dates before 1900; ClickHouse Date32 bottoms out at 1900-01-01 and clamps to it without an error (verified on 24.8)
        COMPAT.CH.INFINITE_TIMESTAMP       0 rows         public.entity_note.created
        created holds ±infinity, which no target can represent
  BLOCK COMPAT.CH.NO_CONSTRAINT_ENFORCEMENT not measurable public.entity_other_name
        public.entity_other_name has a primary key that ClickHouse will not enforce. Nothing breaks on load day; duplicates accumulate afterwards, and a ReplacingMergeTree deduplicates only eventually — a SELECT before a merge still returns them.
  BLOCK COMPAT.CH.NO_CONSTRAINT_ENFORCEMENT not measurable public.entity_to_contact
        public.entity_to_contact has a primary key that ClickHouse will not enforce. Nothing breaks on load day; duplicates accumulate afterwards, and a ReplacingMergeTree deduplicates only eventually — a SELECT before a merge still returns them.
  BLOCK COMPAT.CH.NO_CONSTRAINT_ENFORCEMENT not measurable public.entity_to_location
        public.entity_to_location has a primary key that ClickHouse will not enforce. Nothing breaks on load day; duplicates accumulate afterwards, and a ReplacingMergeTree deduplicates only eventually — a SELECT before a merge still returns them.
        DQ.COMPLETE.002                    0 rows         public.entity_to_location.created
        created uses a sentinel date where NULL was likely meant
        COMPAT.CH.DATE_BEFORE_1900         0 rows         public.entity_to_location.created
        created holds dates before 1900; ClickHouse Date32 bottoms out at 1900-01-01 and clamps to it without an error (verified on 24.8)
        DQ.COMPLETE.002                    0 rows         public.entity_to_location.inactive_date
        inactive_date uses a sentinel date where NULL was likely meant
        COMPAT.CH.DATE_BEFORE_1900         0 rows         public.entity_to_location.inactive_date
        inactive_date holds dates before 1900; ClickHouse Date32 bottoms out at 1900-01-01 and clamps to it without an error (verified on 24.8)
        COMPAT.CH.INFINITE_TIMESTAMP       0 rows         public.entity_to_location.inactive_date
        inactive_date holds ±infinity, which no target can represent
  BLOCK COMPAT.CH.NO_CONSTRAINT_ENFORCEMENT not measurable public.exchangerate_default
        public.exchangerate_default has a primary key that ClickHouse will not enforce. Nothing breaks on load day; duplicates accumulate afterwards, and a ReplacingMergeTree deduplicates only eventually — a SELECT before a merge still returns them.
        COMPAT.CH.CHAR_PADDING             0 rows         public.exchangerate_default.curr
        curr is char(n); PostgreSQL pads to the declared width and ClickHouse does not, so trailing spaces are a real difference
        DQ.COMPLETE.002                    0 rows         public.exchangerate_default.valid_from
        valid_from uses a sentinel date where NULL was likely meant
        COMPAT.CH.DATE_BEFORE_1900         0 rows         public.exchangerate_default.valid_from
        valid_from holds dates before 1900; ClickHouse Date32 bottoms out at 1900-01-01 and clamps to it without an error (verified on 24.8)
        DQ.COMPLETE.002                    0 rows         public.exchangerate_default.valid_to
        valid_to uses a sentinel date where NULL was likely meant
        COMPAT.CH.DATE_BEFORE_1900         0 rows         public.exchangerate_default.valid_to
        valid_to holds dates before 1900; ClickHouse Date32 bottoms out at 1900-01-01 and clamps to it without an error (verified on 24.8)
  BLOCK COMPAT.CH.NUMERIC_UNCONSTRAINED    not measurable public.exchangerate_default.rate
        rate is unconstrained numeric and has not been profiled. Run `ekos migrate profile --tier p1` before choosing a target type; guessing one is how a migration truncates money.
  BLOCK COMPAT.CH.NO_CONSTRAINT_ENFORCEMENT not measurable public.exchangerate_type
        public.exchangerate_type has a primary key that ClickHouse will not enforce. Nothing breaks on load day; duplicates accumulate afterwards, and a ReplacingMergeTree deduplicates only eventually — a SELECT before a merge still returns them.
        DQ.UNIQ.001                        0 rows         public.exchangerate_type.id
        id looks like a key and is not declared unique; duplicates would be silently deduplicated by a ReplacingMergeTree target
  BLOCK COMPAT.CH.NO_CONSTRAINT_ENFORCEMENT not measurable public.file_base
        public.file_base has a primary key that ClickHouse will not enforce. Nothing breaks on load day; duplicates accumulate afterwards, and a ReplacingMergeTree deduplicates only eventually — a SELECT before a merge still returns them.
        DQ.COMPLETE.002                    0 rows         public.file_base.uploaded_at
        uploaded_at uses a sentinel date where NULL was likely meant
        COMPAT.CH.DATE_BEFORE_1900         0 rows         public.file_base.uploaded_at
        uploaded_at holds dates before 1900; ClickHouse Date32 bottoms out at 1900-01-01 and clamps to it without an error (verified on 24.8)
        COMPAT.CH.INFINITE_TIMESTAMP       0 rows         public.file_base.uploaded_at
        uploaded_at holds ±infinity, which no target can represent
  BLOCK COMPAT.CH.NO_CONSTRAINT_ENFORCEMENT not measurable public.file_class
        public.file_class has a primary key that ClickHouse will not enforce. Nothing breaks on load day; duplicates accumulate afterwards, and a ReplacingMergeTree deduplicates only eventually — a SELECT before a merge still returns them.
        DQ.UNIQ.001                        0 rows         public.file_class.id
        id looks like a key and is not declared unique; duplicates would be silently deduplicated by a ReplacingMergeTree target
  BLOCK COMPAT.CH.NO_CONSTRAINT_ENFORCEMENT not measurable public.file_eca
        public.file_eca has a primary key that ClickHouse will not enforce. Nothing breaks on load day; duplicates accumulate afterwards, and a ReplacingMergeTree deduplicates only eventually — a SELECT before a merge still returns them.
        DQ.COMPLETE.002                    0 rows         public.file_eca.uploaded_at
        uploaded_at uses a sentinel date where NULL was likely meant
        COMPAT.CH.DATE_BEFORE_1900         0 rows         public.file_eca.uploaded_at
        uploaded_at holds dates before 1900; ClickHouse Date32 bottoms out at 1900-01-01 and clamps to it without an error (verified on 24.8)
        COMPAT.CH.INFINITE_TIMESTAMP       0 rows         public.file_eca.uploaded_at
        uploaded_at holds ±infinity, which no target can represent
  BLOCK COMPAT.CH.NO_CONSTRAINT_ENFORCEMENT not measurable public.file_email
        public.file_email has a primary key that ClickHouse will not enforce. Nothing breaks on load day; duplicates accumulate afterwards, and a ReplacingMergeTree deduplicates only eventually — a SELECT before a merge still returns them.
        DQ.COMPLETE.002                    0 rows         public.file_email.uploaded_at
        uploaded_at uses a sentinel date where NULL was likely meant
        COMPAT.CH.DATE_BEFORE_1900         0 rows         public.file_email.uploaded_at
        uploaded_at holds dates before 1900; ClickHouse Date32 bottoms out at 1900-01-01 and clamps to it without an error (verified on 24.8)
        COMPAT.CH.INFINITE_TIMESTAMP       0 rows         public.file_email.uploaded_at
        uploaded_at holds ±infinity, which no target can represent
  BLOCK COMPAT.CH.NO_CONSTRAINT_ENFORCEMENT not measurable public.file_entity
        public.file_entity has a primary key that ClickHouse will not enforce. Nothing breaks on load day; duplicates accumulate afterwards, and a ReplacingMergeTree deduplicates only eventually — a SELECT before a merge still returns them.
        DQ.COMPLETE.002                    0 rows         public.file_entity.uploaded_at
        uploaded_at uses a sentinel date where NULL was likely meant
        COMPAT.CH.DATE_BEFORE_1900         0 rows         public.file_entity.uploaded_at
        uploaded_at holds dates before 1900; ClickHouse Date32 bottoms out at 1900-01-01 and clamps to it without an error (verified on 24.8)
        COMPAT.CH.INFINITE_TIMESTAMP       0 rows         public.file_entity.uploaded_at
        uploaded_at holds ±infinity, which no target can represent
  BLOCK COMPAT.CH.NO_CONSTRAINT_ENFORCEMENT not measurable public.file_incoming
        public.file_incoming has a primary key that ClickHouse will not enforce. Nothing breaks on load day; duplicates accumulate afterwards, and a ReplacingMergeTree deduplicates only eventually — a SELECT before a merge still returns them.
        DQ.COMPLETE.002                    0 rows         public.file_incoming.uploaded_at
        uploaded_at uses a sentinel date where NULL was likely meant
        COMPAT.CH.DATE_BEFORE_1900         0 rows         public.file_incoming.uploaded_at
        uploaded_at holds dates before 1900; ClickHouse Date32 bottoms out at 1900-01-01 and clamps to it without an error (verified on 24.8)
        COMPAT.CH.INFINITE_TIMESTAMP       0 rows         public.file_incoming.uploaded_at
        uploaded_at holds ±infinity, which no target can represent
  BLOCK COMPAT.CH.NO_CONSTRAINT_ENFORCEMENT not measurable public.file_internal
        public.file_internal has a primary key that ClickHouse will not enforce. Nothing breaks on load day; duplicates accumulate afterwards, and a ReplacingMergeTree deduplicates only eventually — a SELECT before a merge still returns them.
        DQ.COMPLETE.002                    0 rows         public.file_internal.uploaded_at
        uploaded_at uses a sentinel date where NULL was likely meant
        COMPAT.CH.DATE_BEFORE_1900         0 rows         public.file_internal.uploaded_at
        uploaded_at holds dates before 1900; ClickHouse Date32 bottoms out at 1900-01-01 and clamps to it without an error (verified on 24.8)
        COMPAT.CH.INFINITE_TIMESTAMP       0 rows         public.file_internal.uploaded_at
        uploaded_at holds ±infinity, which no target can represent
  BLOCK COMPAT.CH.NO_CONSTRAINT_ENFORCEMENT not measurable public.file_order
        public.file_order has a primary key that ClickHouse will not enforce. Nothing breaks on load day; duplicates accumulate afterwards, and a ReplacingMergeTree deduplicates only eventually — a SELECT before a merge still returns them.
        DQ.COMPLETE.002                    0 rows         public.file_order.uploaded_at
        uploaded_at uses a sentinel date where NULL was likely meant
        COMPAT.CH.DATE_BEFORE_1900         0 rows         public.file_order.uploaded_at
        uploaded_at holds dates before 1900; ClickHouse Date32 bottoms out at 1900-01-01 and clamps to it without an error (verified on 24.8)
        COMPAT.CH.INFINITE_TIMESTAMP       0 rows         public.file_order.uploaded_at
        uploaded_at holds ±infinity, which no target can represent
  BLOCK COMPAT.CH.NO_CONSTRAINT_ENFORCEMENT not measurable public.file_order_to_order
        public.file_order_to_order has a primary key that ClickHouse will not enforce. Nothing breaks on load day; duplicates accumulate afterwards, and a ReplacingMergeTree deduplicates only eventually — a SELECT before a merge still returns them.
        DQ.COMPLETE.002                    0 rows         public.file_order_to_order.attached_at
        attached_at uses a sentinel date where NULL was likely meant
        COMPAT.CH.DATE_BEFORE_1900         0 rows         public.file_order_to_order.attached_at
        attached_at holds dates before 1900; ClickHouse Date32 bottoms out at 1900-01-01 and clamps to it without an error (verified on 24.8)
        COMPAT.CH.INFINITE_TIMESTAMP       0 rows         public.file_order_to_order.attached_at
        attached_at holds ±infinity, which no target can represent
  BLOCK COMPAT.CH.NO_CONSTRAINT_ENFORCEMENT not measurable public.file_order_to_tx
        public.file_order_to_tx has a primary key that ClickHouse will not enforce. Nothing breaks on load day; duplicates accumulate afterwards, and a ReplacingMergeTree deduplicates only eventually — a SELECT before a merge still returns them.
        DQ.COMPLETE.002                    0 rows         public.file_order_to_tx.attached_at
        attached_at uses a sentinel date where NULL was likely meant
        COMPAT.CH.DATE_BEFORE_1900         0 rows         public.file_order_to_tx.attached_at
        attached_at holds dates before 1900; ClickHouse Date32 bottoms out at 1900-01-01 and clamps to it without an error (verified on 24.8)
        COMPAT.CH.INFINITE_TIMESTAMP       0 rows         public.file_order_to_tx.attached_at
        attached_at holds ±infinity, which no target can represent
  BLOCK COMPAT.CH.NO_CONSTRAINT_ENFORCEMENT not measurable public.file_part
        public.file_part has a primary key that ClickHouse will not enforce. Nothing breaks on load day; duplicates accumulate afterwards, and a ReplacingMergeTree deduplicates only eventually — a SELECT before a merge still returns them.
        DQ.COMPLETE.002                    0 rows         public.file_part.uploaded_at
        uploaded_at uses a sentinel date where NULL was likely meant
        COMPAT.CH.DATE_BEFORE_1900         0 rows         public.file_part.uploaded_at
        uploaded_at holds dates before 1900; ClickHouse Date32 bottoms out at 1900-01-01 and clamps to it without an error (verified on 24.8)
        COMPAT.CH.INFINITE_TIMESTAMP       0 rows         public.file_part.uploaded_at
        uploaded_at holds ±infinity, which no target can represent
  BLOCK COMPAT.CH.NO_CONSTRAINT_ENFORCEMENT not measurable public.file_reconciliation
        public.file_reconciliation has a primary key that ClickHouse will not enforce. Nothing breaks on load day; duplicates accumulate afterwards, and a ReplacingMergeTree deduplicates only eventually — a SELECT before a merge still returns them.
        DQ.COMPLETE.002                    0 rows         public.file_reconciliation.uploaded_at
        uploaded_at uses a sentinel date where NULL was likely meant
        COMPAT.CH.DATE_BEFORE_1900         0 rows         public.file_reconciliation.uploaded_at
        uploaded_at holds dates before 1900; ClickHouse Date32 bottoms out at 1900-01-01 and clamps to it without an error (verified on 24.8)
        COMPAT.CH.INFINITE_TIMESTAMP       0 rows         public.file_reconciliation.uploaded_at
        uploaded_at holds ±infinity, which no target can represent
  BLOCK COMPAT.CH.NO_CONSTRAINT_ENFORCEMENT not measurable public.file_secondary_attachment
        public.file_secondary_attachment has a primary key that ClickHouse will not enforce. Nothing breaks on load day; duplicates accumulate afterwards, and a ReplacingMergeTree deduplicates only eventually — a SELECT before a merge still returns them.
        DQ.COMPLETE.002                    0 rows         public.file_secondary_attachment.attached_at
        attached_at uses a sentinel date where NULL was likely meant
        COMPAT.CH.DATE_BEFORE_1900         0 rows         public.file_secondary_attachment.attached_at
        attached_at holds dates before 1900; ClickHouse Date32 bottoms out at 1900-01-01 and clamps to it without an error (verified on 24.8)
        COMPAT.CH.INFINITE_TIMESTAMP       0 rows         public.file_secondary_attachment.attached_at
        attached_at holds ±infinity, which no target can represent
  BLOCK COMPAT.CH.NO_CONSTRAINT_ENFORCEMENT not measurable public.file_transaction
        public.file_transaction has a primary key that ClickHouse will not enforce. Nothing breaks on load day; duplicates accumulate afterwards, and a ReplacingMergeTree deduplicates only eventually — a SELECT before a merge still returns them.
        DQ.COMPLETE.002                    0 rows         public.file_transaction.uploaded_at
        uploaded_at uses a sentinel date where NULL was likely meant
        COMPAT.CH.DATE_BEFORE_1900         0 rows         public.file_transaction.uploaded_at
        uploaded_at holds dates before 1900; ClickHouse Date32 bottoms out at 1900-01-01 and clamps to it without an error (verified on 24.8)
        COMPAT.CH.INFINITE_TIMESTAMP       0 rows         public.file_transaction.uploaded_at
        uploaded_at holds ±infinity, which no target can represent
  BLOCK COMPAT.CH.NO_CONSTRAINT_ENFORCEMENT not measurable public.file_tx_to_order
        public.file_tx_to_order has a primary key that ClickHouse will not enforce. Nothing breaks on load day; duplicates accumulate afterwards, and a ReplacingMergeTree deduplicates only eventually — a SELECT before a merge still returns them.
        DQ.COMPLETE.002                    0 rows         public.file_tx_to_order.attached_at
        attached_at uses a sentinel date where NULL was likely meant
        COMPAT.CH.DATE_BEFORE_1900         0 rows         public.file_tx_to_order.attached_at
        attached_at holds dates before 1900; ClickHouse Date32 bottoms out at 1900-01-01 and clamps to it without an error (verified on 24.8)
        COMPAT.CH.INFINITE_TIMESTAMP       0 rows         public.file_tx_to_order.attached_at
        attached_at holds ±infinity, which no target can represent
  BLOCK COMPAT.CH.NO_CONSTRAINT_ENFORCEMENT not measurable public.file_view_catalog
        public.file_view_catalog has a primary key that ClickHouse will not enforce. Nothing breaks on load day; duplicates accumulate afterwards, and a ReplacingMergeTree deduplicates only eventually — a SELECT before a merge still returns them.
  BLOCK COMPAT.CH.NO_CONSTRAINT_ENFORCEMENT not measurable public.gifi
        public.gifi has a primary key that ClickHouse will not enforce. Nothing breaks on load day; duplicates accumulate afterwards, and a ReplacingMergeTree deduplicates only eventually — a SELECT before a merge still returns them.
        DQ.COMPLETE.002                    0 rows         public.gifi.last_updated
        last_updated uses a sentinel date where NULL was likely meant
        COMPAT.CH.DATE_BEFORE_1900         0 rows         public.gifi.last_updated
        last_updated holds dates before 1900; ClickHouse Date32 bottoms out at 1900-01-01 and clamps to it without an error (verified on 24.8)
        COMPAT.CH.INFINITE_TIMESTAMP       0 rows         public.gifi.last_updated
        last_updated holds ±infinity, which no target can represent
  BLOCK COMPAT.CH.NO_CONSTRAINT_ENFORCEMENT not measurable public.gl
        public.gl has a primary key that ClickHouse will not enforce. Nothing breaks on load day; duplicates accumulate afterwards, and a ReplacingMergeTree deduplicates only eventually — a SELECT before a merge still returns them.
        DQ.UNIQ.001                        0 rows         public.gl.id
        id looks like a key and is not declared unique; duplicates would be silently deduplicated by a ReplacingMergeTree target
  BLOCK COMPAT.CH.NO_CONSTRAINT_ENFORCEMENT not measurable public.inventory_report
        public.inventory_report has a primary key that ClickHouse will not enforce. Nothing breaks on load day; duplicates accumulate afterwards, and a ReplacingMergeTree deduplicates only eventually — a SELECT before a merge still returns them.
        DQ.UNIQ.001                        0 rows         public.inventory_report.id
        id looks like a key and is not declared unique; duplicates would be silently deduplicated by a ReplacingMergeTree target
        DQ.COMPLETE.002                    0 rows         public.inventory_report.report_date
        report_date uses a sentinel date where NULL was likely meant
        COMPAT.CH.DATE_BEFORE_1900         0 rows         public.inventory_report.report_date
        report_date holds dates before 1900; ClickHouse Date32 bottoms out at 1900-01-01 and clamps to it without an error (verified on 24.8)
        DQ.UNIQ.001                        0 rows         public.inventory_report.trans_id
        trans_id looks like a key and is not declared unique; duplicates would be silently deduplicated by a ReplacingMergeTree target
  BLOCK COMPAT.CH.NO_CONSTRAINT_ENFORCEMENT not measurable public.inventory_report_line
        public.inventory_report_line has a primary key that ClickHouse will not enforce. Nothing breaks on load day; duplicates accumulate afterwards, and a ReplacingMergeTree deduplicates only eventually — a SELECT before a merge still returns them.
  BLOCK DQ.UNIQ.001                        642 rows       public.inventory_report_line.adjust_id
        adjust_id looks like a key and is not declared unique; duplicates would be silently deduplicated by a ReplacingMergeTree target
  BLOCK DQ.UNIQ.001                        540 rows       public.inventory_report_line.parts_id
        parts_id looks like a key and is not declared unique; duplicates would be silently deduplicated by a ReplacingMergeTree target
  BLOCK COMPAT.CH.NUMERIC_UNCONSTRAINED    not measurable public.inventory_report_line.counted
        counted is unconstrained numeric; the measured data uses precision 3 scale 0, so Decimal(3, 0) is narrowing-safe against that profile
  BLOCK COMPAT.CH.NUMERIC_UNCONSTRAINED    not measurable public.inventory_report_line.expected
        expected is unconstrained numeric; the measured data uses precision 3 scale 0, so Decimal(3, 0) is narrowing-safe against that profile
  BLOCK COMPAT.CH.NUMERIC_UNCONSTRAINED    not measurable public.inventory_report_line.variance
        variance is unconstrained numeric; the measured data uses precision 1 scale 0, so Decimal(1, 0) is narrowing-safe against that profile
  BLOCK COMPAT.CH.NO_CONSTRAINT_ENFORCEMENT not measurable public.invoice
        public.invoice has a primary key that ClickHouse will not enforce. Nothing breaks on load day; duplicates accumulate afterwards, and a ReplacingMergeTree deduplicates only eventually — a SELECT before a merge still returns them.
        DQ.UNIQ.001                        0 rows         public.invoice.id
        id looks like a key and is not declared unique; duplicates would be silently deduplicated by a ReplacingMergeTree target
  BLOCK DQ.UNIQ.001                        7446 rows      public.invoice.trans_id
        trans_id looks like a key and is not declared unique; duplicates would be silently deduplicated by a ReplacingMergeTree target
  BLOCK DQ.UNIQ.001                        11016 rows     public.invoice.parts_id
        parts_id looks like a key and is not declared unique; duplicates would be silently deduplicated by a ReplacingMergeTree target
  BLOCK COMPAT.CH.NUMERIC_UNCONSTRAINED    not measurable public.invoice.qty
        qty is unconstrained numeric; the measured data uses precision 3 scale 0, so Decimal(3, 0) is narrowing-safe against that profile
  BLOCK COMPAT.CH.NUMERIC_UNCONSTRAINED    not measurable public.invoice.allocated
        allocated is unconstrained numeric; the measured data uses precision 3 scale 0, so Decimal(3, 0) is narrowing-safe against that profile
  BLOCK COMPAT.CH.NUMERIC_UNCONSTRAINED    not measurable public.invoice.sellprice
        sellprice is unconstrained numeric; the measured data uses precision 5 scale 2, so Decimal(5, 2) is narrowing-safe against that profile
  BLOCK COMPAT.CH.NUMERIC_UNCONSTRAINED    not measurable public.invoice.fxsellprice
        fxsellprice is unconstrained numeric; the measured data uses precision 5 scale 2, so Decimal(5, 2) is narrowing-safe against that profile
  BLOCK COMPAT.CH.NUMERIC_UNCONSTRAINED    not measurable public.invoice.discount
        discount is unconstrained numeric; the measured data uses precision 1 scale 0, so Decimal(1, 0) is narrowing-safe against that profile
        DQ.COMPLETE.002                    0 rows         public.invoice.deliverydate
        deliverydate uses a sentinel date where NULL was likely meant
        COMPAT.CH.DATE_BEFORE_1900         0 rows         public.invoice.deliverydate
        deliverydate holds dates before 1900; ClickHouse Date32 bottoms out at 1900-01-01 and clamps to it without an error (verified on 24.8)
        DQ.COMPLETE.001                    0 rows         public.invoice.serialnumber
        serialnumber is nullable text and also contains empty strings; the two mean different things in every target
        DQ.COMPLETE.001                    0 rows         public.invoice.vendor_sku
        vendor_sku is nullable text and also contains empty strings; the two mean different things in every target
        DQ.COMPLETE.001                    0 rows         public.invoice.notes
        notes is nullable text and also contains empty strings; the two mean different things in every target
  BLOCK COMPAT.CH.NO_CONSTRAINT_ENFORCEMENT not measurable public.invoice_note
        public.invoice_note has a primary key that ClickHouse will not enforce. Nothing breaks on load day; duplicates accumulate afterwards, and a ReplacingMergeTree deduplicates only eventually — a SELECT before a merge still returns them.
        DQ.COMPLETE.002                    0 rows         public.invoice_note.created
        created uses a sentinel date where NULL was likely meant
        COMPAT.CH.DATE_BEFORE_1900         0 rows         public.invoice_note.created
        created holds dates before 1900; ClickHouse Date32 bottoms out at 1900-01-01 and clamps to it without an error (verified on 24.8)
        COMPAT.CH.INFINITE_TIMESTAMP       0 rows         public.invoice_note.created
        created holds ±infinity, which no target can represent
  BLOCK COMPAT.CH.NO_CONSTRAINT_ENFORCEMENT not measurable public.invoice_tax_form
        public.invoice_tax_form has a primary key that ClickHouse will not enforce. Nothing breaks on load day; duplicates accumulate afterwards, and a ReplacingMergeTree deduplicates only eventually — a SELECT before a merge still returns them.
  BLOCK COMPAT.CH.NO_CONSTRAINT_ENFORCEMENT not measurable public.jcitems
        public.jcitems has a primary key that ClickHouse will not enforce. Nothing breaks on load day; duplicates accumulate afterwards, and a ReplacingMergeTree deduplicates only eventually — a SELECT before a merge still returns them.
  BLOCK COMPAT.CH.NUMERIC_UNCONSTRAINED    not measurable public.jcitems.qty
        qty is unconstrained numeric and has not been profiled. Run `ekos migrate profile --tier p1` before choosing a target type; guessing one is how a migration truncates money.
  BLOCK COMPAT.CH.NUMERIC_UNCONSTRAINED    not measurable public.jcitems.allocated
        allocated is unconstrained numeric and has not been profiled. Run `ekos migrate profile --tier p1` before choosing a target type; guessing one is how a migration truncates money.
  BLOCK COMPAT.CH.NUMERIC_UNCONSTRAINED    not measurable public.jcitems.sellprice
        sellprice is unconstrained numeric and has not been profiled. Run `ekos migrate profile --tier p1` before choosing a target type; guessing one is how a migration truncates money.
  BLOCK COMPAT.CH.NUMERIC_UNCONSTRAINED    not measurable public.jcitems.fxsellprice
        fxsellprice is unconstrained numeric and has not been profiled. Run `ekos migrate profile --tier p1` before choosing a target type; guessing one is how a migration truncates money.
        DQ.COMPLETE.002                    0 rows         public.jcitems.checkedin
        checkedin uses a sentinel date where NULL was likely meant
        COMPAT.CH.DATE_BEFORE_1900         0 rows         public.jcitems.checkedin
        checkedin holds dates before 1900; ClickHouse Date32 bottoms out at 1900-01-01 and clamps to it without an error (verified on 24.8)
        COMPAT.CH.INFINITE_TIMESTAMP       0 rows         public.jcitems.checkedin
        checkedin holds ±infinity, which no target can represent
        DQ.COMPLETE.002                    0 rows         public.jcitems.checkedout
        checkedout uses a sentinel date where NULL was likely meant
        COMPAT.CH.DATE_BEFORE_1900         0 rows         public.jcitems.checkedout
        checkedout holds dates before 1900; ClickHouse Date32 bottoms out at 1900-01-01 and clamps to it without an error (verified on 24.8)
        COMPAT.CH.INFINITE_TIMESTAMP       0 rows         public.jcitems.checkedout
        checkedout holds ±infinity, which no target can represent
  BLOCK COMPAT.CH.NUMERIC_UNCONSTRAINED    not measurable public.jcitems.total
        total is unconstrained numeric and has not been profiled. Run `ekos migrate profile --tier p1` before choosing a target type; guessing one is how a migration truncates money.
  BLOCK COMPAT.CH.NUMERIC_UNCONSTRAINED    not measurable public.jcitems.non_billable
        non_billable is unconstrained numeric and has not been profiled. Run `ekos migrate profile --tier p1` before choosing a target type; guessing one is how a migration truncates money.
        COMPAT.CH.CHAR_PADDING             0 rows         public.jcitems.curr
        curr is char(n); PostgreSQL pads to the declared width and ClickHouse does not, so trailing spaces are a real difference
  BLOCK COMPAT.CH.NO_CONSTRAINT_ENFORCEMENT not measurable public.jctype
        public.jctype has a primary key that ClickHouse will not enforce. Nothing breaks on load day; duplicates accumulate afterwards, and a ReplacingMergeTree deduplicates only eventually — a SELECT before a merge still returns them.
        DQ.UNIQ.001                        0 rows         public.jctype.id
        id looks like a key and is not declared unique; duplicates would be silently deduplicated by a ReplacingMergeTree target
  BLOCK COMPAT.CH.NO_CONSTRAINT_ENFORCEMENT not measurable public.job
        public.job has a primary key that ClickHouse will not enforce. Nothing breaks on load day; duplicates accumulate afterwards, and a ReplacingMergeTree deduplicates only eventually — a SELECT before a merge still returns them.
  BLOCK COMPAT.CH.NUMERIC_UNCONSTRAINED    not measurable public.job.production
        production is unconstrained numeric and has not been profiled. Run `ekos migrate profile --tier p1` before choosing a target type; guessing one is how a migration truncates money.
  BLOCK COMPAT.CH.NUMERIC_UNCONSTRAINED    not measurable public.job.completed
        completed is unconstrained numeric and has not been profiled. Run `ekos migrate profile --tier p1` before choosing a target type; guessing one is how a migration truncates money.
  BLOCK COMPAT.CH.NO_CONSTRAINT_ENFORCEMENT not measurable public.journal_entry
        public.journal_entry has a primary key that ClickHouse will not enforce. Nothing breaks on load day; duplicates accumulate afterwards, and a ReplacingMergeTree deduplicates only eventually — a SELECT before a merge still returns them.
        DQ.COMPLETE.002                    0 rows         public.journal_entry.post_date
        post_date uses a sentinel date where NULL was likely meant
        COMPAT.CH.DATE_BEFORE_1900         0 rows         public.journal_entry.post_date
        post_date holds dates before 1900; ClickHouse Date32 bottoms out at 1900-01-01 and clamps to it without an error (verified on 24.8)
        DQ.COMPLETE.002                    0 rows         public.journal_entry.effective_start
        effective_start uses a sentinel date where NULL was likely meant
        COMPAT.CH.DATE_BEFORE_1900         0 rows         public.journal_entry.effective_start
        effective_start holds dates before 1900; ClickHouse Date32 bottoms out at 1900-01-01 and clamps to it without an error (verified on 24.8)
        DQ.COMPLETE.002                    0 rows         public.journal_entry.effective_end
        effective_end uses a sentinel date where NULL was likely meant
        COMPAT.CH.DATE_BEFORE_1900         0 rows         public.journal_entry.effective_end
        effective_end holds dates before 1900; ClickHouse Date32 bottoms out at 1900-01-01 and clamps to it without an error (verified on 24.8)
        COMPAT.CH.CHAR_PADDING             0 rows         public.journal_entry.currency
        currency is char(n); PostgreSQL pads to the declared width and ClickHouse does not, so trailing spaces are a real difference
  BLOCK COMPAT.CH.NO_CONSTRAINT_ENFORCEMENT not measurable public.journal_line
        public.journal_line has a primary key that ClickHouse will not enforce. Nothing breaks on load day; duplicates accumulate afterwards, and a ReplacingMergeTree deduplicates only eventually — a SELECT before a merge still returns them.
  BLOCK COMPAT.CH.NUMERIC_UNCONSTRAINED    not measurable public.journal_line.amount
        amount is unconstrained numeric and has not been profiled. Run `ekos migrate profile --tier p1` before choosing a target type; guessing one is how a migration truncates money.
  BLOCK COMPAT.CH.NUMERIC_UNCONSTRAINED    not measurable public.journal_line.amount_tc
        amount_tc is unconstrained numeric and has not been profiled. Run `ekos migrate profile --tier p1` before choosing a target type; guessing one is how a migration truncates money.
        COMPAT.CH.CHAR_PADDING             0 rows         public.journal_line.curr
        curr is char(n); PostgreSQL pads to the declared width and ClickHouse does not, so trailing spaces are a real difference
  BLOCK COMPAT.CH.NO_CONSTRAINT_ENFORCEMENT not measurable public.journal_note
        public.journal_note has a primary key that ClickHouse will not enforce. Nothing breaks on load day; duplicates accumulate afterwards, and a ReplacingMergeTree deduplicates only eventually — a SELECT before a merge still returns them.
        DQ.COMPLETE.002                    0 rows         public.journal_note.created
        created uses a sentinel date where NULL was likely meant
        COMPAT.CH.DATE_BEFORE_1900         0 rows         public.journal_note.created
        created holds dates before 1900; ClickHouse Date32 bottoms out at 1900-01-01 and clamps to it without an error (verified on 24.8)
        COMPAT.CH.INFINITE_TIMESTAMP       0 rows         public.journal_note.created
        created holds ±infinity, which no target can represent
  BLOCK COMPAT.CH.NO_CONSTRAINT_ENFORCEMENT not measurable public.journal_type
        public.journal_type has a primary key that ClickHouse will not enforce. Nothing breaks on load day; duplicates accumulate afterwards, and a ReplacingMergeTree deduplicates only eventually — a SELECT before a merge still returns them.
        DQ.UNIQ.001                        0 rows         public.journal_type.id
        id looks like a key and is not declared unique; duplicates would be silently deduplicated by a ReplacingMergeTree target
  BLOCK COMPAT.CH.NO_CONSTRAINT_ENFORCEMENT not measurable public.language
        public.language has a primary key that ClickHouse will not enforce. Nothing breaks on load day; duplicates accumulate afterwards, and a ReplacingMergeTree deduplicates only eventually — a SELECT before a merge still returns them.
        DQ.COMPLETE.002                    0 rows         public.language.last_updated
        last_updated uses a sentinel date where NULL was likely meant
        COMPAT.CH.DATE_BEFORE_1900         0 rows         public.language.last_updated
        last_updated holds dates before 1900; ClickHouse Date32 bottoms out at 1900-01-01 and clamps to it without an error (verified on 24.8)
        COMPAT.CH.INFINITE_TIMESTAMP       0 rows         public.language.last_updated
        last_updated holds ±infinity, which no target can represent
  BLOCK COMPAT.CH.NO_CONSTRAINT_ENFORCEMENT not measurable public.location
        public.location has a primary key that ClickHouse will not enforce. Nothing breaks on load day; duplicates accumulate afterwards, and a ReplacingMergeTree deduplicates only eventually — a SELECT before a merge still returns them.
        DQ.UNIQ.001                        0 rows         public.location.id
        id looks like a key and is not declared unique; duplicates would be silently deduplicated by a ReplacingMergeTree target
        DQ.COMPLETE.001                    0 rows         public.location.line_two
        line_two is nullable text and also contains empty strings; the two mean different things in every target
        DQ.COMPLETE.001                    0 rows         public.location.line_three
        line_three is nullable text and also contains empty strings; the two mean different things in every target
  BLOCK DQ.UNIQ.001                        84 rows        public.location.country_id
        country_id looks like a key and is not declared unique; duplicates would be silently deduplicated by a ReplacingMergeTree target
        DQ.UNIQ.001                        0 rows         public.location.mail_code
        mail_code looks like a key and is not declared unique; duplicates would be silently deduplicated by a ReplacingMergeTree target
  BLOCK COMPAT.CH.NO_CONSTRAINT_ENFORCEMENT not measurable public.location_class
        public.location_class has a primary key that ClickHouse will not enforce. Nothing breaks on load day; duplicates accumulate afterwards, and a ReplacingMergeTree deduplicates only eventually — a SELECT before a merge still returns them.
        DQ.UNIQ.001                        0 rows         public.location_class.id
        id looks like a key and is not declared unique; duplicates would be silently deduplicated by a ReplacingMergeTree target
        DQ.UNIQ.001                        0 rows         public.location_class_to_entity_class.id
        id looks like a key and is not declared unique; duplicates would be silently deduplicated by a ReplacingMergeTree target
  BLOCK COMPAT.CH.NO_CONSTRAINT_ENFORCEMENT not measurable public.lsmb_module
        public.lsmb_module has a primary key that ClickHouse will not enforce. Nothing breaks on load day; duplicates accumulate afterwards, and a ReplacingMergeTree deduplicates only eventually — a SELECT before a merge still returns them.
        DQ.UNIQ.001                        0 rows         public.lsmb_module.id
        id looks like a key and is not declared unique; duplicates would be silently deduplicated by a ReplacingMergeTree target
  BLOCK COMPAT.CH.NO_CONSTRAINT_ENFORCEMENT not measurable public.lsmb_sequence
        public.lsmb_sequence has a primary key that ClickHouse will not enforce. Nothing breaks on load day; duplicates accumulate afterwards, and a ReplacingMergeTree deduplicates only eventually — a SELECT before a merge still returns them.
  BLOCK COMPAT.CH.NO_CONSTRAINT_ENFORCEMENT not measurable public.makemodel
        public.makemodel has a primary key that ClickHouse will not enforce. Nothing breaks on load day; duplicates accumulate afterwards, and a ReplacingMergeTree deduplicates only eventually — a SELECT before a merge still returns them.
  BLOCK COMPAT.CH.NO_CONSTRAINT_ENFORCEMENT not measurable public.menu_acl
        public.menu_acl has a primary key that ClickHouse will not enforce. Nothing breaks on load day; duplicates accumulate afterwards, and a ReplacingMergeTree deduplicates only eventually — a SELECT before a merge still returns them.
  BLOCK COMPAT.CH.NO_CONSTRAINT_ENFORCEMENT not measurable public.menu_node
        public.menu_node has a primary key that ClickHouse will not enforce. Nothing breaks on load day; duplicates accumulate afterwards, and a ReplacingMergeTree deduplicates only eventually — a SELECT before a merge still returns them.
  BLOCK COMPAT.CH.NUMERIC_UNCONSTRAINED    not measurable public.mfg_lot.qty
        qty is unconstrained numeric and has not been profiled. Run `ekos migrate profile --tier p1` before choosing a target type; guessing one is how a migration truncates money.
        DQ.COMPLETE.002                    0 rows         public.mfg_lot.stock_date
        stock_date uses a sentinel date where NULL was likely meant
        COMPAT.CH.DATE_BEFORE_1900         0 rows         public.mfg_lot.stock_date
        stock_date holds dates before 1900; ClickHouse Date32 bottoms out at 1900-01-01 and clamps to it without an error (verified on 24.8)
  BLOCK COMPAT.CH.NUMERIC_UNCONSTRAINED    not measurable public.mfg_lot_item.qty
        qty is unconstrained numeric and has not been profiled. Run `ekos migrate profile --tier p1` before choosing a target type; guessing one is how a migration truncates money.
  BLOCK COMPAT.CH.NO_CONSTRAINT_ENFORCEMENT not measurable public.mime_type
        public.mime_type has a primary key that ClickHouse will not enforce. Nothing breaks on load day; duplicates accumulate afterwards, and a ReplacingMergeTree deduplicates only eventually — a SELECT before a merge still returns them.
        DQ.UNIQ.001                        0 rows         public.mime_type.id
        id looks like a key and is not declared unique; duplicates would be silently deduplicated by a ReplacingMergeTree target
  BLOCK COMPAT.CH.NO_CONSTRAINT_ENFORCEMENT not measurable public.note_class
        public.note_class has a primary key that ClickHouse will not enforce. Nothing breaks on load day; duplicates accumulate afterwards, and a ReplacingMergeTree deduplicates only eventually — a SELECT before a merge still returns them.
        DQ.UNIQ.001                        0 rows         public.note_class.id
        id looks like a key and is not declared unique; duplicates would be silently deduplicated by a ReplacingMergeTree target
  BLOCK COMPAT.CH.NO_CONSTRAINT_ENFORCEMENT not measurable public.oe
        public.oe has a primary key that ClickHouse will not enforce. Nothing breaks on load day; duplicates accumulate afterwards, and a ReplacingMergeTree deduplicates only eventually — a SELECT before a merge still returns them.
        DQ.UNIQ.001                        0 rows         public.oe.id
        id looks like a key and is not declared unique; duplicates would be silently deduplicated by a ReplacingMergeTree target
        DQ.COMPLETE.002                    0 rows         public.oe.transdate
        transdate uses a sentinel date where NULL was likely meant
        COMPAT.CH.DATE_BEFORE_1900         0 rows         public.oe.transdate
        transdate holds dates before 1900; ClickHouse Date32 bottoms out at 1900-01-01 and clamps to it without an error (verified on 24.8)
  BLOCK COMPAT.CH.NUMERIC_UNCONSTRAINED    not measurable public.oe.amount_tc
        amount_tc is unconstrained numeric; the measured data uses precision 6 scale 2, so Decimal(6, 2) is narrowing-safe against that profile
  BLOCK COMPAT.CH.NUMERIC_UNCONSTRAINED    not measurable public.oe.netamount_tc
        netamount_tc is unconstrained numeric; the measured data uses precision 6 scale 2, so Decimal(6, 2) is narrowing-safe against that profile
        DQ.COMPLETE.002                    0 rows         public.oe.reqdate
        reqdate uses a sentinel date where NULL was likely meant
        COMPAT.CH.DATE_BEFORE_1900         0 rows         public.oe.reqdate
        reqdate holds dates before 1900; ClickHouse Date32 bottoms out at 1900-01-01 and clamps to it without an error (verified on 24.8)
        DQ.COMPLETE.001                    0 rows         public.oe.shippingpoint
        shippingpoint is nullable text and also contains empty strings; the two mean different things in every target
        DQ.COMPLETE.001                    0 rows         public.oe.notes
        notes is nullable text and also contains empty strings; the two mean different things in every target
        COMPAT.CH.CHAR_PADDING             0 rows         public.oe.curr
        curr is char(n); PostgreSQL pads to the declared width and ClickHouse does not, so trailing spaces are a real difference
        DQ.COMPLETE.001                    0 rows         public.oe.quonumber
        quonumber is nullable text and also contains empty strings; the two mean different things in every target
        DQ.COMPLETE.001                    0 rows         public.oe.intnotes
        intnotes is nullable text and also contains empty strings; the two mean different things in every target
        DQ.COMPLETE.001                    0 rows         public.oe.shipvia
        shipvia is nullable text and also contains empty strings; the two mean different things in every target
        DQ.COMPLETE.001                    0 rows         public.oe.language_code
        language_code is nullable text and also contains empty strings; the two mean different things in every target
        DQ.COMPLETE.001                    0 rows         public.oe.ponumber
        ponumber is nullable text and also contains empty strings; the two mean different things in every target
  BLOCK DQ.UNIQ.001                        2111 rows      public.oe.oe_class_id
        oe_class_id looks like a key and is not declared unique; duplicates would be silently deduplicated by a ReplacingMergeTree target
        DQ.COMPLETE.001                    0 rows         public.oe.shipto_attn
        shipto_attn is nullable text and also contains empty strings; the two mean different things in every target
  BLOCK COMPAT.CH.NO_CONSTRAINT_ENFORCEMENT not measurable public.oe_class
        public.oe_class has a primary key that ClickHouse will not enforce. Nothing breaks on load day; duplicates accumulate afterwards, and a ReplacingMergeTree deduplicates only eventually — a SELECT before a merge still returns them.
        DQ.UNIQ.001                        0 rows         public.oe_class.id
        id looks like a key and is not declared unique; duplicates would be silently deduplicated by a ReplacingMergeTree target
  BLOCK COMPAT.CH.NO_CONSTRAINT_ENFORCEMENT not measurable public.oe_tax
        public.oe_tax has a primary key that ClickHouse will not enforce. Nothing breaks on load day; duplicates accumulate afterwards, and a ReplacingMergeTree deduplicates only eventually — a SELECT before a merge still returns them.
  BLOCK COMPAT.CH.NUMERIC_UNCONSTRAINED    not measurable public.oe_tax.basis
        basis is unconstrained numeric and has not been profiled. Run `ekos migrate profile --tier p1` before choosing a target type; guessing one is how a migration truncates money.
  BLOCK COMPAT.CH.NUMERIC_UNCONSTRAINED    not measurable public.oe_tax.rate
        rate is unconstrained numeric and has not been profiled. Run `ekos migrate profile --tier p1` before choosing a target type; guessing one is how a migration truncates money.
  BLOCK COMPAT.CH.NUMERIC_UNCONSTRAINED    not measurable public.oe_tax.amount
        amount is unconstrained numeric and has not been profiled. Run `ekos migrate profile --tier p1` before choosing a target type; guessing one is how a migration truncates money.
  BLOCK COMPAT.CH.NO_CONSTRAINT_ENFORCEMENT not measurable public.open_forms
        public.open_forms has a primary key that ClickHouse will not enforce. Nothing breaks on load day; duplicates accumulate afterwards, and a ReplacingMergeTree deduplicates only eventually — a SELECT before a merge still returns them.
  BLOCK COMPAT.CH.NUMERIC_PRECISION        not measurable public.open_forms.form_name
        form_name declares precision 100, beyond ClickHouse's maximum of 76
        DQ.COMPLETE.002                    0 rows         public.open_forms.last_used
        last_used uses a sentinel date where NULL was likely meant
        COMPAT.CH.DATE_BEFORE_1900         0 rows         public.open_forms.last_used
        last_used holds dates before 1900; ClickHouse Date32 bottoms out at 1900-01-01 and clamps to it without an error (verified on 24.8)
        COMPAT.CH.INFINITE_TIMESTAMP       0 rows         public.open_forms.last_used
        last_used holds ±infinity, which no target can represent
  BLOCK COMPAT.CH.NO_CONSTRAINT_ENFORCEMENT not measurable public.open_item
        public.open_item has a primary key that ClickHouse will not enforce. Nothing breaks on load day; duplicates accumulate afterwards, and a ReplacingMergeTree deduplicates only eventually — a SELECT before a merge still returns them.
        DQ.UNIQ.001                        0 rows         public.open_item.id
        id looks like a key and is not declared unique; duplicates would be silently deduplicated by a ReplacingMergeTree target
        COMPAT.CH.CHAR_PADDING             0 rows         public.open_item.item_type
        item_type is char(n); PostgreSQL pads to the declared width and ClickHouse does not, so trailing spaces are a real difference
  BLOCK DQ.UNIQ.001                        3682 rows      public.open_item.account_id
        account_id looks like a key and is not declared unique; duplicates would be silently deduplicated by a ReplacingMergeTree target
  BLOCK COMPAT.CH.NO_CONSTRAINT_ENFORCEMENT not measurable public.orderitems
        public.orderitems has a primary key that ClickHouse will not enforce. Nothing breaks on load day; duplicates accumulate afterwards, and a ReplacingMergeTree deduplicates only eventually — a SELECT before a merge still returns them.
        DQ.UNIQ.001                        0 rows         public.orderitems.id
        id looks like a key and is not declared unique; duplicates would be silently deduplicated by a ReplacingMergeTree target
  BLOCK DQ.UNIQ.001                        4065 rows      public.orderitems.trans_id
        trans_id looks like a key and is not declared unique; duplicates would be silently deduplicated by a ReplacingMergeTree target
  BLOCK DQ.UNIQ.001                        6063 rows      public.orderitems.parts_id
        parts_id looks like a key and is not declared unique; duplicates would be silently deduplicated by a ReplacingMergeTree target
  BLOCK COMPAT.CH.NUMERIC_UNCONSTRAINED    not measurable public.orderitems.qty
        qty is unconstrained numeric; the measured data uses precision 2 scale 0, so Decimal(2, 0) is narrowing-safe against that profile
  BLOCK COMPAT.CH.NUMERIC_UNCONSTRAINED    not measurable public.orderitems.sellprice
        sellprice is unconstrained numeric; the measured data uses precision 5 scale 2, so Decimal(5, 2) is narrowing-safe against that profile
  BLOCK COMPAT.CH.NUMERIC_UNCONSTRAINED    not measurable public.orderitems.discount
        discount is unconstrained numeric; the measured data uses precision 1 scale 0, so Decimal(1, 0) is narrowing-safe against that profile
        DQ.COMPLETE.002                    0 rows         public.orderitems.reqdate
        reqdate uses a sentinel date where NULL was likely meant
        COMPAT.CH.DATE_BEFORE_1900         0 rows         public.orderitems.reqdate
        reqdate holds dates before 1900; ClickHouse Date32 bottoms out at 1900-01-01 and clamps to it without an error (verified on 24.8)
  BLOCK COMPAT.CH.NUMERIC_UNCONSTRAINED    not measurable public.orderitems.ship
        ship is unconstrained numeric; the measured data uses precision 2 scale 0, so Decimal(2, 0) is narrowing-safe against that profile
        DQ.COMPLETE.001                    0 rows         public.orderitems.serialnumber
        serialnumber is nullable text and also contains empty strings; the two mean different things in every target
        DQ.COMPLETE.001                    0 rows         public.orderitems.notes
        notes is nullable text and also contains empty strings; the two mean different things in every target
  BLOCK COMPAT.CH.NO_CONSTRAINT_ENFORCEMENT not measurable public.overpayment
        public.overpayment has a primary key that ClickHouse will not enforce. Nothing breaks on load day; duplicates accumulate afterwards, and a ReplacingMergeTree deduplicates only eventually — a SELECT before a merge still returns them.
  BLOCK COMPAT.CH.NO_CONSTRAINT_ENFORCEMENT not measurable public.parts
        public.parts has a primary key that ClickHouse will not enforce. Nothing breaks on load day; duplicates accumulate afterwards, and a ReplacingMergeTree deduplicates only eventually — a SELECT before a merge still returns them.
        DQ.UNIQ.001                        0 rows         public.parts.id
        id looks like a key and is not declared unique; duplicates would be silently deduplicated by a ReplacingMergeTree target
  BLOCK COMPAT.CH.NUMERIC_UNCONSTRAINED    not measurable public.parts.listprice
        listprice is unconstrained numeric; the measured data uses precision 5 scale 2, so Decimal(5, 2) is narrowing-safe against that profile
  BLOCK COMPAT.CH.NUMERIC_UNCONSTRAINED    not measurable public.parts.sellprice
        sellprice is unconstrained numeric; the measured data uses precision 5 scale 2, so Decimal(5, 2) is narrowing-safe against that profile
  BLOCK COMPAT.CH.NUMERIC_UNCONSTRAINED    not measurable public.parts.lastcost
        lastcost is unconstrained numeric; the measured data uses precision 5 scale 2, so Decimal(5, 2) is narrowing-safe against that profile
        DQ.COMPLETE.002                    0 rows         public.parts.priceupdate
        priceupdate uses a sentinel date where NULL was likely meant
        COMPAT.CH.DATE_BEFORE_1900         0 rows         public.parts.priceupdate
        priceupdate holds dates before 1900; ClickHouse Date32 bottoms out at 1900-01-01 and clamps to it without an error (verified on 24.8)
  BLOCK COMPAT.CH.NUMERIC_UNCONSTRAINED    not measurable public.parts.weight
        weight is unconstrained numeric; the measured data uses precision 4 scale 2, so Decimal(4, 2) is narrowing-safe against that profile
  BLOCK COMPAT.CH.NUMERIC_UNCONSTRAINED    not measurable public.parts.onhand
        onhand is unconstrained numeric; the measured data uses precision 3 scale 0, so Decimal(3, 0) is narrowing-safe against that profile
  BLOCK COMPAT.CH.NUMERIC_UNCONSTRAINED    not measurable public.parts.rop
        rop is unconstrained numeric; the measured data uses precision 2 scale 0, so Decimal(2, 0) is narrowing-safe against that profile
  BLOCK DQ.UNIQ.001                        107 rows       public.parts.inventory_accno_id
        inventory_accno_id looks like a key and is not declared unique; duplicates would be silently deduplicated by a ReplacingMergeTree target
  BLOCK DQ.UNIQ.001                        113 rows       public.parts.income_accno_id
        income_accno_id looks like a key and is not declared unique; duplicates would be silently deduplicated by a ReplacingMergeTree target
  BLOCK DQ.UNIQ.001                        113 rows       public.parts.expense_accno_id
        expense_accno_id looks like a key and is not declared unique; duplicates would be silently deduplicated by a ReplacingMergeTree target
        DQ.COMPLETE.001                    0 rows         public.parts.bin
        bin is nullable text and also contains empty strings; the two mean different things in every target
        DQ.COMPLETE.001                    0 rows         public.parts.image
        image is nullable text and also contains empty strings; the two mean different things in every target
        DQ.COMPLETE.001                    0 rows         public.parts.drawing
        drawing is nullable text and also contains empty strings; the two mean different things in every target
        DQ.COMPLETE.001                    0 rows         public.parts.microfiche
        microfiche is nullable text and also contains empty strings; the two mean different things in every target
  BLOCK DQ.UNIQ.001                        106 rows       public.parts.partsgroup_id
        partsgroup_id looks like a key and is not declared unique; duplicates would be silently deduplicated by a ReplacingMergeTree target
  BLOCK COMPAT.CH.NUMERIC_UNCONSTRAINED    not measurable public.parts.avgcost
        avgcost is unconstrained numeric and has not been profiled. Run `ekos migrate profile --tier p1` before choosing a target type; guessing one is how a migration truncates money.
  BLOCK COMPAT.CH.NO_CONSTRAINT_ENFORCEMENT not measurable public.parts_translation
        public.parts_translation has a primary key that ClickHouse will not enforce. Nothing breaks on load day; duplicates accumulate afterwards, and a ReplacingMergeTree deduplicates only eventually — a SELECT before a merge still returns them.
  BLOCK COMPAT.CH.NO_CONSTRAINT_ENFORCEMENT not measurable public.partscustomer
        public.partscustomer has a primary key that ClickHouse will not enforce. Nothing breaks on load day; duplicates accumulate afterwards, and a ReplacingMergeTree deduplicates only eventually — a SELECT before a merge still returns them.
  BLOCK COMPAT.CH.NUMERIC_UNCONSTRAINED    not measurable public.partscustomer.pricebreak
        pricebreak is unconstrained numeric and has not been profiled. Run `ekos migrate profile --tier p1` before choosing a target type; guessing one is how a migration truncates money.
  BLOCK COMPAT.CH.NUMERIC_UNCONSTRAINED    not measurable public.partscustomer.sellprice
        sellprice is unconstrained numeric and has not been profiled. Run `ekos migrate profile --tier p1` before choosing a target type; guessing one is how a migration truncates money.
        DQ.COMPLETE.002                    0 rows         public.partscustomer.validfrom
        validfrom uses a sentinel date where NULL was likely meant
        COMPAT.CH.DATE_BEFORE_1900         0 rows         public.partscustomer.validfrom
        validfrom holds dates before 1900; ClickHouse Date32 bottoms out at 1900-01-01 and clamps to it without an error (verified on 24.8)
        DQ.COMPLETE.002                    0 rows         public.partscustomer.validto
        validto uses a sentinel date where NULL was likely meant
        COMPAT.CH.DATE_BEFORE_1900         0 rows         public.partscustomer.validto
        validto holds dates before 1900; ClickHouse Date32 bottoms out at 1900-01-01 and clamps to it without an error (verified on 24.8)
        COMPAT.CH.CHAR_PADDING             0 rows         public.partscustomer.curr
        curr is char(n); PostgreSQL pads to the declared width and ClickHouse does not, so trailing spaces are a real difference
  BLOCK COMPAT.CH.NUMERIC_UNCONSTRAINED    not measurable public.partscustomer.qty
        qty is unconstrained numeric and has not been profiled. Run `ekos migrate profile --tier p1` before choosing a target type; guessing one is how a migration truncates money.
  BLOCK COMPAT.CH.NO_CONSTRAINT_ENFORCEMENT not measurable public.partsgroup
        public.partsgroup has a primary key that ClickHouse will not enforce. Nothing breaks on load day; duplicates accumulate afterwards, and a ReplacingMergeTree deduplicates only eventually — a SELECT before a merge still returns them.
        DQ.UNIQ.001                        0 rows         public.partsgroup.id
        id looks like a key and is not declared unique; duplicates would be silently deduplicated by a ReplacingMergeTree target
        DQ.COMPLETE.002                    0 rows         public.partsgroup.last_updated
        last_updated uses a sentinel date where NULL was likely meant
        COMPAT.CH.DATE_BEFORE_1900         0 rows         public.partsgroup.last_updated
        last_updated holds dates before 1900; ClickHouse Date32 bottoms out at 1900-01-01 and clamps to it without an error (verified on 24.8)
        COMPAT.CH.INFINITE_TIMESTAMP       0 rows         public.partsgroup.last_updated
        last_updated holds ±infinity, which no target can represent
  BLOCK COMPAT.CH.NO_CONSTRAINT_ENFORCEMENT not measurable public.partsgroup_translation
        public.partsgroup_translation has a primary key that ClickHouse will not enforce. Nothing breaks on load day; duplicates accumulate afterwards, and a ReplacingMergeTree deduplicates only eventually — a SELECT before a merge still returns them.
  BLOCK COMPAT.CH.NO_CONSTRAINT_ENFORCEMENT not measurable public.partstax
        public.partstax has a primary key that ClickHouse will not enforce. Nothing breaks on load day; duplicates accumulate afterwards, and a ReplacingMergeTree deduplicates only eventually — a SELECT before a merge still returns them.
        DQ.UNIQ.001                        0 rows         public.partstax.parts_id
        parts_id looks like a key and is not declared unique; duplicates would be silently deduplicated by a ReplacingMergeTree target
  BLOCK DQ.UNIQ.001                        113 rows       public.partstax.chart_id
        chart_id looks like a key and is not declared unique; duplicates would be silently deduplicated by a ReplacingMergeTree target
  BLOCK COMPAT.CH.NO_CONSTRAINT_ENFORCEMENT not measurable public.partsvendor
        public.partsvendor has a primary key that ClickHouse will not enforce. Nothing breaks on load day; duplicates accumulate afterwards, and a ReplacingMergeTree deduplicates only eventually — a SELECT before a merge still returns them.
  BLOCK COMPAT.CH.NUMERIC_UNCONSTRAINED    not measurable public.partsvendor.lastcost
        lastcost is unconstrained numeric and has not been profiled. Run `ekos migrate profile --tier p1` before choosing a target type; guessing one is how a migration truncates money.
        COMPAT.CH.CHAR_PADDING             0 rows         public.partsvendor.curr
        curr is char(n); PostgreSQL pads to the declared width and ClickHouse does not, so trailing spaces are a real difference
  BLOCK COMPAT.CH.NO_CONSTRAINT_ENFORCEMENT not measurable public.payment
        public.payment has a primary key that ClickHouse will not enforce. Nothing breaks on load day; duplicates accumulate afterwards, and a ReplacingMergeTree deduplicates only eventually — a SELECT before a merge still returns them.
        DQ.UNIQ.001                        0 rows         public.payment.id
        id looks like a key and is not declared unique; duplicates would be silently deduplicated by a ReplacingMergeTree target
        DQ.COMPLETE.002                    0 rows         public.payment.payment_date
        payment_date uses a sentinel date where NULL was likely meant
        COMPAT.CH.DATE_BEFORE_1900         0 rows         public.payment.payment_date
        payment_date holds dates before 1900; ClickHouse Date32 bottoms out at 1900-01-01 and clamps to it without an error (verified on 24.8)
  BLOCK DQ.UNIQ.001                        3201 rows      public.payment.entity_credit_id
        entity_credit_id looks like a key and is not declared unique; duplicates would be silently deduplicated by a ReplacingMergeTree target
        COMPAT.CH.CHAR_PADDING             0 rows         public.payment.currency
        currency is char(n); PostgreSQL pads to the declared width and ClickHouse does not, so trailing spaces are a real difference
        DQ.UNIQ.001                        0 rows         public.payment.trans_id
        trans_id looks like a key and is not declared unique; duplicates would be silently deduplicated by a ReplacingMergeTree target
  BLOCK DQ.UNIQ.001                        3285 rows      public.payment.account_id
        account_id looks like a key and is not declared unique; duplicates would be silently deduplicated by a ReplacingMergeTree target
  BLOCK COMPAT.CH.NO_CONSTRAINT_ENFORCEMENT not measurable public.payment_type
        public.payment_type has a primary key that ClickHouse will not enforce. Nothing breaks on load day; duplicates accumulate afterwards, and a ReplacingMergeTree deduplicates only eventually — a SELECT before a merge still returns them.
  BLOCK COMPAT.CH.NO_CONSTRAINT_ENFORCEMENT not measurable public.payroll_deduction
        public.payroll_deduction has a primary key that ClickHouse will not enforce. Nothing breaks on load day; duplicates accumulate afterwards, and a ReplacingMergeTree deduplicates only eventually — a SELECT before a merge still returns them.
  BLOCK COMPAT.CH.NUMERIC_UNCONSTRAINED    not measurable public.payroll_deduction.rate
        rate is unconstrained numeric and has not been profiled. Run `ekos migrate profile --tier p1` before choosing a target type; guessing one is how a migration truncates money.
  BLOCK COMPAT.CH.NO_CONSTRAINT_ENFORCEMENT not measurable public.payroll_deduction_class
        public.payroll_deduction_class has a primary key that ClickHouse will not enforce. Nothing breaks on load day; duplicates accumulate afterwards, and a ReplacingMergeTree deduplicates only eventually — a SELECT before a merge still returns them.
  BLOCK COMPAT.CH.NUMERIC_UNCONSTRAINED    not measurable public.payroll_deduction_type.default_amount
        default_amount is unconstrained numeric and has not been profiled. Run `ekos migrate profile --tier p1` before choosing a target type; guessing one is how a migration truncates money.
  BLOCK COMPAT.CH.NO_CONSTRAINT_ENFORCEMENT not measurable public.payroll_employee_class
        public.payroll_employee_class has a primary key that ClickHouse will not enforce. Nothing breaks on load day; duplicates accumulate afterwards, and a ReplacingMergeTree deduplicates only eventually — a SELECT before a merge still returns them.
  BLOCK COMPAT.CH.NO_CONSTRAINT_ENFORCEMENT not measurable public.payroll_employee_class_to_income_type
        public.payroll_employee_class_to_income_type has a primary key that ClickHouse will not enforce. Nothing breaks on load day; duplicates accumulate afterwards, and a ReplacingMergeTree deduplicates only eventually — a SELECT before a merge still returns them.
        DQ.UNIQ.001                        0 rows         public.payroll_income_category.id
        id looks like a key and is not declared unique; duplicates would be silently deduplicated by a ReplacingMergeTree target
  BLOCK COMPAT.CH.NO_CONSTRAINT_ENFORCEMENT not measurable public.payroll_income_class
        public.payroll_income_class has a primary key that ClickHouse will not enforce. Nothing breaks on load day; duplicates accumulate afterwards, and a ReplacingMergeTree deduplicates only eventually — a SELECT before a merge still returns them.
  BLOCK COMPAT.CH.NUMERIC_UNCONSTRAINED    not measurable public.payroll_income_type.default_amount
        default_amount is unconstrained numeric and has not been profiled. Run `ekos migrate profile --tier p1` before choosing a target type; guessing one is how a migration truncates money.
  BLOCK COMPAT.CH.NUMERIC_UNCONSTRAINED    not measurable public.payroll_paid_timeoff.amount
        amount is unconstrained numeric and has not been profiled. Run `ekos migrate profile --tier p1` before choosing a target type; guessing one is how a migration truncates money.
  BLOCK COMPAT.CH.NO_CONSTRAINT_ENFORCEMENT not measurable public.payroll_pto_class
        public.payroll_pto_class has a primary key that ClickHouse will not enforce. Nothing breaks on load day; duplicates accumulate afterwards, and a ReplacingMergeTree deduplicates only eventually — a SELECT before a merge still returns them.
  BLOCK COMPAT.CH.NO_CONSTRAINT_ENFORCEMENT not measurable public.payroll_report
        public.payroll_report has a primary key that ClickHouse will not enforce. Nothing breaks on load day; duplicates accumulate afterwards, and a ReplacingMergeTree deduplicates only eventually — a SELECT before a merge still returns them.
        DQ.COMPLETE.002                    0 rows         public.payroll_report.payment_date
        payment_date uses a sentinel date where NULL was likely meant
        COMPAT.CH.DATE_BEFORE_1900         0 rows         public.payroll_report.payment_date
        payment_date holds dates before 1900; ClickHouse Date32 bottoms out at 1900-01-01 and clamps to it without an error (verified on 24.8)
  BLOCK COMPAT.CH.NO_CONSTRAINT_ENFORCEMENT not measurable public.payroll_report_line
        public.payroll_report_line has a primary key that ClickHouse will not enforce. Nothing breaks on load day; duplicates accumulate afterwards, and a ReplacingMergeTree deduplicates only eventually — a SELECT before a merge still returns them.
  BLOCK COMPAT.CH.NUMERIC_UNCONSTRAINED    not measurable public.payroll_report_line.qty
        qty is unconstrained numeric and has not been profiled. Run `ekos migrate profile --tier p1` before choosing a target type; guessing one is how a migration truncates money.
  BLOCK COMPAT.CH.NUMERIC_UNCONSTRAINED    not measurable public.payroll_report_line.rate
        rate is unconstrained numeric and has not been profiled. Run `ekos migrate profile --tier p1` before choosing a target type; guessing one is how a migration truncates money.
  BLOCK COMPAT.CH.NO_CONSTRAINT_ENFORCEMENT not measurable public.payroll_wage
        public.payroll_wage has a primary key that ClickHouse will not enforce. Nothing breaks on load day; duplicates accumulate afterwards, and a ReplacingMergeTree deduplicates only eventually — a SELECT before a merge still returns them.
  BLOCK COMPAT.CH.NUMERIC_UNCONSTRAINED    not measurable public.payroll_wage.rate
        rate is unconstrained numeric and has not been profiled. Run `ekos migrate profile --tier p1` before choosing a target type; guessing one is how a migration truncates money.
  BLOCK COMPAT.CH.NO_CONSTRAINT_ENFORCEMENT not measurable public.person
        public.person has a primary key that ClickHouse will not enforce. Nothing breaks on load day; duplicates accumulate afterwards, and a ReplacingMergeTree deduplicates only eventually — a SELECT before a merge still returns them.
        DQ.COMPLETE.002                    0 rows         public.person.created
        created uses a sentinel date where NULL was likely meant
        COMPAT.CH.DATE_BEFORE_1900         0 rows         public.person.created
        created holds dates before 1900; ClickHouse Date32 bottoms out at 1900-01-01 and clamps to it without an error (verified on 24.8)
        DQ.COMPLETE.002                    0 rows         public.person.birthdate
        birthdate uses a sentinel date where NULL was likely meant
        COMPAT.CH.DATE_BEFORE_1900         0 rows         public.person.birthdate
        birthdate holds dates before 1900; ClickHouse Date32 bottoms out at 1900-01-01 and clamps to it without an error (verified on 24.8)
  BLOCK COMPAT.CH.NO_CONSTRAINT_ENFORCEMENT not measurable public.person_to_company
        public.person_to_company has a primary key that ClickHouse will not enforce. Nothing breaks on load day; duplicates accumulate afterwards, and a ReplacingMergeTree deduplicates only eventually — a SELECT before a merge still returns them.
  BLOCK COMPAT.CH.NO_CONSTRAINT_ENFORCEMENT not measurable public.pricegroup
        public.pricegroup has a primary key that ClickHouse will not enforce. Nothing breaks on load day; duplicates accumulate afterwards, and a ReplacingMergeTree deduplicates only eventually — a SELECT before a merge still returns them.
        DQ.COMPLETE.002                    0 rows         public.pricegroup.last_updated
        last_updated uses a sentinel date where NULL was likely meant
        COMPAT.CH.DATE_BEFORE_1900         0 rows         public.pricegroup.last_updated
        last_updated holds dates before 1900; ClickHouse Date32 bottoms out at 1900-01-01 and clamps to it without an error (verified on 24.8)
        COMPAT.CH.INFINITE_TIMESTAMP       0 rows         public.pricegroup.last_updated
        last_updated holds ±infinity, which no target can represent
        DQ.COMPLETE.002                    0 rows         public.recurring.startdate
        startdate uses a sentinel date where NULL was likely meant
        COMPAT.CH.DATE_BEFORE_1900         0 rows         public.recurring.startdate
        startdate holds dates before 1900; ClickHouse Date32 bottoms out at 1900-01-01 and clamps to it without an error (verified on 24.8)
        DQ.COMPLETE.002                    0 rows         public.recurring.nextdate
        nextdate uses a sentinel date where NULL was likely meant
        COMPAT.CH.DATE_BEFORE_1900         0 rows         public.recurring.nextdate
        nextdate holds dates before 1900; ClickHouse Date32 bottoms out at 1900-01-01 and clamps to it without an error (verified on 24.8)
        DQ.COMPLETE.002                    0 rows         public.recurring.enddate
        enddate uses a sentinel date where NULL was likely meant
        COMPAT.CH.DATE_BEFORE_1900         0 rows         public.recurring.enddate
        enddate holds dates before 1900; ClickHouse Date32 bottoms out at 1900-01-01 and clamps to it without an error (verified on 24.8)
  BLOCK COMPAT.CH.NO_CONSTRAINT_ENFORCEMENT not measurable public.recurringemail
        public.recurringemail has a primary key that ClickHouse will not enforce. Nothing breaks on load day; duplicates accumulate afterwards, and a ReplacingMergeTree deduplicates only eventually — a SELECT before a merge still returns them.
  BLOCK COMPAT.CH.NO_CONSTRAINT_ENFORCEMENT not measurable public.recurringprint
        public.recurringprint has a primary key that ClickHouse will not enforce. Nothing breaks on load day; duplicates accumulate afterwards, and a ReplacingMergeTree deduplicates only eventually — a SELECT before a merge still returns them.
  BLOCK COMPAT.CH.NO_CONSTRAINT_ENFORCEMENT not measurable public.robot
        public.robot has a primary key that ClickHouse will not enforce. Nothing breaks on load day; duplicates accumulate afterwards, and a ReplacingMergeTree deduplicates only eventually — a SELECT before a merge still returns them.
        DQ.COMPLETE.002                    0 rows         public.robot.created
        created uses a sentinel date where NULL was likely meant
        COMPAT.CH.DATE_BEFORE_1900         0 rows         public.robot.created
        created holds dates before 1900; ClickHouse Date32 bottoms out at 1900-01-01 and clamps to it without an error (verified on 24.8)
  BLOCK COMPAT.CH.NO_CONSTRAINT_ENFORCEMENT not measurable public.salutation
        public.salutation has a primary key that ClickHouse will not enforce. Nothing breaks on load day; duplicates accumulate afterwards, and a ReplacingMergeTree deduplicates only eventually — a SELECT before a merge still returns them.
        DQ.UNIQ.001                        0 rows         public.salutation.id
        id looks like a key and is not declared unique; duplicates would be silently deduplicated by a ReplacingMergeTree target
  BLOCK COMPAT.CH.NO_CONSTRAINT_ENFORCEMENT not measurable public.session
        public.session has a primary key that ClickHouse will not enforce. Nothing breaks on load day; duplicates accumulate afterwards, and a ReplacingMergeTree deduplicates only eventually — a SELECT before a merge still returns them.
        DQ.COMPLETE.002                    0 rows         public.session.last_used
        last_used uses a sentinel date where NULL was likely meant
        COMPAT.CH.DATE_BEFORE_1900         0 rows         public.session.last_used
        last_used holds dates before 1900; ClickHouse Date32 bottoms out at 1900-01-01 and clamps to it without an error (verified on 24.8)
        COMPAT.CH.INFINITE_TIMESTAMP       0 rows         public.session.last_used
        last_used holds ±infinity, which no target can represent
  BLOCK COMPAT.CH.NO_CONSTRAINT_ENFORCEMENT not measurable public.session_history
        public.session_history has a primary key that ClickHouse will not enforce. Nothing breaks on load day; duplicates accumulate afterwards, and a ReplacingMergeTree deduplicates only eventually — a SELECT before a merge still returns them.
        DQ.COMPLETE.002                    0 rows         public.session_history.created
        created uses a sentinel date where NULL was likely meant
        COMPAT.CH.DATE_BEFORE_1900         0 rows         public.session_history.created
        created holds dates before 1900; ClickHouse Date32 bottoms out at 1900-01-01 and clamps to it without an error (verified on 24.8)
        COMPAT.CH.INFINITE_TIMESTAMP       0 rows         public.session_history.created
        created holds ±infinity, which no target can represent
        DQ.COMPLETE.002                    0 rows         public.session_history.last_used
        last_used uses a sentinel date where NULL was likely meant
        COMPAT.CH.DATE_BEFORE_1900         0 rows         public.session_history.last_used
        last_used holds dates before 1900; ClickHouse Date32 bottoms out at 1900-01-01 and clamps to it without an error (verified on 24.8)
        COMPAT.CH.INFINITE_TIMESTAMP       0 rows         public.session_history.last_used
        last_used holds ±infinity, which no target can represent
        DQ.COMPLETE.002                    0 rows         public.session_history.ended
        ended uses a sentinel date where NULL was likely meant
        COMPAT.CH.DATE_BEFORE_1900         0 rows         public.session_history.ended
        ended holds dates before 1900; ClickHouse Date32 bottoms out at 1900-01-01 and clamps to it without an error (verified on 24.8)
        COMPAT.CH.INFINITE_TIMESTAMP       0 rows         public.session_history.ended
        ended holds ±infinity, which no target can represent
  BLOCK COMPAT.CH.NO_CONSTRAINT_ENFORCEMENT not measurable public.sic
        public.sic has a primary key that ClickHouse will not enforce. Nothing breaks on load day; duplicates accumulate afterwards, and a ReplacingMergeTree deduplicates only eventually — a SELECT before a merge still returns them.
        COMPAT.CH.CHAR_PADDING             0 rows         public.sic.sictype
        sictype is char(n); PostgreSQL pads to the declared width and ClickHouse does not, so trailing spaces are a real difference
        DQ.COMPLETE.002                    0 rows         public.sic.last_updated
        last_updated uses a sentinel date where NULL was likely meant
        COMPAT.CH.DATE_BEFORE_1900         0 rows         public.sic.last_updated
        last_updated holds dates before 1900; ClickHouse Date32 bottoms out at 1900-01-01 and clamps to it without an error (verified on 24.8)
        COMPAT.CH.INFINITE_TIMESTAMP       0 rows         public.sic.last_updated
        last_updated holds ±infinity, which no target can represent
  BLOCK COMPAT.CH.NO_CONSTRAINT_ENFORCEMENT not measurable public.tax
        public.tax has a primary key that ClickHouse will not enforce. Nothing breaks on load day; duplicates accumulate afterwards, and a ReplacingMergeTree deduplicates only eventually — a SELECT before a merge still returns them.
        DQ.UNIQ.001                        0 rows         public.tax.chart_id
        chart_id looks like a key and is not declared unique; duplicates would be silently deduplicated by a ReplacingMergeTree target
  BLOCK COMPAT.CH.NUMERIC_UNCONSTRAINED    not measurable public.tax.rate
        rate is unconstrained numeric and has not been profiled. Run `ekos migrate profile --tier p1` before choosing a target type; guessing one is how a migration truncates money.
  BLOCK COMPAT.CH.NUMERIC_UNCONSTRAINED    not measurable public.tax.minvalue
        minvalue is unconstrained numeric and has not been profiled. Run `ekos migrate profile --tier p1` before choosing a target type; guessing one is how a migration truncates money.
  BLOCK COMPAT.CH.NUMERIC_UNCONSTRAINED    not measurable public.tax.maxvalue
        maxvalue is unconstrained numeric and has not been profiled. Run `ekos migrate profile --tier p1` before choosing a target type; guessing one is how a migration truncates money.
        DQ.COMPLETE.002                    0 rows         public.tax.validto
        validto uses a sentinel date where NULL was likely meant
        COMPAT.CH.DATE_BEFORE_1900         0 rows         public.tax.validto
        validto holds dates before 1900; ClickHouse Date32 bottoms out at 1900-01-01 and clamps to it without an error (verified on 24.8)
  BLOCK COMPAT.CH.INFINITE_TIMESTAMP       1 rows         public.tax.validto
        validto holds ±infinity, which no target can represent
        DQ.UNIQ.001                        0 rows         public.tax.taxmodule_id
        taxmodule_id looks like a key and is not declared unique; duplicates would be silently deduplicated by a ReplacingMergeTree target
  BLOCK COMPAT.CH.NO_CONSTRAINT_ENFORCEMENT not measurable public.tax_exempt_reason
        public.tax_exempt_reason has a primary key that ClickHouse will not enforce. Nothing breaks on load day; duplicates accumulate afterwards, and a ReplacingMergeTree deduplicates only eventually — a SELECT before a merge still returns them.
        DQ.UNIQ.001                        0 rows         public.tax_exempt_reason.id
        id looks like a key and is not declared unique; duplicates would be silently deduplicated by a ReplacingMergeTree target
  BLOCK COMPAT.CH.NO_CONSTRAINT_ENFORCEMENT not measurable public.tax_extended
        public.tax_extended has a primary key that ClickHouse will not enforce. Nothing breaks on load day; duplicates accumulate afterwards, and a ReplacingMergeTree deduplicates only eventually — a SELECT before a merge still returns them.
  BLOCK COMPAT.CH.NUMERIC_UNCONSTRAINED    not measurable public.tax_extended.tax_basis
        tax_basis is unconstrained numeric and has not been profiled. Run `ekos migrate profile --tier p1` before choosing a target type; guessing one is how a migration truncates money.
  BLOCK COMPAT.CH.NUMERIC_UNCONSTRAINED    not measurable public.tax_extended.rate
        rate is unconstrained numeric and has not been profiled. Run `ekos migrate profile --tier p1` before choosing a target type; guessing one is how a migration truncates money.
  BLOCK COMPAT.CH.NO_CONSTRAINT_ENFORCEMENT not measurable public.taxcategory
        public.taxcategory has a primary key that ClickHouse will not enforce. Nothing breaks on load day; duplicates accumulate afterwards, and a ReplacingMergeTree deduplicates only eventually — a SELECT before a merge still returns them.
  BLOCK COMPAT.CH.NO_CONSTRAINT_ENFORCEMENT not measurable public.taxmodule
        public.taxmodule has a primary key that ClickHouse will not enforce. Nothing breaks on load day; duplicates accumulate afterwards, and a ReplacingMergeTree deduplicates only eventually — a SELECT before a merge still returns them.
        DQ.UNIQ.001                        0 rows         public.taxmodule.taxmodule_id
        taxmodule_id looks like a key and is not declared unique; duplicates would be silently deduplicated by a ReplacingMergeTree target
        DQ.COMPLETE.002                    0 rows         public.template.last_modified
        last_modified uses a sentinel date where NULL was likely meant
        COMPAT.CH.DATE_BEFORE_1900         0 rows         public.template.last_modified
        last_modified holds dates before 1900; ClickHouse Date32 bottoms out at 1900-01-01 and clamps to it without an error (verified on 24.8)
        COMPAT.CH.INFINITE_TIMESTAMP       0 rows         public.template.last_modified
        last_modified holds ±infinity, which no target can represent
  BLOCK COMPAT.CH.NO_CONSTRAINT_ENFORCEMENT not measurable public.trans_type
        public.trans_type has a primary key that ClickHouse will not enforce. Nothing breaks on load day; duplicates accumulate afterwards, and a ReplacingMergeTree deduplicates only eventually — a SELECT before a merge still returns them.
        COMPAT.CH.CHAR_PADDING             0 rows         public.trans_type.code
        code is char(n); PostgreSQL pads to the declared width and ClickHouse does not, so trailing spaces are a real difference
  BLOCK COMPAT.CH.NUMERIC_PRECISION        not measurable public.trans_type.description
        description declares precision 1000, beyond ClickHouse's maximum of 76
        DQ.COMPLETE.001                    0 rows         public.trans_type.details_table
        details_table is nullable text and also contains empty strings; the two mean different things in every target
  BLOCK COMPAT.CH.NO_CONSTRAINT_ENFORCEMENT not measurable public.transactions
        public.transactions has a primary key that ClickHouse will not enforce. Nothing breaks on load day; duplicates accumulate afterwards, and a ReplacingMergeTree deduplicates only eventually — a SELECT before a merge still returns them.
        DQ.UNIQ.001                        0 rows         public.transactions.id
        id looks like a key and is not declared unique; duplicates would be silently deduplicated by a ReplacingMergeTree target
        DQ.COMPLETE.002                    0 rows         public.transactions.approved_at
        approved_at uses a sentinel date where NULL was likely meant
        COMPAT.CH.DATE_BEFORE_1900         0 rows         public.transactions.approved_at
        approved_at holds dates before 1900; ClickHouse Date32 bottoms out at 1900-01-01 and clamps to it without an error (verified on 24.8)
        COMPAT.CH.INFINITE_TIMESTAMP       0 rows         public.transactions.approved_at
        approved_at holds ±infinity, which no target can represent
        DQ.COMPLETE.002                    0 rows         public.transactions.transdate
        transdate uses a sentinel date where NULL was likely meant
        COMPAT.CH.DATE_BEFORE_1900         0 rows         public.transactions.transdate
        transdate holds dates before 1900; ClickHouse Date32 bottoms out at 1900-01-01 and clamps to it without an error (verified on 24.8)
        DQ.UNIQ.001                        0 rows         public.transactions.workflow_id
        workflow_id looks like a key and is not declared unique; duplicates would be silently deduplicated by a ReplacingMergeTree target
        DQ.COMPLETE.001                    0 rows         public.transactions.description
        description is nullable text and also contains empty strings; the two mean different things in every target
  BLOCK DQ.UNIQ.001                        7101 rows      public.transactions.trans_type_code
        trans_type_code looks like a key and is not declared unique; duplicates would be silently deduplicated by a ReplacingMergeTree target
        COMPAT.CH.CHAR_PADDING             0 rows         public.transactions.trans_type_code
        trans_type_code is char(n); PostgreSQL pads to the declared width and ClickHouse does not, so trailing spaces are a real difference
        DQ.COMPLETE.001                    0 rows         public.transactions.notes
        notes is nullable text and also contains empty strings; the two mean different things in every target
  BLOCK COMPAT.CH.NO_CONSTRAINT_ENFORCEMENT not measurable public.trial_balance__yearend_types
        public.trial_balance__yearend_types has a primary key that ClickHouse will not enforce. Nothing breaks on load day; duplicates accumulate afterwards, and a ReplacingMergeTree deduplicates only eventually — a SELECT before a merge still returns them.
  BLOCK COMPAT.CH.NO_CONSTRAINT_ENFORCEMENT not measurable public.user_preference
        public.user_preference has a primary key that ClickHouse will not enforce. Nothing breaks on load day; duplicates accumulate afterwards, and a ReplacingMergeTree deduplicates only eventually — a SELECT before a merge still returns them.
        DQ.UNIQ.001                        0 rows         public.user_preference.id
        id looks like a key and is not declared unique; duplicates would be silently deduplicated by a ReplacingMergeTree target
  BLOCK COMPAT.CH.NO_CONSTRAINT_ENFORCEMENT not measurable public.users
        public.users has a primary key that ClickHouse will not enforce. Nothing breaks on load day; duplicates accumulate afterwards, and a ReplacingMergeTree deduplicates only eventually — a SELECT before a merge still returns them.
  BLOCK COMPAT.CH.NO_CONSTRAINT_ENFORCEMENT not measurable public.warehouse
        public.warehouse has a primary key that ClickHouse will not enforce. Nothing breaks on load day; duplicates accumulate afterwards, and a ReplacingMergeTree deduplicates only eventually — a SELECT before a merge still returns them.
        DQ.COMPLETE.002                    0 rows         public.warehouse.last_updated
        last_updated uses a sentinel date where NULL was likely meant
        COMPAT.CH.DATE_BEFORE_1900         0 rows         public.warehouse.last_updated
        last_updated holds dates before 1900; ClickHouse Date32 bottoms out at 1900-01-01 and clamps to it without an error (verified on 24.8)
        COMPAT.CH.INFINITE_TIMESTAMP       0 rows         public.warehouse.last_updated
        last_updated holds ±infinity, which no target can represent
  BLOCK COMPAT.CH.NO_CONSTRAINT_ENFORCEMENT not measurable public.warehouse_inventory
        public.warehouse_inventory has a primary key that ClickHouse will not enforce. Nothing breaks on load day; duplicates accumulate afterwards, and a ReplacingMergeTree deduplicates only eventually — a SELECT before a merge still returns them.
  BLOCK COMPAT.CH.NUMERIC_UNCONSTRAINED    not measurable public.warehouse_inventory.qty
        qty is unconstrained numeric and has not been profiled. Run `ekos migrate profile --tier p1` before choosing a target type; guessing one is how a migration truncates money.
        DQ.COMPLETE.002                    0 rows         public.warehouse_inventory.shippingdate
        shippingdate uses a sentinel date where NULL was likely meant
        COMPAT.CH.DATE_BEFORE_1900         0 rows         public.warehouse_inventory.shippingdate
        shippingdate holds dates before 1900; ClickHouse Date32 bottoms out at 1900-01-01 and clamps to it without an error (verified on 24.8)
  BLOCK COMPAT.CH.NO_CONSTRAINT_ENFORCEMENT not measurable public.workflow
        public.workflow has a primary key that ClickHouse will not enforce. Nothing breaks on load day; duplicates accumulate afterwards, and a ReplacingMergeTree deduplicates only eventually — a SELECT before a merge still returns them.
        DQ.UNIQ.001                        0 rows         public.workflow.workflow_id
        workflow_id looks like a key and is not declared unique; duplicates would be silently deduplicated by a ReplacingMergeTree target
        DQ.COMPLETE.002                    0 rows         public.workflow.last_update
        last_update uses a sentinel date where NULL was likely meant
        COMPAT.CH.DATE_BEFORE_1900         0 rows         public.workflow.last_update
        last_update holds dates before 1900; ClickHouse Date32 bottoms out at 1900-01-01 and clamps to it without an error (verified on 24.8)
        COMPAT.CH.INFINITE_TIMESTAMP       0 rows         public.workflow.last_update
        last_update holds ±infinity, which no target can represent
  BLOCK COMPAT.CH.NO_CONSTRAINT_ENFORCEMENT not measurable public.workflow_context
        public.workflow_context has a primary key that ClickHouse will not enforce. Nothing breaks on load day; duplicates accumulate afterwards, and a ReplacingMergeTree deduplicates only eventually — a SELECT before a merge still returns them.
  BLOCK COMPAT.CH.NO_CONSTRAINT_ENFORCEMENT not measurable public.workflow_history
        public.workflow_history has a primary key that ClickHouse will not enforce. Nothing breaks on load day; duplicates accumulate afterwards, and a ReplacingMergeTree deduplicates only eventually — a SELECT before a merge still returns them.
  BLOCK COMPAT.CH.NUMERIC_PRECISION        not measurable public.workflow_history.description
        description declares precision 255, beyond ClickHouse's maximum of 76
        DQ.COMPLETE.002                    0 rows         public.workflow_history.history_date
        history_date uses a sentinel date where NULL was likely meant
        COMPAT.CH.DATE_BEFORE_1900         0 rows         public.workflow_history.history_date
        history_date holds dates before 1900; ClickHouse Date32 bottoms out at 1900-01-01 and clamps to it without an error (verified on 24.8)
        COMPAT.CH.INFINITE_TIMESTAMP       0 rows         public.workflow_history.history_date
        history_date holds ±infinity, which no target can represent
  BLOCK COMPAT.CH.NO_CONSTRAINT_ENFORCEMENT not measurable public.yearend
        public.yearend has a primary key that ClickHouse will not enforce. Nothing breaks on load day; duplicates accumulate afterwards, and a ReplacingMergeTree deduplicates only eventually — a SELECT before a merge still returns them.
        DQ.COMPLETE.002                    0 rows         public.yearend.transdate
        transdate uses a sentinel date where NULL was likely meant
        COMPAT.CH.DATE_BEFORE_1900         0 rows         public.yearend.transdate
        transdate holds dates before 1900; ClickHouse Date32 bottoms out at 1900-01-01 and clamps to it without an error (verified on 24.8)

398 rule(s) matched but affect zero rows — the cheapest disposition there is.
276 blocking finding(s) need a disposition before these units can advance.

Coverage (RFC 0158): 125/1460 accounted for. Unclassified: 158 primary_key, 16 view, 2 extension, 29 trigger, 298 foreign_key, 43 table, 503 function, 62 index, 66 unique_constraint, 72 check_constraint, 86 sequence.
  29 of the unclassified have no target equivalent at all (triggers, RLS policies, procedures). Those can only ever be dispositioned, never translated.
  Dispositions arrive with RFC 0161. Until then this is the denominator, not a gate.

17 join predicate(s) harvested from the live workload, before scoping to the tables under migration.

Inferred keys (28 candidate(s) from real code joins):
  public.cr_report_line.entry_id -> public.acc_trans.entry_id  seen in 1 place(s) (ByConstraint)  not measurable
  public.account.chart_id -> public.cr_coa_to_account.id  seen in 1 place(s) (ByMeasurement)  not measurable
  public.country.country_id -> public.country_tax_form.id  seen in 1 place(s) (ByConstraint)  not measurable
  public.country.country_id -> public.entity.id  seen in 4 place(s) (ByConstraint)  not measurable
  public.country.entity_id -> public.person.id  seen in 2 place(s) (ByConstraint)  not measurable
  public.country.entity_id -> public.robot.id  seen in 1 place(s) (ByConstraint)  not measurable
  public.cr_report_line.trans_id -> public.gl.id  seen in 1 place(s) (ByConstraint)  not measurable
  public.entity.entity_id -> public.entity_employee.id  seen in 1 place(s) (ByMeasurement)  not measurable
  public.entity.entity_id -> public.robot.id  seen in 1 place(s) (ByConstraint)  not measurable
  public.entity.entity_id -> public.users.id  seen in 1 place(s) (ByConstraint)  not measurable
  public.mime_type.uploaded_by -> public.entity.id  seen in 1 place(s) (ByConstraint)  not measurable
  public.entity.manager_id -> public.person.entity_id  seen in 1 place(s) (ByConstraint)  not measurable
  public.entity_class.id -> public.recurring.id  seen in 1 place(s) (Ambiguous)  not_a_relationship (0.00% of values match)
        10 orphan(s) of 10 non-null values; joined in: sql/modules/Transaction_Templates.sql#9
  public.entity_credit_account.in_credit_id -> public.partscustomer.id  seen in 1 place(s) (ByMeasurement)  not measurable
  public.entity_credit_account.pricegroup_id -> public.parts.pricegroup_id  seen in 1 place(s) (ByMeasurement)  not measurable
  public.entity_employee.entity_id -> public.person.entity_id  seen in 1 place(s) (Ambiguous)  no_data
        0 orphan(s) of 0 non-null values; joined in: sql/modules/Employee.sql#5
  public.entity_employee.entity_id -> public.person.id  seen in 1 place(s) (Ambiguous)  no_data
        0 orphan(s) of 0 non-null values; joined in: sql/modules/Employee.sql#13
  public.entity_employee.manager_id -> public.person.entity_id  seen in 1 place(s) (ByConstraint)  no_data
        0 orphan(s) of 0 non-null values; joined in: sql/modules/Employee.sql#17
  public.mime_type.mime_type_id -> public.file_base.id  seen in 2 place(s) (ByConstraint)  not measurable
  public.file_secondary_attachment.oe_class_id -> public.oe_class.id  seen in 1 place(s) (ByConstraint)  not measurable
  public.file_secondary_attachment.ref_key -> public.oe.id  seen in 1 place(s) (Ambiguous)  no_data
        0 orphan(s) of 0 non-null values; joined in: sql/modules/Files.sql#20
  public.inventory_report.adjust_id -> public.inventory_report_line.id  seen in 1 place(s) (ByMeasurement)  not measurable
  public.makemodel.id -> public.parts.parts_id  seen in 1 place(s) (ByMeasurement)  not measurable
  public.parts.parts_id -> public.partsvendor.id  seen in 2 place(s) (ByMeasurement)  not measurable
  public.salutation.manager_id -> public.person.entity_id  seen in 1 place(s) (ByConstraint)  not measurable
  public.users.entity_id -> public.person.entity_id  seen in 1 place(s) (ByConstraint)  no_data
        0 orphan(s) of 0 non-null values; joined in: sql/modules/Person.sql#3
  public.salutation.salutation_id -> public.person.id  seen in 1 place(s) (ByConstraint)  not measurable
  public.transactions.reversing -> public.transactions.id  seen in 2 place(s) (ByConstraint)  no_data
        0 orphan(s) of 0 non-null values; joined in: sql/changes/1.11/reversed-transactions.sql#5, sql/modules/views.sql#3
### exit=0  wall=18.5s

### 2026-09-28T15:45:27Z  ekos migrate map --emit /home/legion/PycharmProjects/ledgersmb-analytics-demo/clickhouse/ddl/ekos_generated_raw.sql
Workload: 2000 query shape(s) read from pg_stat_statements.

public.ac_tax_form
  engine   : MergeTree
             no updates or deletes recorded against the source, so the table is append-only
  order by : entry_id
             no query-shape evidence available for this table, so this is the primary key rather than a derivation. Populate pg_stat_statements, or compile the application's queries, and re-map before relying on it.
  columns  :
           entry_id               integer                      -> Int32
           reportable             boolean                      -> Nullable(Bool)

public.acc_trans
  engine   : MergeTree
             no updates or deletes recorded against the source, so the table is append-only
  order by : chart_id, entry_id
             derived from observed filter predicates (chart_id in 72 call(s)); the primary key follows for uniqueness
  columns  :
           trans_id               integer                      -> Int32
           chart_id               integer                      -> Int32
    narrow transdate              date                         -> Date32
           Date32 covers 1900-2299; dates before 1900 are a COMPAT.CH.DATE_BEFORE_1900 finding; declared nullable, but the profile measured no nulls in 43490 rows; a null arriving later becomes a load failure rather than a silent default
           source                 text                         -> LowCardinality(Nullable(String))
    narrow cleared                boolean                      -> Bool
           direct; declared nullable, but the profile measured no nulls in 43490 rows; a null arriving later becomes a load failure rather than a silent default
           memo                   text                         -> LowCardinality(Nullable(String))
           invoice_id             integer                      -> Nullable(Int32)
           approved               boolean                      -> Bool
           deprecated-voucher_id  integer                      -> Nullable(Int32)
           entry_id               integer                      -> Int32
    narrow amount_bc              numeric                      -> Decimal128(22)
           unconstrained numeric; the measured data uses precision 27 scale 22, so this holds every value seen — and only those; source column is NOT NULL
    narrow amount_tc              numeric                      -> Decimal64(2)
           unconstrained numeric; the measured data uses precision 8 scale 2, so this holds every value seen — and only those; source column is NOT NULL
    LOSSY curr                   character(3)                 -> String
           PostgreSQL pads char(n) and ClickHouse does not; the padding is a real difference; source column is NOT NULL
           open_item_id           integer                      -> Nullable(Int32)
           additional_data        jsonb                        -> Nullable(String)
           stored as text; ClickHouse's JSON type is version-dependent and validated at V2 only; source column is nullable
  1 lossy mapping(s) need an R3 approval before this design is used.

public.account
  engine   : MergeTree
             no updates or deletes recorded against the source, so the table is append-only
  order by : accno
             no query-shape evidence available for this table, so this is the primary key rather than a derivation. Populate pg_stat_statements, or compile the application's queries, and re-map before relying on it.
  columns  :
           id                     integer                      -> Int32
           accno                  text                         -> String
    narrow description            text                         -> String
           direct; declared nullable, but the profile measured no nulls in 66 rows; a null arriving later becomes a load failure rather than a silent default
           is_temp                boolean                      -> Bool
    LOSSY category               character(1)                 -> String
           PostgreSQL pads char(n) and ClickHouse does not; the padding is a real difference; source column is NOT NULL
           gifi_accno             text                         -> Nullable(String)
           heading                integer                      -> Int32
           contra                 boolean                      -> Bool
           tax                    boolean                      -> Bool
           obsolete               boolean                      -> Bool
           heading_negative_balance integer                      -> Nullable(Int32)
           custom_attributes      jsonb                        -> Nullable(String)
           stored as text; ClickHouse's JSON type is version-dependent and validated at V2 only; source column is nullable
           open_item_managed      boolean                      -> Bool
  1 lossy mapping(s) need an R3 approval before this design is used.

public.account_checkpoint
  engine   : MergeTree
             no updates or deletes recorded against the source, so the table is append-only
  order by : end_date, account_id, curr
             no query-shape evidence available for this table, so this is the primary key rather than a derivation. Populate pg_stat_statements, or compile the application's queries, and re-map before relying on it.
  columns  :
           end_date               date                         -> Date32
           account_id             integer                      -> Int32
           id                     integer                      -> Int32
    LOSSY debits                 numeric                      -> Nullable(Decimal128(4))
           unconstrained numeric with no profile. Nothing here is a measurement; run `ekos migrate profile --tier p1` and re-map rather than accepting this default; source column is nullable
    LOSSY credits                numeric                      -> Nullable(Decimal128(4))
           unconstrained numeric with no profile. Nothing here is a measurement; run `ekos migrate profile --tier p1` and re-map rather than accepting this default; source column is nullable
    LOSSY amount_bc              numeric                      -> Decimal128(4)
           unconstrained numeric with no profile. Nothing here is a measurement; run `ekos migrate profile --tier p1` and re-map rather than accepting this default; source column is NOT NULL
    LOSSY amount_tc              numeric                      -> Decimal128(4)
           unconstrained numeric with no profile. Nothing here is a measurement; run `ekos migrate profile --tier p1` and re-map rather than accepting this default; source column is NOT NULL
    LOSSY curr                   character(3)                 -> String
           PostgreSQL pads char(n) and ClickHouse does not; the padding is a real difference; source column is NOT NULL
  5 lossy mapping(s) need an R3 approval before this design is used.

public.account_heading
  engine   : MergeTree
             no updates or deletes recorded against the source, so the table is append-only
  order by : accno
             no query-shape evidence available for this table, so this is the primary key rather than a derivation. Populate pg_stat_statements, or compile the application's queries, and re-map before relying on it.
  columns  :
           id                     integer                      -> Int32
           accno                  text                         -> String
           parent_id              integer                      -> Nullable(Int32)
    narrow description            text                         -> String
           direct; declared nullable, but the profile measured no nulls in 12 rows; a null arriving later becomes a load failure rather than a silent default
    LOSSY category               character(1)                 -> Nullable(String)
           PostgreSQL pads char(n) and ClickHouse does not; the padding is a real difference; source column is nullable
  1 lossy mapping(s) need an R3 approval before this design is used.

public.account_heading_translation
  engine   : MergeTree
             no updates or deletes recorded against the source, so the table is append-only
  order by : trans_id, language_code
             no query-shape evidence available for this table, so this is the primary key rather than a derivation. Populate pg_stat_statements, or compile the application's queries, and re-map before relying on it.
  columns  :
           trans_id               integer                      -> Int32
           language_code          character varying(6)         -> String
           description            text                         -> Nullable(String)

public.account_link
  engine   : MergeTree
             no updates or deletes recorded against the source, so the table is append-only
  order by : account_id, description
             no query-shape evidence available for this table, so this is the primary key rather than a derivation. Populate pg_stat_statements, or compile the application's queries, and re-map before relying on it.
  columns  :
           account_id             integer                      -> Int32
           description            text                         -> String

public.account_link_description
  engine   : MergeTree
             no updates or deletes recorded against the source, so the table is append-only
  order by : description
             no query-shape evidence available for this table, so this is the primary key rather than a derivation. Populate pg_stat_statements, or compile the application's queries, and re-map before relying on it.
  columns  :
           description            text                         -> String
           summary                boolean                      -> Bool
           custom                 boolean                      -> Bool

public.account_translation
  engine   : MergeTree
             no updates or deletes recorded against the source, so the table is append-only
  order by : trans_id, language_code
             no query-shape evidence available for this table, so this is the primary key rather than a derivation. Populate pg_stat_statements, or compile the application's queries, and re-map before relying on it.
  columns  :
           trans_id               integer                      -> Int32
           language_code          character varying(6)         -> String
           description            text                         -> Nullable(String)

public.ap
  engine   : MergeTree
             no updates or deletes recorded against the source, so the table is append-only
  order by : trans_id
             no query-shape evidence available for this table, so this is the primary key rather than a derivation. Populate pg_stat_statements, or compile the application's queries, and re-map before relying on it.
  columns  :
           trans_id               integer                      -> Int32
    narrow invnumber              text                         -> String
           direct; declared nullable, but the profile measured no nulls in 413 rows; a null arriving later becomes a load failure rather than a silent default
    narrow taxincluded            boolean                      -> Bool
           direct; declared nullable, but the profile measured no nulls in 413 rows; a null arriving later becomes a load failure rather than a silent default
    narrow duedate                date                         -> Date32
           Date32 covers 1900-2299; dates before 1900 are a COMPAT.CH.DATE_BEFORE_1900 finding; declared nullable, but the profile measured no nulls in 413 rows; a null arriving later becomes a load failure rather than a silent default
    narrow invoice                boolean                      -> Bool
           direct; declared nullable, but the profile measured no nulls in 413 rows; a null arriving later becomes a load failure rather than a silent default
           ordnumber              text                         -> Nullable(String)
    LOSSY curr                   character(3)                 -> String
           PostgreSQL pads char(n) and ClickHouse does not; the padding is a real difference; declared nullable, but the profile measured no nulls in 413 rows; a null arriving later becomes a load failure rather than a silent default
           notes                  text                         -> Nullable(String)
           person_id              integer                      -> Nullable(Int32)
           quonumber              text                         -> Nullable(String)
           shipvia                text                         -> Nullable(String)
           language_code          character varying(6)         -> Nullable(String)
           ponumber               text                         -> Nullable(String)
           shippingpoint          text                         -> Nullable(String)
    narrow on_hold                boolean                      -> Bool
           direct; declared nullable, but the profile measured no nulls in 413 rows; a null arriving later becomes a load failure rather than a silent default
    narrow reverse                boolean                      -> Bool
           direct; declared nullable, but the profile measured no nulls in 413 rows; a null arriving later becomes a load failure rather than a silent default
    narrow terms                  smallint                     -> Int16
           direct; declared nullable, but the profile measured no nulls in 413 rows; a null arriving later becomes a load failure rather than a silent default
           force_closed           boolean                      -> Nullable(Bool)
    narrow crdate                 date                         -> Date32
           Date32 covers 1900-2299; dates before 1900 are a COMPAT.CH.DATE_BEFORE_1900 finding; declared nullable, but the profile measured no nulls in 413 rows; a null arriving later becomes a load failure rather than a silent default
    narrow is_return              boolean                      -> Bool
           direct; declared nullable, but the profile measured no nulls in 413 rows; a null arriving later becomes a load failure rather than a silent default
           entity_credit_account  integer                      -> Int32
    narrow amount_bc              numeric                      -> Decimal64(2)
           unconstrained numeric; the measured data uses precision 7 scale 2, so this holds every value seen — and only those; declared nullable, but the profile measured no nulls in 413 rows; a null arriving later becomes a load failure rather than a silent default
    narrow amount_tc              numeric                      -> Decimal64(2)
           unconstrained numeric; the measured data uses precision 7 scale 2, so this holds every value seen — and only those; declared nullable, but the profile measured no nulls in 413 rows; a null arriving later becomes a load failure rather than a silent default
    narrow netamount_bc           numeric                      -> Decimal64(2)
           unconstrained numeric; the measured data uses precision 7 scale 2, so this holds every value seen — and only those; declared nullable, but the profile measured no nulls in 413 rows; a null arriving later becomes a load failure rather than a silent default
    narrow netamount_tc           numeric                      -> Decimal64(2)
           unconstrained numeric; the measured data uses precision 7 scale 2, so this holds every value seen — and only those; declared nullable, but the profile measured no nulls in 413 rows; a null arriving later becomes a load failure rather than a silent default
           shipto                 integer                      -> Nullable(Int32)
           shipto_attn            text                         -> Nullable(String)
           open_item_id           integer                      -> Int32
  1 lossy mapping(s) need an R3 approval before this design is used.

public.ar
  engine   : MergeTree
             no updates or deletes recorded against the source, so the table is append-only
  order by : trans_id
             no query-shape evidence available for this table, so this is the primary key rather than a derivation. Populate pg_stat_statements, or compile the application's queries, and re-map before relying on it.
  columns  :
           trans_id               integer                      -> Int32
    narrow invnumber              text                         -> String
           direct; declared nullable, but the profile measured no nulls in 3271 rows; a null arriving later becomes a load failure rather than a silent default
    narrow taxincluded            boolean                      -> Bool
           direct; declared nullable, but the profile measured no nulls in 3271 rows; a null arriving later becomes a load failure rather than a silent default
    narrow duedate                date                         -> Date32
           Date32 covers 1900-2299; dates before 1900 are a COMPAT.CH.DATE_BEFORE_1900 finding; declared nullable, but the profile measured no nulls in 3271 rows; a null arriving later becomes a load failure rather than a silent default
    narrow invoice                boolean                      -> Bool
           direct; declared nullable, but the profile measured no nulls in 3271 rows; a null arriving later becomes a load failure rather than a silent default
           shippingpoint          text                         -> Nullable(String)
    narrow terms                  smallint                     -> Int16
           direct; declared nullable, but the profile measured no nulls in 3271 rows; a null arriving later becomes a load failure rather than a silent default
           notes                  text                         -> Nullable(String)
    LOSSY curr                   character(3)                 -> String
           PostgreSQL pads char(n) and ClickHouse does not; the padding is a real difference; declared nullable, but the profile measured no nulls in 3271 rows; a null arriving later becomes a load failure rather than a silent default
           ordnumber              text                         -> Nullable(String)
           person_id              integer                      -> Nullable(Int32)
           quonumber              text                         -> Nullable(String)
           shipvia                text                         -> Nullable(String)
           language_code          character varying(6)         -> Nullable(String)
           ponumber               text                         -> Nullable(String)
    narrow on_hold                boolean                      -> Bool
           direct; declared nullable, but the profile measured no nulls in 3271 rows; a null arriving later becomes a load failure rather than a silent default
    narrow reverse                boolean                      -> Bool
           direct; declared nullable, but the profile measured no nulls in 3271 rows; a null arriving later becomes a load failure rather than a silent default
           entity_credit_account  integer                      -> Int32
           force_closed           boolean                      -> Nullable(Bool)
    narrow is_return              boolean                      -> Bool
           direct; declared nullable, but the profile measured no nulls in 3271 rows; a null arriving later becomes a load failure rather than a silent default
    narrow crdate                 date                         -> Date32
           Date32 covers 1900-2299; dates before 1900 are a COMPAT.CH.DATE_BEFORE_1900 finding; declared nullable, but the profile measured no nulls in 3271 rows; a null arriving later becomes a load failure rather than a silent default
           setting_sequence       text                         -> Nullable(String)
    narrow amount_bc              numeric                      -> Decimal64(2)
           unconstrained numeric; the measured data uses precision 6 scale 2, so this holds every value seen — and only those; declared nullable, but the profile measured no nulls in 3271 rows; a null arriving later becomes a load failure rather than a silent default
    narrow amount_tc              numeric                      -> Decimal64(2)
           unconstrained numeric; the measured data uses precision 6 scale 2, so this holds every value seen — and only those; declared nullable, but the profile measured no nulls in 3271 rows; a null arriving later becomes a load failure rather than a silent default
    narrow netamount_bc           numeric                      -> Decimal64(2)
           unconstrained numeric; the measured data uses precision 6 scale 2, so this holds every value seen — and only those; declared nullable, but the profile measured no nulls in 3271 rows; a null arriving later becomes a load failure rather than a silent default
    narrow netamount_tc           numeric                      -> Decimal64(2)
           unconstrained numeric; the measured data uses precision 6 scale 2, so this holds every value seen — and only those; declared nullable, but the profile measured no nulls in 3271 rows; a null arriving later becomes a load failure rather than a silent default
           shipto                 integer                      -> Nullable(Int32)
           shipto_attn            text                         -> Nullable(String)
           open_item_id           integer                      -> Int32
  1 lossy mapping(s) need an R3 approval before this design is used.

public.assembly
  engine   : MergeTree
             no updates or deletes recorded against the source, so the table is append-only
  order by : id, parts_id
             no query-shape evidence available for this table, so this is the primary key rather than a derivation. Populate pg_stat_statements, or compile the application's queries, and re-map before relying on it.
  columns  :
           id                     integer                      -> Int32
           parts_id               integer                      -> Int32
    LOSSY qty                    numeric                      -> Nullable(Decimal128(4))
           unconstrained numeric with no profile. Nothing here is a measurement; run `ekos migrate profile --tier p1` and re-map rather than accepting this default; source column is nullable
           bom                    boolean                      -> Nullable(Bool)
           adj                    boolean                      -> Nullable(Bool)
  1 lossy mapping(s) need an R3 approval before this design is used.

public.asset_class
  engine   : MergeTree
             no updates or deletes recorded against the source, so the table is append-only
  order by : label
             no query-shape evidence available for this table, so this is the primary key rather than a derivation. Populate pg_stat_statements, or compile the application's queries, and re-map before relying on it.
  columns  :
           id                     integer                      -> Int32
           label                  text                         -> String
           asset_account_id       integer                      -> Nullable(Int32)
           dep_account_id         integer                      -> Nullable(Int32)
           method                 integer                      -> Nullable(Int32)

public.asset_dep_method
  engine   : MergeTree
             no updates or deletes recorded against the source, so the table is append-only
  order by : method
             no query-shape evidence available for this table, so this is the primary key rather than a derivation. Populate pg_stat_statements, or compile the application's queries, and re-map before relying on it.
  columns  :
           id                     integer                      -> Int32
           method                 text                         -> String
           sproc                  text                         -> String
           unit_label             text                         -> String
           short_name             text                         -> String
           unit_class             integer                      -> Int32

public.asset_disposal_method
  engine   : MergeTree
             no updates or deletes recorded against the source, so the table is append-only
  order by : label
             no query-shape evidence available for this table, so this is the primary key rather than a derivation. Populate pg_stat_statements, or compile the application's queries, and re-map before relying on it.
  columns  :
           label                  text                         -> String
           id                     integer                      -> Int32
    narrow multiple               integer                      -> Int32
           direct; declared nullable, but the profile measured no nulls in 2 rows; a null arriving later becomes a load failure rather than a silent default
    LOSSY short_label            character(1)                 -> String
           PostgreSQL pads char(n) and ClickHouse does not; the padding is a real difference; declared nullable, but the profile measured no nulls in 2 rows; a null arriving later becomes a load failure rather than a silent default
  1 lossy mapping(s) need an R3 approval before this design is used.

public.asset_item
  engine   : MergeTree
             no updates or deletes recorded against the source, so the table is append-only
  order by : id
             no query-shape evidence available for this table, so this is the primary key rather than a derivation. Populate pg_stat_statements, or compile the application's queries, and re-map before relying on it.
  columns  :
           id                     integer                      -> Int32
           description            text                         -> Nullable(String)
           tag                    text                         -> String
    LOSSY purchase_value         numeric                      -> Decimal128(4)
           unconstrained numeric with no profile. Nothing here is a measurement; run `ekos migrate profile --tier p1` and re-map rather than accepting this default; source column is NOT NULL
    LOSSY salvage_value          numeric                      -> Decimal128(4)
           unconstrained numeric with no profile. Nothing here is a measurement; run `ekos migrate profile --tier p1` and re-map rather than accepting this default; source column is NOT NULL
    LOSSY usable_life            numeric                      -> Decimal128(4)
           unconstrained numeric with no profile. Nothing here is a measurement; run `ekos migrate profile --tier p1` and re-map rather than accepting this default; source column is NOT NULL
           purchase_date          date                         -> Date32
           start_depreciation     date                         -> Date32
           location_id            integer                      -> Nullable(Int32)
           department_id          integer                      -> Nullable(Int32)
           invoice_id             integer                      -> Nullable(Int32)
           asset_account_id       integer                      -> Nullable(Int32)
           dep_account_id         integer                      -> Nullable(Int32)
           exp_account_id         integer                      -> Nullable(Int32)
           obsolete_by            integer                      -> Nullable(Int32)
           asset_class_id         integer                      -> Nullable(Int32)
           custom_attributes      jsonb                        -> Nullable(String)
           stored as text; ClickHouse's JSON type is version-dependent and validated at V2 only; source column is nullable
  3 lossy mapping(s) need an R3 approval before this design is used.

public.asset_note
  engine   : MergeTree
             no updates or deletes recorded against the source, so the table is append-only
  order by : 
             no query-shape evidence available for this table, so this is the primary key rather than a derivation. Populate pg_stat_statements, or compile the application's queries, and re-map before relying on it.
  columns  :
           id                     integer                      -> Int32
           note_class             integer                      -> Int32
           note                   text                         -> String
    LOSSY vector                 tsvector                     -> String
           no mapping rule for this type; String preserves the text form but loses the semantics; source column is NOT NULL
           created                timestamp without time zone  -> DateTime64(6)
           created_by             text                         -> Nullable(String)
           ref_key                integer                      -> Int32
           subject                text                         -> Nullable(String)
  1 lossy mapping(s) need an R3 approval before this design is used.
  NEEDS A DECISION: public.asset_note has no primary key and no observed filter predicates, so there is nothing to order by. ClickHouse requires an ORDER BY; choose one before generating DDL.
  DDL not emitted: public.asset_note has no ORDER BY. ClickHouse requires one, and choosing it is a design decision (RFC 0159) rather than something the emitter may invent.

public.asset_report
  engine   : MergeTree
             no updates or deletes recorded against the source, so the table is append-only
  order by : id
             no query-shape evidence available for this table, so this is the primary key rather than a derivation. Populate pg_stat_statements, or compile the application's queries, and re-map before relying on it.
  columns  :
           id                     integer                      -> Int32
           report_date            date                         -> Nullable(Date32)
           asset_class            bigint                       -> Nullable(Int64)
           report_class           integer                      -> Nullable(Int32)
           entered_by             bigint                       -> Int64
           approved_by            bigint                       -> Nullable(Int64)
           entered_at             timestamp without time zone  -> Nullable(DateTime64(6))
           approved_at            timestamp without time zone  -> Nullable(DateTime64(6))
    LOSSY depreciated_qty        numeric                      -> Nullable(Decimal128(4))
           unconstrained numeric with no profile. Nothing here is a measurement; run `ekos migrate profile --tier p1` and re-map rather than accepting this default; source column is nullable
           dont_approve           boolean                      -> Nullable(Bool)
           submitted              boolean                      -> Bool
           trans_id               integer                      -> Nullable(Int32)
  1 lossy mapping(s) need an R3 approval before this design is used.

public.asset_report_class
  engine   : MergeTree
             no updates or deletes recorded against the source, so the table is append-only
  order by : class
             no query-shape evidence available for this table, so this is the primary key rather than a derivation. Populate pg_stat_statements, or compile the application's queries, and re-map before relying on it.
  columns  :
           id                     integer                      -> Int32
           class                  text                         -> String

public.asset_report_line
  engine   : MergeTree
             no updates or deletes recorded against the source, so the table is append-only
  order by : asset_id, report_id
             no query-shape evidence available for this table, so this is the primary key rather than a derivation. Populate pg_stat_statements, or compile the application's queries, and re-map before relying on it.
  columns  :
           asset_id               bigint                       -> Int64
           report_id              bigint                       -> Int64
    LOSSY amount                 numeric                      -> Nullable(Decimal128(4))
           unconstrained numeric with no profile. Nothing here is a measurement; run `ekos migrate profile --tier p1` and re-map rather than accepting this default; source column is nullable
           department_id          integer                      -> Nullable(Int32)
           warehouse_id           integer                      -> Nullable(Int32)
  1 lossy mapping(s) need an R3 approval before this design is used.

public.asset_rl_to_disposal_method
  engine   : MergeTree
             no updates or deletes recorded against the source, so the table is append-only
  order by : report_id, asset_id, disposal_method_id
             no query-shape evidence available for this table, so this is the primary key rather than a derivation. Populate pg_stat_statements, or compile the application's queries, and re-map before relying on it.
  columns  :
           report_id              integer                      -> Int32
           asset_id               integer                      -> Int32
           disposal_method_id     integer                      -> Int32
    LOSSY percent_disposed       numeric                      -> Nullable(Decimal128(4))
           unconstrained numeric with no profile. Nothing here is a measurement; run `ekos migrate profile --tier p1` and re-map rather than accepting this default; source column is nullable
  1 lossy mapping(s) need an R3 approval before this design is used.

public.asset_unit_class
  engine   : MergeTree
             no updates or deletes recorded against the source, so the table is append-only
  order by : class
             no query-shape evidence available for this table, so this is the primary key rather than a derivation. Populate pg_stat_statements, or compile the application's queries, and re-map before relying on it.
  columns  :
           id                     integer                      -> Int32
           class                  text                         -> String

public.audittrail
  engine   : MergeTree
             no updates or deletes recorded against the source, so the table is append-only
  order by : entry_id
             no query-shape evidence available for this table, so this is the primary key rather than a derivation. Populate pg_stat_statements, or compile the application's queries, and re-map before relying on it.
  columns  :
    narrow trans_id               integer                      -> Int32
           direct; declared nullable, but the profile measured no nulls in 3820 rows; a null arriving later becomes a load failure rather than a silent default
    narrow tablename              text                         -> LowCardinality(String)
           the profile measured about 3 distinct values in 3820 rows, comfortably inside LowCardinality's useful range; declared nullable, but the profile measured no nulls in 3820 rows; a null arriving later becomes a load failure rather than a silent default
    narrow reference              text                         -> String
           direct; declared nullable, but the profile measured no nulls in 3820 rows; a null arriving later becomes a load failure rather than a silent default
           formname               text                         -> Nullable(String)
    narrow action                 text                         -> LowCardinality(String)
           the profile measured about 1 distinct values in 3820 rows, comfortably inside LowCardinality's useful range; declared nullable, but the profile measured no nulls in 3820 rows; a null arriving later becomes a load failure rather than a silent default
    narrow transdate              timestamp without time zone  -> DateTime64(6)
           no zone applied: a no-TZ column is a wall-clock reading; declared nullable, but the profile measured no nulls in 3820 rows; a null arriving later becomes a load failure rather than a silent default
           person_id              integer                      -> Nullable(Int32)
           entry_id               bigint                       -> Int64
           rolname                text                         -> LowCardinality(String)

public.batch
  engine   : MergeTree
             no updates or deletes recorded against the source, so the table is append-only
  order by : id
             no query-shape evidence available for this table, so this is the primary key rather than a derivation. Populate pg_stat_statements, or compile the application's queries, and re-map before relying on it.
  columns  :
           id                     integer                      -> Int32
           batch_class_id         integer                      -> Int32
           control_code           text                         -> String
           description            text                         -> Nullable(String)
           default_date           date                         -> Date32
           approved_on            date                         -> Nullable(Date32)
           approved_by            integer                      -> Nullable(Int32)
           created_by             integer                      -> Nullable(Int32)
           locked_by              integer                      -> Nullable(Int32)
           created_on             date                         -> Nullable(Date32)

public.batch_class
  engine   : MergeTree
             no updates or deletes recorded against the source, so the table is append-only
  order by : class
             no query-shape evidence available for this table, so this is the primary key rather than a derivation. Populate pg_stat_statements, or compile the application's queries, and re-map before relying on it.
  columns  :
           id                     integer                      -> Int32
           class                  character varying            -> String

public.bu_class_to_module
  engine   : MergeTree
             no updates or deletes recorded against the source, so the table is append-only
  order by : bu_class_id, module_id
             no query-shape evidence available for this table, so this is the primary key rather than a derivation. Populate pg_stat_statements, or compile the application's queries, and re-map before relying on it.
  columns  :
           bu_class_id            integer                      -> Int32
           module_id              integer                      -> Int32

public.budget_info
  engine   : MergeTree
             no updates or deletes recorded against the source, so the table is append-only
  order by : reference
             no query-shape evidence available for this table, so this is the primary key rather than a derivation. Populate pg_stat_statements, or compile the application's queries, and re-map before relying on it.
  columns  :
           id                     integer                      -> Int32
           start_date             date                         -> Date32
           end_date               date                         -> Date32
           reference              text                         -> String
           description            text                         -> String
           entered_by             integer                      -> Int32
           approved_by            integer                      -> Nullable(Int32)
           obsolete_by            integer                      -> Nullable(Int32)
           entered_at             timestamp without time zone  -> DateTime64(6)
           approved_at            timestamp without time zone  -> Nullable(DateTime64(6))
           obsolete_at            timestamp without time zone  -> Nullable(DateTime64(6))

public.budget_line
  engine   : MergeTree
             no updates or deletes recorded against the source, so the table is append-only
  order by : budget_id, account_id
             no query-shape evidence available for this table, so this is the primary key rather than a derivation. Populate pg_stat_statements, or compile the application's queries, and re-map before relying on it.
  columns  :
           budget_id              integer                      -> Int32
           account_id             integer                      -> Int32
           description            text                         -> Nullable(String)
    LOSSY amount                 numeric                      -> Decimal128(4)
           unconstrained numeric with no profile. Nothing here is a measurement; run `ekos migrate profile --tier p1` and re-map rather than accepting this default; source column is NOT NULL
    LOSSY amount_tc              numeric                      -> Decimal128(4)
           unconstrained numeric with no profile. Nothing here is a measurement; run `ekos migrate profile --tier p1` and re-map rather than accepting this default; source column is NOT NULL
    LOSSY curr                   character(3)                 -> String
           PostgreSQL pads char(n) and ClickHouse does not; the padding is a real difference; source column is NOT NULL
  3 lossy mapping(s) need an R3 approval before this design is used.

public.budget_note
  engine   : MergeTree
             no updates or deletes recorded against the source, so the table is append-only
  order by : id
             no query-shape evidence available for this table, so this is the primary key rather than a derivation. Populate pg_stat_statements, or compile the application's queries, and re-map before relying on it.
  columns  :
           id                     integer                      -> Int32
           note_class             integer                      -> Int32
           note                   text                         -> String
    LOSSY vector                 tsvector                     -> String
           no mapping rule for this type; String preserves the text form but loses the semantics; source column is NOT NULL
           created                timestamp without time zone  -> DateTime64(6)
           created_by             text                         -> Nullable(String)
           ref_key                integer                      -> Int32
           subject                text                         -> Nullable(String)
  1 lossy mapping(s) need an R3 approval before this design is used.

public.budget_to_business_unit
  engine   : MergeTree
             no updates or deletes recorded against the source, so the table is append-only
  order by : budget_id, bu_class
             no query-shape evidence available for this table, so this is the primary key rather than a derivation. Populate pg_stat_statements, or compile the application's queries, and re-map before relying on it.
  columns  :
           budget_id              integer                      -> Int32
           bu_id                  integer                      -> Int32
           bu_class               integer                      -> Int32

public.business
  engine   : MergeTree
             no updates or deletes recorded against the source, so the table is append-only
  order by : id
             no query-shape evidence available for this table, so this is the primary key rather than a derivation. Populate pg_stat_statements, or compile the application's queries, and re-map before relying on it.
  columns  :
           id                     integer                      -> Int32
    narrow description            text                         -> String
           direct; declared nullable, but the profile measured no nulls in 4 rows; a null arriving later becomes a load failure rather than a silent default
    narrow discount               numeric                      -> Decimal64(0)
           unconstrained numeric; the measured data uses precision 1 scale 0, so this holds every value seen — and only those; declared nullable, but the profile measured no nulls in 4 rows; a null arriving later becomes a load failure rather than a silent default
           last_updated           timestamp without time zone  -> DateTime64(6)

public.business_unit
  engine   : MergeTree
             no updates or deletes recorded against the source, so the table is append-only
  order by : id
             no query-shape evidence available for this table, so this is the primary key rather than a derivation. Populate pg_stat_statements, or compile the application's queries, and re-map before relying on it.
  columns  :
           id                     integer                      -> Int32
           class_id               integer                      -> Int32
    narrow control_code           text                         -> String
           direct; declared nullable, but the profile measured no nulls in 85 rows; a null arriving later becomes a load failure rather than a silent default
    narrow description            text                         -> String
           direct; declared nullable, but the profile measured no nulls in 85 rows; a null arriving later becomes a load failure rather than a silent default
           start_date             date                         -> Nullable(Date32)
           end_date               date                         -> Nullable(Date32)
           parent_id              integer                      -> Nullable(Int32)
    narrow credit_id              integer                      -> Int32
           direct; declared nullable, but the profile measured no nulls in 85 rows; a null arriving later becomes a load failure rather than a silent default

public.business_unit_ac
  engine   : MergeTree
             no updates or deletes recorded against the source, so the table is append-only
  order by : entry_id, class_id
             no query-shape evidence available for this table, so this is the primary key rather than a derivation. Populate pg_stat_statements, or compile the application's queries, and re-map before relying on it.
  columns  :
           entry_id               integer                      -> Int32
           class_id               integer                      -> Int32
           bu_id                  integer                      -> Int32

public.business_unit_class
  engine   : MergeTree
             no updates or deletes recorded against the source, so the table is append-only
  order by : label
             no query-shape evidence available for this table, so this is the primary key rather than a derivation. Populate pg_stat_statements, or compile the application's queries, and re-map before relying on it.
  columns  :
           id                     integer                      -> Int32
           label                  text                         -> String
           active                 boolean                      -> Bool
    narrow ordering               integer                      -> Int32
           direct; declared nullable, but the profile measured no nulls in 7 rows; a null arriving later becomes a load failure rather than a silent default

public.business_unit_inv
  engine   : MergeTree
             no updates or deletes recorded against the source, so the table is append-only
  order by : entry_id, class_id
             no query-shape evidence available for this table, so this is the primary key rather than a derivation. Populate pg_stat_statements, or compile the application's queries, and re-map before relying on it.
  columns  :
           entry_id               integer                      -> Int32
           class_id               integer                      -> Int32
           bu_id                  integer                      -> Int32

public.business_unit_jl
  engine   : MergeTree
             no updates or deletes recorded against the source, so the table is append-only
  order by : entry_id, bu_class
             no query-shape evidence available for this table, so this is the primary key rather than a derivation. Populate pg_stat_statements, or compile the application's queries, and re-map before relying on it.
  columns  :
           entry_id               integer                      -> Int32
           bu_class               integer                      -> Int32
           bu_id                  integer                      -> Int32

public.business_unit_oitem
  engine   : MergeTree
             no updates or deletes recorded against the source, so the table is append-only
  order by : entry_id, class_id
             no query-shape evidence available for this table, so this is the primary key rather than a derivation. Populate pg_stat_statements, or compile the application's queries, and re-map before relying on it.
  columns  :
           entry_id               integer                      -> Int32
           class_id               integer                      -> Int32
           bu_id                  integer                      -> Int32

public.business_unit_translation
  engine   : MergeTree
             no updates or deletes recorded against the source, so the table is append-only
  order by : trans_id, language_code
             no query-shape evidence available for this table, so this is the primary key rather than a derivation. Populate pg_stat_statements, or compile the application's queries, and re-map before relying on it.
  columns  :
           trans_id               integer                      -> Int32
           language_code          character varying(6)         -> String
           description            text                         -> Nullable(String)

public.company
  engine   : MergeTree
             no updates or deletes recorded against the source, so the table is append-only
  order by : entity_id, legal_name
             no query-shape evidence available for this table, so this is the primary key rather than a derivation. Populate pg_stat_statements, or compile the application's queries, and re-map before relying on it.
  columns  :
           id                     integer                      -> Int32
           entity_id              integer                      -> Int32
           legal_name             text                         -> String
    narrow tax_id                 text                         -> String
           direct; declared nullable, but the profile measured no nulls in 85 rows; a null arriving later becomes a load failure rather than a silent default
           sales_tax_id           text                         -> Nullable(String)
           license_number         text                         -> Nullable(String)
           sic_code               character varying            -> Nullable(String)
           created                date                         -> Date32

public.contact_class
  engine   : MergeTree
             no updates or deletes recorded against the source, so the table is append-only
  order by : class
             no query-shape evidence available for this table, so this is the primary key rather than a derivation. Populate pg_stat_statements, or compile the application's queries, and re-map before relying on it.
  columns  :
           id                     integer                      -> Int32
           class                  text                         -> String

public.country
  engine   : MergeTree
             no updates or deletes recorded against the source, so the table is append-only
  order by : id
             no query-shape evidence available for this table, so this is the primary key rather than a derivation. Populate pg_stat_statements, or compile the application's queries, and re-map before relying on it.
  columns  :
           id                     integer                      -> Int32
           name                   text                         -> String
           short_name             text                         -> String
           itu                    text                         -> Nullable(String)
           last_updated           timestamp without time zone  -> DateTime64(6)

public.country_tax_form
  engine   : MergeTree
             no updates or deletes recorded against the source, so the table is append-only
  order by : country_id, form_name
             no query-shape evidence available for this table, so this is the primary key rather than a derivation. Populate pg_stat_statements, or compile the application's queries, and re-map before relying on it.
  columns  :
           country_id             integer                      -> Int32
           form_name              text                         -> String
           id                     integer                      -> Int32
           default_reportable     boolean                      -> Bool
           is_accrual             boolean                      -> Bool

public.cr_coa_to_account
  engine   : MergeTree
             no updates or deletes recorded against the source, so the table is append-only
  order by : chart_id
             no query-shape evidence available for this table, so this is the primary key rather than a derivation. Populate pg_stat_statements, or compile the application's queries, and re-map before relying on it.
  columns  :
           chart_id               integer                      -> Int32
           account                text                         -> String

public.cr_report
  engine   : MergeTree
             no updates or deletes recorded against the source, so the table is append-only
  order by : id
             no query-shape evidence available for this table, so this is the primary key rather than a derivation. Populate pg_stat_statements, or compile the application's queries, and re-map before relying on it.
  columns  :
           id                     bigint                       -> Int64
           chart_id               integer                      -> Int32
    LOSSY their_total            numeric                      -> Decimal128(4)
           unconstrained numeric with no profile. Nothing here is a measurement; run `ekos migrate profile --tier p1` and re-map rather than accepting this default; source column is NOT NULL
           approved               boolean                      -> Bool
           submitted              boolean                      -> Bool
           end_date               date                         -> Date32
           updated                timestamp without time zone  -> DateTime64(6)
           entered_by             integer                      -> Int32
           entered_username       text                         -> String
           deleted                boolean                      -> Bool
           deleted_by             integer                      -> Nullable(Int32)
           approved_by            integer                      -> Nullable(Int32)
           approved_username      text                         -> Nullable(String)
           recon_fx               boolean                      -> Nullable(Bool)
           workflow_id            bigint                       -> Int64
  1 lossy mapping(s) need an R3 approval before this design is used.

public.cr_report_line
  engine   : MergeTree
             no updates or deletes recorded against the source, so the table is append-only
  order by : id
             no query-shape evidence available for this table, so this is the primary key rather than a derivation. Populate pg_stat_statements, or compile the application's queries, and re-map before relying on it.
  columns  :
           id                     bigint                       -> Int64
           report_id              integer                      -> Int32
           scn                    text                         -> Nullable(String)
    LOSSY their_balance          numeric                      -> Nullable(Decimal128(4))
           unconstrained numeric with no profile. Nothing here is a measurement; run `ekos migrate profile --tier p1` and re-map rather than accepting this default; source column is nullable
    LOSSY our_balance            numeric                      -> Nullable(Decimal128(4))
           unconstrained numeric with no profile. Nothing here is a measurement; run `ekos migrate profile --tier p1` and re-map rather than accepting this default; source column is nullable
           user                   integer                      -> Int32
           clear_time             date                         -> Nullable(Date32)
           insert_time            timestamp with time zone     -> DateTime64(6, 'UTC')
           trans_type             text                         -> Nullable(String)
           post_date              date                         -> Nullable(Date32)
           cleared                boolean                      -> Bool
  2 lossy mapping(s) need an R3 approval before this design is used.

public.cr_report_line_links
  engine   : MergeTree
             no updates or deletes recorded against the source, so the table is append-only
  order by : report_line_id, entry_id
             no query-shape evidence available for this table, so this is the primary key rather than a derivation. Populate pg_stat_statements, or compile the application's queries, and re-map before relying on it.
  columns  :
           report_line_id         integer                      -> Int32
           entry_id               integer                      -> Int32
           unique_exempt          boolean                      -> Bool
           cleared                boolean                      -> Bool

public.currency
  engine   : MergeTree
             no updates or deletes recorded against the source, so the table is append-only
  order by : curr
             no query-shape evidence available for this table, so this is the primary key rather than a derivation. Populate pg_stat_statements, or compile the application's queries, and re-map before relying on it.
  columns  :
    LOSSY curr                   character(3)                 -> String
           PostgreSQL pads char(n) and ClickHouse does not; the padding is a real difference; source column is NOT NULL
    narrow description            text                         -> String
           direct; declared nullable, but the profile measured no nulls in 1 rows; a null arriving later becomes a load failure rather than a silent default
  1 lossy mapping(s) need an R3 approval before this design is used.

public.custom_attribute_metadata
  engine   : MergeTree
             no updates or deletes recorded against the source, so the table is append-only
  order by : id
             no query-shape evidence available for this table, so this is the primary key rather than a derivation. Populate pg_stat_statements, or compile the application's queries, and re-map before relying on it.
  columns  :
           id                     uuid                         -> UUID
           name                   text                         -> String
           obsolete               date                         -> Nullable(Date32)
           type                   text                         -> String
           description            text                         -> Nullable(String)
           config                 jsonb                        -> String
           stored as text; ClickHouse's JSON type is version-dependent and validated at V2 only; source column is NOT NULL

public.defaults
  engine   : ReplacingMergeTree
             the source updates rows in place, but no column advances on update
  order by : setting_key
             no query-shape evidence available for this table, so this is the primary key rather than a derivation. Populate pg_stat_statements, or compile the application's queries, and re-map before relying on it.
  columns  :
           setting_key            text                         -> String
    narrow value                  text                         -> String
           direct; declared nullable, but the profile measured no nulls in 35 rows; a null arriving later becomes a load failure rather than a silent default
  NEEDS A DECISION: No version column: without one ClickHouse keeps an arbitrary row per key on merge. Inventing a now() would make the load non-deterministic and unvalidatable, so this needs a decision — add an updated_at to the source, or accept last-writer-wins by insertion order.

public.eca_invoice
  engine   : MergeTree
             no updates or deletes recorded against the source, so the table is append-only
  order by : journal_id
             no query-shape evidence available for this table, so this is the primary key rather than a derivation. Populate pg_stat_statements, or compile the application's queries, and re-map before relying on it.
  columns  :
           order_id               integer                      -> Nullable(Int32)
           journal_id             integer                      -> Int32
           on_hold                boolean                      -> Nullable(Bool)
           reverse                boolean                      -> Nullable(Bool)
           credit_id              integer                      -> Int32
           due                    date                         -> Date32
    LOSSY language_code          character(6)                 -> Nullable(String)
           PostgreSQL pads char(n) and ClickHouse does not; the padding is a real difference; source column is nullable
           force_closed           boolean                      -> Bool
           order_number           text                         -> Nullable(String)
  1 lossy mapping(s) need an R3 approval before this design is used.

public.eca_note
  engine   : MergeTree
             no updates or deletes recorded against the source, so the table is append-only
  order by : id
             no query-shape evidence available for this table, so this is the primary key rather than a derivation. Populate pg_stat_statements, or compile the application's queries, and re-map before relying on it.
  columns  :
           id                     integer                      -> Int32
           note_class             integer                      -> Int32
           note                   text                         -> String
    LOSSY vector                 tsvector                     -> String
           no mapping rule for this type; String preserves the text form but loses the semantics; source column is NOT NULL
           created                timestamp without time zone  -> DateTime64(6)
           created_by             text                         -> Nullable(String)
           ref_key                integer                      -> Int32
           subject                text                         -> Nullable(String)
  1 lossy mapping(s) need an R3 approval before this design is used.

public.eca_tax
  engine   : MergeTree
             no updates or deletes recorded against the source, so the table is append-only
  order by : eca_id, chart_id
             no query-shape evidence available for this table, so this is the primary key rather than a derivation. Populate pg_stat_statements, or compile the application's queries, and re-map before relying on it.
  columns  :
           eca_id                 integer                      -> Int32
           chart_id               integer                      -> Int32

public.eca_to_contact
  engine   : MergeTree
             no updates or deletes recorded against the source, so the table is append-only
  order by : credit_id, contact_class_id, contact
             no query-shape evidence available for this table, so this is the primary key rather than a derivation. Populate pg_stat_statements, or compile the application's queries, and re-map before relying on it.
  columns  :
           credit_id              integer                      -> Int32
           contact_class_id       integer                      -> Int32
           contact                text                         -> String
           description            text                         -> Nullable(String)

public.eca_to_location
  engine   : MergeTree
             no updates or deletes recorded against the source, so the table is append-only
  order by : location_id, location_class, credit_id
             no query-shape evidence available for this table, so this is the primary key rather than a derivation. Populate pg_stat_statements, or compile the application's queries, and re-map before relying on it.
  columns  :
           location_id            integer                      -> Int32
           location_class         integer                      -> Int32
           credit_id              integer                      -> Int32
           created                date                         -> Date32
           inactive_date          timestamp without time zone  -> Nullable(DateTime64(6))
           active                 boolean                      -> Bool

public.email
  engine   : MergeTree
             no updates or deletes recorded against the source, so the table is append-only
  order by : workflow_id
             no query-shape evidence available for this table, so this is the primary key rather than a derivation. Populate pg_stat_statements, or compile the application's queries, and re-map before relying on it.
  columns  :
           workflow_id            integer                      -> Int32
           from                   text                         -> Nullable(String)
           to                     text                         -> Nullable(String)
           cc                     text                         -> Nullable(String)
           bcc                    text                         -> Nullable(String)
           notify                 boolean                      -> Nullable(Bool)
           subject                text                         -> Nullable(String)
           body                   text                         -> Nullable(String)
           sent_date              date                         -> Nullable(Date32)
           expansions             jsonb                        -> Nullable(String)
           stored as text; ClickHouse's JSON type is version-dependent and validated at V2 only; source column is nullable

public.employee_class
  engine   : MergeTree
             no updates or deletes recorded against the source, so the table is append-only
  order by : label
             no query-shape evidence available for this table, so this is the primary key rather than a derivation. Populate pg_stat_statements, or compile the application's queries, and re-map before relying on it.
  columns  :
           label                  text                         -> String
           id                     integer                      -> Int32

public.employee_to_ec
  engine   : MergeTree
             no updates or deletes recorded against the source, so the table is append-only
  order by : employee_id
             no query-shape evidence available for this table, so this is the primary key rather than a derivation. Populate pg_stat_statements, or compile the application's queries, and re-map before relying on it.
  columns  :
           employee_id            integer                      -> Int32
           ec_id                  integer                      -> Nullable(Int32)

public.entity
  engine   : MergeTree
             no updates or deletes recorded against the source, so the table is append-only
  order by : id
             no query-shape evidence available for this table, so this is the primary key rather than a derivation. Populate pg_stat_statements, or compile the application's queries, and re-map before relying on it.
  columns  :
           id                     integer                      -> Int32
    narrow name                   text                         -> String
           direct; declared nullable, but the profile measured no nulls in 85 rows; a null arriving later becomes a load failure rather than a silent default
           created                date                         -> Date32
           control_code           text                         -> String
           country_id             integer                      -> Int32
           custom_attributes      jsonb                        -> Nullable(String)
           stored as text; ClickHouse's JSON type is version-dependent and validated at V2 only; source column is nullable

public.entity_bank_account
  engine   : MergeTree
             no updates or deletes recorded against the source, so the table is append-only
  order by : entity_id, bic, iban
             no query-shape evidence available for this table, so this is the primary key rather than a derivation. Populate pg_stat_statements, or compile the application's queries, and re-map before relying on it.
  columns  :
           id                     integer                      -> Int32
           entity_id              integer                      -> Int32
           bic                    character varying            -> String
           iban                   character varying            -> String
           remark                 character varying            -> Nullable(String)

public.entity_class
  engine   : MergeTree
             no updates or deletes recorded against the source, so the table is append-only
  order by : id
             no query-shape evidence available for this table, so this is the primary key rather than a derivation. Populate pg_stat_statements, or compile the application's queries, and re-map before relying on it.
  columns  :
           id                     integer                      -> Int32
           class                  text                         -> String
           active                 boolean                      -> Bool

public.entity_credit_account
  engine   : MergeTree
             no updates or deletes recorded against the source, so the table is append-only
  order by : entity_id, entity_class, meta_number
             no query-shape evidence available for this table, so this is the primary key rather than a derivation. Populate pg_stat_statements, or compile the application's queries, and re-map before relying on it.
  columns  :
           id                     integer                      -> Int32
           entity_id              integer                      -> Int32
           entity_class           integer                      -> Int32
    narrow pay_to_name            text                         -> String
           direct; declared nullable, but the profile measured no nulls in 85 rows; a null arriving later becomes a load failure rather than a silent default
    narrow discount               numeric                      -> Decimal64(0)
           unconstrained numeric; the measured data uses precision 1 scale 0, so this holds every value seen — and only those; declared nullable, but the profile measured no nulls in 85 rows; a null arriving later becomes a load failure rather than a silent default
    narrow description            text                         -> String
           direct; declared nullable, but the profile measured no nulls in 85 rows; a null arriving later becomes a load failure rather than a silent default
    narrow discount_terms         integer                      -> Int32
           direct; declared nullable, but the profile measured no nulls in 85 rows; a null arriving later becomes a load failure rather than a silent default
           discount_account_id    integer                      -> Nullable(Int32)
    narrow taxincluded            boolean                      -> Bool
           direct; declared nullable, but the profile measured no nulls in 85 rows; a null arriving later becomes a load failure rather than a silent default
    narrow creditlimit            numeric                      -> Decimal64(2)
           unconstrained numeric; the measured data uses precision 7 scale 2, so this holds every value seen — and only those; declared nullable, but the profile measured no nulls in 85 rows; a null arriving later becomes a load failure rather than a silent default
    narrow terms                  smallint                     -> Int16
           direct; declared nullable, but the profile measured no nulls in 85 rows; a null arriving later becomes a load failure rather than a silent default
           meta_number            character varying(32)        -> String
           business_id            integer                      -> Nullable(Int32)
    narrow language_code          character varying(6)         -> LowCardinality(String)
           the profile measured about 1 distinct values in 85 rows, comfortably inside LowCardinality's useful range; declared nullable, but the profile measured no nulls in 85 rows; a null arriving later becomes a load failure rather than a silent default
           pricegroup_id          integer                      -> Nullable(Int32)
    LOSSY curr                   character(3)                 -> String
           PostgreSQL pads char(n) and ClickHouse does not; the padding is a real difference; declared nullable, but the profile measured no nulls in 85 rows; a null arriving later becomes a load failure rather than a silent default
    narrow startdate              date                         -> Date32
           Date32 covers 1900-2299; dates before 1900 are a COMPAT.CH.DATE_BEFORE_1900 finding; declared nullable, but the profile measured no nulls in 85 rows; a null arriving later becomes a load failure rather than a silent default
           enddate                date                         -> Nullable(Date32)
    narrow threshold              numeric                      -> Decimal64(0)
           unconstrained numeric; the measured data uses precision 1 scale 0, so this holds every value seen — and only those; declared nullable, but the profile measured no nulls in 85 rows; a null arriving later becomes a load failure rather than a silent default
           employee_id            integer                      -> Nullable(Int32)
           primary_contact        integer                      -> Nullable(Int32)
    narrow ar_ap_account_id       integer                      -> Int32
           direct; declared nullable, but the profile measured no nulls in 85 rows; a null arriving later becomes a load failure rather than a silent default
    narrow cash_account_id        integer                      -> Int32
           direct; declared nullable, but the profile measured no nulls in 85 rows; a null arriving later becomes a load failure rather than a silent default
           bank_account           integer                      -> Nullable(Int32)
           taxform_id             integer                      -> Nullable(Int32)
  1 lossy mapping(s) need an R3 approval before this design is used.

public.entity_employee
  engine   : MergeTree
             no updates or deletes recorded against the source, so the table is append-only
  order by : entity_id
             no query-shape evidence available for this table, so this is the primary key rather than a derivation. Populate pg_stat_statements, or compile the application's queries, and re-map before relying on it.
  columns  :
           entity_id              integer                      -> Int32
           startdate              date                         -> Date32
           enddate                date                         -> Nullable(Date32)
           role                   character varying(20)        -> Nullable(String)
           ssn                    text                         -> Nullable(String)
           sales                  boolean                      -> Nullable(Bool)
           manager_id             integer                      -> Nullable(Int32)
           employeenumber         character varying(32)        -> Nullable(String)
           dob                    date                         -> Nullable(Date32)
           is_manager             boolean                      -> Nullable(Bool)

public.entity_note
  engine   : MergeTree
             no updates or deletes recorded against the source, so the table is append-only
  order by : id
             no query-shape evidence available for this table, so this is the primary key rather than a derivation. Populate pg_stat_statements, or compile the application's queries, and re-map before relying on it.
  columns  :
           id                     integer                      -> Int32
           note_class             integer                      -> Int32
           note                   text                         -> String
    LOSSY vector                 tsvector                     -> String
           no mapping rule for this type; String preserves the text form but loses the semantics; source column is NOT NULL
           created                timestamp without time zone  -> DateTime64(6)
           created_by             text                         -> Nullable(String)
           ref_key                integer                      -> Int32
           subject                text                         -> Nullable(String)
           entity_id              integer                      -> Nullable(Int32)
  1 lossy mapping(s) need an R3 approval before this design is used.

public.entity_other_name
  engine   : MergeTree
             no updates or deletes recorded against the source, so the table is append-only
  order by : entity_id, other_name
             no query-shape evidence available for this table, so this is the primary key rather than a derivation. Populate pg_stat_statements, or compile the application's queries, and re-map before relying on it.
  columns  :
           entity_id              integer                      -> Int32
           other_name             text                         -> String

public.entity_to_contact
  engine   : MergeTree
             no updates or deletes recorded against the source, so the table is append-only
  order by : entity_id, contact_class_id, contact
             no query-shape evidence available for this table, so this is the primary key rather than a derivation. Populate pg_stat_statements, or compile the application's queries, and re-map before relying on it.
  columns  :
           entity_id              integer                      -> Int32
           contact_class_id       integer                      -> Int32
           contact                text                         -> String
           description            text                         -> Nullable(String)

public.entity_to_location
  engine   : MergeTree
             no updates or deletes recorded against the source, so the table is append-only
  order by : location_id, location_class, entity_id
             no query-shape evidence available for this table, so this is the primary key rather than a derivation. Populate pg_stat_statements, or compile the application's queries, and re-map before relying on it.
  columns  :
           location_id            integer                      -> Int32
           location_class         integer                      -> Int32
           entity_id              integer                      -> Int32
           created                date                         -> Date32
           inactive_date          timestamp without time zone  -> Nullable(DateTime64(6))
           active                 boolean                      -> Bool

public.exchangerate_default
  engine   : MergeTree
             no updates or deletes recorded against the source, so the table is append-only
  order by : rate_type, curr, valid_from
             no query-shape evidence available for this table, so this is the primary key rather than a derivation. Populate pg_stat_statements, or compile the application's queries, and re-map before relying on it.
  columns  :
           rate_type              integer                      -> Int32
    LOSSY curr                   character(3)                 -> String
           PostgreSQL pads char(n) and ClickHouse does not; the padding is a real difference; source column is NOT NULL
           valid_from             date                         -> Date32
           valid_to               date                         -> Date32
    LOSSY rate                   numeric                      -> Decimal128(4)
           unconstrained numeric with no profile. Nothing here is a measurement; run `ekos migrate profile --tier p1` and re-map rather than accepting this default; source column is NOT NULL
  2 lossy mapping(s) need an R3 approval before this design is used.

public.exchangerate_type
  engine   : MergeTree
             no updates or deletes recorded against the source, so the table is append-only
  order by : id
             no query-shape evidence available for this table, so this is the primary key rather than a derivation. Populate pg_stat_statements, or compile the application's queries, and re-map before relying on it.
  columns  :
           id                     integer                      -> Int32
           description            text                         -> String
           builtin                boolean                      -> Bool

public.file_base
  engine   : MergeTree
             no updates or deletes recorded against the source, so the table is append-only
  order by : file_name, ref_key, file_class
             no query-shape evidence available for this table, so this is the primary key rather than a derivation. Populate pg_stat_statements, or compile the application's queries, and re-map before relying on it.
  columns  :
           content                bytea                        -> String
           mime_type_id           integer                      -> Int32
           file_name              text                         -> String
           description            text                         -> Nullable(String)
           uploaded_by            integer                      -> Int32
           uploaded_at            timestamp without time zone  -> DateTime64(6)
           id                     integer                      -> Int32
           ref_key                integer                      -> Int32
           file_class             integer                      -> Int32

public.file_class
  engine   : MergeTree
             no updates or deletes recorded against the source, so the table is append-only
  order by : class
             no query-shape evidence available for this table, so this is the primary key rather than a derivation. Populate pg_stat_statements, or compile the application's queries, and re-map before relying on it.
  columns  :
           id                     integer                      -> Int32
           class                  text                         -> String

public.file_eca
  engine   : MergeTree
             no updates or deletes recorded against the source, so the table is append-only
  order by : file_name, ref_key, file_class
             no query-shape evidence available for this table, so this is the primary key rather than a derivation. Populate pg_stat_statements, or compile the application's queries, and re-map before relying on it.
  columns  :
           content                bytea                        -> String
           mime_type_id           integer                      -> Int32
           file_name              text                         -> String
           description            text                         -> Nullable(String)
           uploaded_by            integer                      -> Int32
           uploaded_at            timestamp without time zone  -> DateTime64(6)
           id                     integer                      -> Int32
           ref_key                integer                      -> Int32
           file_class             integer                      -> Int32

public.file_email
  engine   : MergeTree
             no updates or deletes recorded against the source, so the table is append-only
  order by : file_name, ref_key, file_class
             no query-shape evidence available for this table, so this is the primary key rather than a derivation. Populate pg_stat_statements, or compile the application's queries, and re-map before relying on it.
  columns  :
           content                bytea                        -> String
           mime_type_id           integer                      -> Int32
           file_name              text                         -> String
           description            text                         -> Nullable(String)
           uploaded_by            integer                      -> Int32
           uploaded_at            timestamp without time zone  -> DateTime64(6)
           id                     integer                      -> Int32
           ref_key                integer                      -> Int32
           file_class             integer                      -> Int32

public.file_entity
  engine   : MergeTree
             no updates or deletes recorded against the source, so the table is append-only
  order by : file_name, ref_key, file_class
             no query-shape evidence available for this table, so this is the primary key rather than a derivation. Populate pg_stat_statements, or compile the application's queries, and re-map before relying on it.
  columns  :
           content                bytea                        -> String
           mime_type_id           integer                      -> Int32
           file_name              text                         -> String
           description            text                         -> Nullable(String)
           uploaded_by            integer                      -> Int32
           uploaded_at            timestamp without time zone  -> DateTime64(6)
           id                     integer                      -> Int32
           ref_key                integer                      -> Int32
           file_class             integer                      -> Int32

public.file_incoming
  engine   : MergeTree
             no updates or deletes recorded against the source, so the table is append-only
  order by : file_name, ref_key, file_class
             no query-shape evidence available for this table, so this is the primary key rather than a derivation. Populate pg_stat_statements, or compile the application's queries, and re-map before relying on it.
  columns  :
           content                bytea                        -> String
           mime_type_id           integer                      -> Int32
           file_name              text                         -> String
           description            text                         -> Nullable(String)
           uploaded_by            integer                      -> Int32
           uploaded_at            timestamp without time zone  -> DateTime64(6)
           id                     integer                      -> Int32
           ref_key                integer                      -> Int32
           file_class             integer                      -> Int32

public.file_internal
  engine   : MergeTree
             no updates or deletes recorded against the source, so the table is append-only
  order by : file_name, ref_key, file_class
             no query-shape evidence available for this table, so this is the primary key rather than a derivation. Populate pg_stat_statements, or compile the application's queries, and re-map before relying on it.
  columns  :
           content                bytea                        -> String
           mime_type_id           integer                      -> Int32
           file_name              text                         -> String
           description            text                         -> Nullable(String)
           uploaded_by            integer                      -> Int32
           uploaded_at            timestamp without time zone  -> DateTime64(6)
           id                     integer                      -> Int32
           ref_key                integer                      -> Int32
           file_class             integer                      -> Int32

public.file_order
  engine   : MergeTree
             no updates or deletes recorded against the source, so the table is append-only
  order by : file_name, ref_key, file_class
             no query-shape evidence available for this table, so this is the primary key rather than a derivation. Populate pg_stat_statements, or compile the application's queries, and re-map before relying on it.
  columns  :
           content                bytea                        -> String
           mime_type_id           integer                      -> Int32
           file_name              text                         -> String
           description            text                         -> Nullable(String)
           uploaded_by            integer                      -> Int32
           uploaded_at            timestamp without time zone  -> DateTime64(6)
           id                     integer                      -> Int32
           ref_key                integer                      -> Int32
           file_class             integer                      -> Int32

public.file_order_to_order
  engine   : MergeTree
             no updates or deletes recorded against the source, so the table is append-only
  order by : file_id, source_class, ref_key, dest_class
             no query-shape evidence available for this table, so this is the primary key rather than a derivation. Populate pg_stat_statements, or compile the application's queries, and re-map before relying on it.
  columns  :
           file_id                integer                      -> Int32
           source_class           integer                      -> Int32
           ref_key                integer                      -> Int32
           dest_class             integer                      -> Int32
           attached_by            integer                      -> Int32
           attached_at            timestamp without time zone  -> DateTime64(6)

public.file_order_to_tx
  engine   : MergeTree
             no updates or deletes recorded against the source, so the table is append-only
  order by : file_id, source_class, ref_key, dest_class
             no query-shape evidence available for this table, so this is the primary key rather than a derivation. Populate pg_stat_statements, or compile the application's queries, and re-map before relying on it.
  columns  :
           file_id                integer                      -> Int32
           source_class           integer                      -> Int32
           ref_key                integer                      -> Int32
           dest_class             integer                      -> Int32
           attached_by            integer                      -> Int32
           attached_at            timestamp without time zone  -> DateTime64(6)

public.file_part
  engine   : MergeTree
             no updates or deletes recorded against the source, so the table is append-only
  order by : file_name, ref_key, file_class
             no query-shape evidence available for this table, so this is the primary key rather than a derivation. Populate pg_stat_statements, or compile the application's queries, and re-map before relying on it.
  columns  :
           content                bytea                        -> String
           mime_type_id           integer                      -> Int32
           file_name              text                         -> String
           description            text                         -> Nullable(String)
           uploaded_by            integer                      -> Int32
           uploaded_at            timestamp without time zone  -> DateTime64(6)
           id                     integer                      -> Int32
           ref_key                integer                      -> Int32
           file_class             integer                      -> Int32

public.file_reconciliation
  engine   : MergeTree
             no updates or deletes recorded against the source, so the table is append-only
  order by : file_name, ref_key, file_class
             no query-shape evidence available for this table, so this is the primary key rather than a derivation. Populate pg_stat_statements, or compile the application's queries, and re-map before relying on it.
  columns  :
           content                bytea                        -> String
           mime_type_id           integer                      -> Int32
           file_name              text                         -> String
           description            text                         -> Nullable(String)
           uploaded_by            integer                      -> Int32
           uploaded_at            timestamp without time zone  -> DateTime64(6)
           id                     integer                      -> Int32
           ref_key                integer                      -> Int32
           file_class             integer                      -> Int32

public.file_secondary_attachment
  engine   : MergeTree
             no updates or deletes recorded against the source, so the table is append-only
  order by : file_id, source_class, ref_key, dest_class
             no query-shape evidence available for this table, so this is the primary key rather than a derivation. Populate pg_stat_statements, or compile the application's queries, and re-map before relying on it.
  columns  :
           file_id                integer                      -> Int32
           source_class           integer                      -> Int32
           ref_key                integer                      -> Int32
           dest_class             integer                      -> Int32
           attached_by            integer                      -> Int32
           attached_at            timestamp without time zone  -> DateTime64(6)

public.file_transaction
  engine   : MergeTree
             no updates or deletes recorded against the source, so the table is append-only
  order by : file_name, ref_key, file_class
             no query-shape evidence available for this table, so this is the primary key rather than a derivation. Populate pg_stat_statements, or compile the application's queries, and re-map before relying on it.
  columns  :
           content                bytea                        -> String
           mime_type_id           integer                      -> Int32
           file_name              text                         -> String
           description            text                         -> Nullable(String)
           uploaded_by            integer                      -> Int32
           uploaded_at            timestamp without time zone  -> DateTime64(6)
           id                     integer                      -> Int32
           ref_key                integer                      -> Int32
           file_class             integer                      -> Int32

public.file_tx_to_order
  engine   : MergeTree
             no updates or deletes recorded against the source, so the table is append-only
  order by : file_id, source_class, ref_key, dest_class
             no query-shape evidence available for this table, so this is the primary key rather than a derivation. Populate pg_stat_statements, or compile the application's queries, and re-map before relying on it.
  columns  :
           file_id                integer                      -> Int32
           source_class           integer                      -> Int32
           ref_key                integer                      -> Int32
           dest_class             integer                      -> Int32
           attached_by            integer                      -> Int32
           attached_at            timestamp without time zone  -> DateTime64(6)

public.file_view_catalog
  engine   : MergeTree
             no updates or deletes recorded against the source, so the table is append-only
  order by : file_class
             no query-shape evidence available for this table, so this is the primary key rather than a derivation. Populate pg_stat_statements, or compile the application's queries, and re-map before relying on it.
  columns  :
           file_class             integer                      -> Int32
           view_name              text                         -> String

public.gifi
  engine   : MergeTree
             no updates or deletes recorded against the source, so the table is append-only
  order by : accno
             no query-shape evidence available for this table, so this is the primary key rather than a derivation. Populate pg_stat_statements, or compile the application's queries, and re-map before relying on it.
  columns  :
           accno                  text                         -> String
           description            text                         -> Nullable(String)
           last_updated           timestamp without time zone  -> DateTime64(6)

public.gl
  engine   : MergeTree
             no updates or deletes recorded against the source, so the table is append-only
  order by : id
             no query-shape evidence available for this table, so this is the primary key rather than a derivation. Populate pg_stat_statements, or compile the application's queries, and re-map before relying on it.
  columns  :
           id                     integer                      -> Int32

public.inventory_report
  engine   : MergeTree
             no updates or deletes recorded against the source, so the table is append-only
  order by : id
             no query-shape evidence available for this table, so this is the primary key rather than a derivation. Populate pg_stat_statements, or compile the application's queries, and re-map before relying on it.
  columns  :
           id                     integer                      -> Int32
           report_date            date                         -> Date32
    narrow source                 text                         -> String
           direct; declared nullable, but the profile measured no nulls in 6 rows; a null arriving later becomes a load failure rather than a silent default
    narrow trans_id               integer                      -> Int32
           direct; declared nullable, but the profile measured no nulls in 6 rows; a null arriving later becomes a load failure rather than a silent default

public.inventory_report_line
  engine   : MergeTree
             no updates or deletes recorded against the source, so the table is append-only
  order by : adjust_id, parts_id
             no query-shape evidence available for this table, so this is the primary key rather than a derivation. Populate pg_stat_statements, or compile the application's queries, and re-map before relying on it.
  columns  :
           adjust_id              integer                      -> Int32
           parts_id               integer                      -> Int32
    narrow counted                numeric                      -> Decimal64(0)
           unconstrained numeric; the measured data uses precision 3 scale 0, so this holds every value seen — and only those; declared nullable, but the profile measured no nulls in 648 rows; a null arriving later becomes a load failure rather than a silent default
    narrow expected               numeric                      -> Decimal64(0)
           unconstrained numeric; the measured data uses precision 3 scale 0, so this holds every value seen — and only those; declared nullable, but the profile measured no nulls in 648 rows; a null arriving later becomes a load failure rather than a silent default
    narrow variance               numeric                      -> Decimal64(0)
           unconstrained numeric; the measured data uses precision 1 scale 0, so this holds every value seen — and only those; declared nullable, but the profile measured no nulls in 648 rows; a null arriving later becomes a load failure rather than a silent default

public.invoice
  engine   : ReplacingMergeTree
             the source updates rows in place, but no column advances on update
  order by : id
             no query-shape evidence available for this table, so this is the primary key rather than a derivation. Populate pg_stat_statements, or compile the application's queries, and re-map before relying on it.
  columns  :
           id                     integer                      -> Int32
    narrow trans_id               integer                      -> Int32
           direct; declared nullable, but the profile measured no nulls in 11130 rows; a null arriving later becomes a load failure rather than a silent default
    narrow parts_id               integer                      -> Int32
           direct; declared nullable, but the profile measured no nulls in 11130 rows; a null arriving later becomes a load failure rather than a silent default
    narrow description            text                         -> LowCardinality(String)
           the profile measured about 114 distinct values in 11130 rows, comfortably inside LowCardinality's useful range; declared nullable, but the profile measured no nulls in 11130 rows; a null arriving later becomes a load failure rather than a silent default
    narrow qty                    numeric                      -> Decimal64(0)
           unconstrained numeric; the measured data uses precision 3 scale 0, so this holds every value seen — and only those; declared nullable, but the profile measured no nulls in 11130 rows; a null arriving later becomes a load failure rather than a silent default
    narrow allocated              numeric                      -> Decimal64(0)
           unconstrained numeric; the measured data uses precision 3 scale 0, so this holds every value seen — and only those; declared nullable, but the profile measured no nulls in 11130 rows; a null arriving later becomes a load failure rather than a silent default
    narrow sellprice              numeric                      -> Decimal64(2)
           unconstrained numeric; the measured data uses precision 5 scale 2, so this holds every value seen — and only those; declared nullable, but the profile measured no nulls in 11130 rows; a null arriving later becomes a load failure rather than a silent default
    narrow precision              integer                      -> Int32
           direct; declared nullable, but the profile measured no nulls in 11130 rows; a null arriving later becomes a load failure rather than a silent default
    narrow fxsellprice            numeric                      -> Decimal64(2)
           unconstrained numeric; the measured data uses precision 5 scale 2, so this holds every value seen — and only those; declared nullable, but the profile measured no nulls in 11130 rows; a null arriving later becomes a load failure rather than a silent default
    narrow discount               numeric                      -> Decimal64(0)
           unconstrained numeric; the measured data uses precision 1 scale 0, so this holds every value seen — and only those; declared nullable, but the profile measured no nulls in 11130 rows; a null arriving later becomes a load failure rather than a silent default
    narrow assemblyitem           boolean                      -> Bool
           direct; declared nullable, but the profile measured no nulls in 11130 rows; a null arriving later becomes a load failure rather than a silent default
    narrow unit                   character varying            -> LowCardinality(String)
           the profile measured about 2 distinct values in 11130 rows, comfortably inside LowCardinality's useful range; declared nullable, but the profile measured no nulls in 11130 rows; a null arriving later becomes a load failure rather than a silent default
    narrow deliverydate           date                         -> Date32
           Date32 covers 1900-2299; dates before 1900 are a COMPAT.CH.DATE_BEFORE_1900 finding; declared nullable, but the profile measured no nulls in 11130 rows; a null arriving later becomes a load failure rather than a silent default
           serialnumber           text                         -> Nullable(String)
           vendor_sku             text                         -> Nullable(String)
           notes                  text                         -> Nullable(String)
  NEEDS A DECISION: No version column: without one ClickHouse keeps an arbitrary row per key on merge. Inventing a now() would make the load non-deterministic and unvalidatable, so this needs a decision — add an updated_at to the source, or accept last-writer-wins by insertion order.

public.invoice_note
  engine   : MergeTree
             no updates or deletes recorded against the source, so the table is append-only
  order by : id
             no query-shape evidence available for this table, so this is the primary key rather than a derivation. Populate pg_stat_statements, or compile the application's queries, and re-map before relying on it.
  columns  :
           id                     integer                      -> Int32
           note_class             integer                      -> Int32
           note                   text                         -> String
    LOSSY vector                 tsvector                     -> String
           no mapping rule for this type; String preserves the text form but loses the semantics; source column is NOT NULL
           created                timestamp without time zone  -> DateTime64(6)
           created_by             text                         -> Nullable(String)
           ref_key                integer                      -> Int32
           subject                text                         -> Nullable(String)
  1 lossy mapping(s) need an R3 approval before this design is used.

public.invoice_tax_form
  engine   : MergeTree
             no updates or deletes recorded against the source, so the table is append-only
  order by : invoice_id
             no query-shape evidence available for this table, so this is the primary key rather than a derivation. Populate pg_stat_statements, or compile the application's queries, and re-map before relying on it.
  columns  :
           invoice_id             integer                      -> Int32
           reportable             boolean                      -> Nullable(Bool)

public.jcitems
  engine   : MergeTree
             no updates or deletes recorded against the source, so the table is append-only
  order by : id
             no query-shape evidence available for this table, so this is the primary key rather than a derivation. Populate pg_stat_statements, or compile the application's queries, and re-map before relying on it.
  columns  :
           id                     integer                      -> Int32
           business_unit_id       integer                      -> Nullable(Int32)
           parts_id               integer                      -> Nullable(Int32)
           description            text                         -> Nullable(String)
    LOSSY qty                    numeric                      -> Nullable(Decimal128(4))
           unconstrained numeric with no profile. Nothing here is a measurement; run `ekos migrate profile --tier p1` and re-map rather than accepting this default; source column is nullable
    LOSSY allocated              numeric                      -> Nullable(Decimal128(4))
           unconstrained numeric with no profile. Nothing here is a measurement; run `ekos migrate profile --tier p1` and re-map rather than accepting this default; source column is nullable
    LOSSY sellprice              numeric                      -> Nullable(Decimal128(4))
           unconstrained numeric with no profile. Nothing here is a measurement; run `ekos migrate profile --tier p1` and re-map rather than accepting this default; source column is nullable
    LOSSY fxsellprice            numeric                      -> Nullable(Decimal128(4))
           unconstrained numeric with no profile. Nothing here is a measurement; run `ekos migrate profile --tier p1` and re-map rather than accepting this default; source column is nullable
           serialnumber           text                         -> Nullable(String)
           checkedin              timestamp with time zone     -> Nullable(DateTime64(6, 'UTC'))
           checkedout             timestamp with time zone     -> Nullable(DateTime64(6, 'UTC'))
           person_id              integer                      -> Int32
           notes                  text                         -> Nullable(String)
    LOSSY total                  numeric                      -> Decimal128(4)
           unconstrained numeric with no profile. Nothing here is a measurement; run `ekos migrate profile --tier p1` and re-map rather than accepting this default; source column is NOT NULL
    LOSSY non_billable           numeric                      -> Decimal128(4)
           unconstrained numeric with no profile. Nothing here is a measurement; run `ekos migrate profile --tier p1` and re-map rather than accepting this default; source column is NOT NULL
           jctype                 integer                      -> Int32
    LOSSY curr                   character(3)                 -> String
           PostgreSQL pads char(n) and ClickHouse does not; the padding is a real difference; source column is NOT NULL
  7 lossy mapping(s) need an R3 approval before this design is used.

public.jctype
  engine   : MergeTree
             no updates or deletes recorded against the source, so the table is append-only
  order by : label
             no query-shape evidence available for this table, so this is the primary key rather than a derivation. Populate pg_stat_statements, or compile the application's queries, and re-map before relying on it.
  columns  :
           id                     integer                      -> Int32
           label                  text                         -> String
           description            text                         -> String
    narrow is_service             boolean                      -> Bool
           direct; declared nullable, but the profile measured no nulls in 3 rows; a null arriving later becomes a load failure rather than a silent default
    narrow is_timecard            boolean                      -> Bool
           direct; declared nullable, but the profile measured no nulls in 3 rows; a null arriving later becomes a load failure rather than a silent default

public.job
  engine   : MergeTree
             no updates or deletes recorded against the source, so the table is append-only
  order by : bu_id
             no query-shape evidence available for this table, so this is the primary key rather than a derivation. Populate pg_stat_statements, or compile the application's queries, and re-map before relying on it.
  columns  :
           bu_id                  integer                      -> Int32
           parts_id               integer                      -> Nullable(Int32)
    LOSSY production             numeric                      -> Nullable(Decimal128(4))
           unconstrained numeric with no profile. Nothing here is a measurement; run `ekos migrate profile --tier p1` and re-map rather than accepting this default; source column is nullable
    LOSSY completed              numeric                      -> Nullable(Decimal128(4))
           unconstrained numeric with no profile. Nothing here is a measurement; run `ekos migrate profile --tier p1` and re-map rather than accepting this default; source column is nullable
  2 lossy mapping(s) need an R3 approval before this design is used.

public.journal_entry
  engine   : MergeTree
             no updates or deletes recorded against the source, so the table is append-only
  order by : id
             no query-shape evidence available for this table, so this is the primary key rather than a derivation. Populate pg_stat_statements, or compile the application's queries, and re-map before relying on it.
  columns  :
           id                     integer                      -> Int32
           reference              text                         -> Nullable(String)
           description            text                         -> Nullable(String)
           locked_by              integer                      -> Nullable(Int32)
           journal                integer                      -> Nullable(Int32)
           post_date              date                         -> Nullable(Date32)
           effective_start        date                         -> Nullable(Date32)
           effective_end          date                         -> Nullable(Date32)
    LOSSY currency               character(3)                 -> String
           PostgreSQL pads char(n) and ClickHouse does not; the padding is a real difference; source column is NOT NULL
           approved               boolean                      -> Nullable(Bool)
           is_template            boolean                      -> Nullable(Bool)
           entered_by             integer                      -> Int32
           approved_by            integer                      -> Nullable(Int32)
  1 lossy mapping(s) need an R3 approval before this design is used.

public.journal_line
  engine   : MergeTree
             no updates or deletes recorded against the source, so the table is append-only
  order by : id
             no query-shape evidence available for this table, so this is the primary key rather than a derivation. Populate pg_stat_statements, or compile the application's queries, and re-map before relying on it.
  columns  :
           id                     integer                      -> Int32
           account_id             integer                      -> Int32
           journal_id             integer                      -> Int32
    LOSSY amount                 numeric                      -> Decimal128(4)
           unconstrained numeric with no profile. Nothing here is a measurement; run `ekos migrate profile --tier p1` and re-map rather than accepting this default; source column is NOT NULL
           cleared                boolean                      -> Bool
           reconciliation_report  integer                      -> Nullable(Int32)
           line_type              text                         -> Nullable(String)
    LOSSY amount_tc              numeric                      -> Decimal128(4)
           unconstrained numeric with no profile. Nothing here is a measurement; run `ekos migrate profile --tier p1` and re-map rather than accepting this default; source column is NOT NULL
    LOSSY curr                   character(3)                 -> String
           PostgreSQL pads char(n) and ClickHouse does not; the padding is a real difference; source column is NOT NULL
  3 lossy mapping(s) need an R3 approval before this design is used.

public.journal_note
  engine   : MergeTree
             no updates or deletes recorded against the source, so the table is append-only
  order by : id
             no query-shape evidence available for this table, so this is the primary key rather than a derivation. Populate pg_stat_statements, or compile the application's queries, and re-map before relying on it.
  columns  :
           id                     integer                      -> Int32
           note_class             integer                      -> Int32
           note                   text                         -> String
    LOSSY vector                 tsvector                     -> String
           no mapping rule for this type; String preserves the text form but loses the semantics; source column is NOT NULL
           created                timestamp without time zone  -> DateTime64(6)
           created_by             text                         -> Nullable(String)
           ref_key                integer                      -> Int32
           subject                text                         -> Nullable(String)
           internal_only          boolean                      -> Bool
  1 lossy mapping(s) need an R3 approval before this design is used.

public.journal_type
  engine   : MergeTree
             no updates or deletes recorded against the source, so the table is append-only
  order by : name
             no query-shape evidence available for this table, so this is the primary key rather than a derivation. Populate pg_stat_statements, or compile the application's queries, and re-map before relying on it.
  columns  :
           id                     integer                      -> Int32
           name                   text                         -> String

public.language
  engine   : MergeTree
             no updates or deletes recorded against the source, so the table is append-only
  order by : code
             no query-shape evidence available for this table, so this is the primary key rather than a derivation. Populate pg_stat_statements, or compile the application's queries, and re-map before relying on it.
  columns  :
           code                   character varying(6)         -> String
    narrow description            text                         -> String
           direct; declared nullable, but the profile measured no nulls in 43 rows; a null arriving later becomes a load failure rather than a silent default
           last_updated           timestamp without time zone  -> DateTime64(6)

public.location
  engine   : MergeTree
             no updates or deletes recorded against the source, so the table is append-only
  order by : id
             no query-shape evidence available for this table, so this is the primary key rather than a derivation. Populate pg_stat_statements, or compile the application's queries, and re-map before relying on it.
  columns  :
           id                     integer                      -> Int32
           line_one               text                         -> String
           line_two               text                         -> Nullable(String)
           line_three             text                         -> Nullable(String)
           city                   text                         -> LowCardinality(String)
    narrow state                  text                         -> LowCardinality(String)
           the profile measured about 8 distinct values in 85 rows, comfortably inside LowCardinality's useful range; declared nullable, but the profile measured no nulls in 85 rows; a null arriving later becomes a load failure rather than a silent default
           country_id             integer                      -> Int32
    narrow mail_code              text                         -> String
           direct; declared nullable, but the profile measured no nulls in 85 rows; a null arriving later becomes a load failure rather than a silent default

public.location_class
  engine   : MergeTree
             no updates or deletes recorded against the source, so the table is append-only
  order by : class, authoritative
             no query-shape evidence available for this table, so this is the primary key rather than a derivation. Populate pg_stat_statements, or compile the application's queries, and re-map before relying on it.
  columns  :
           id                     integer                      -> Int32
           class                  text                         -> String
           authoritative          boolean                      -> Bool

public.location_class_to_entity_class
  engine   : MergeTree
             no updates or deletes recorded against the source, so the table is append-only
  order by : 
             no query-shape evidence available for this table, so this is the primary key rather than a derivation. Populate pg_stat_statements, or compile the application's queries, and re-map before relying on it.
  columns  :
           id                     integer                      -> Int32
           location_class         integer                      -> Int32
           entity_class           integer                      -> Int32
  NEEDS A DECISION: public.location_class_to_entity_class has no primary key and no observed filter predicates, so there is nothing to order by. ClickHouse requires an ORDER BY; choose one before generating DDL.
  DDL not emitted: public.location_class_to_entity_class has no ORDER BY. ClickHouse requires one, and choosing it is a design decision (RFC 0159) rather than something the emitter may invent.

public.lsmb_module
  engine   : ReplacingMergeTree
             the source updates rows in place, but no column advances on update
  order by : label
             no query-shape evidence available for this table, so this is the primary key rather than a derivation. Populate pg_stat_statements, or compile the application's queries, and re-map before relying on it.
  columns  :
           id                     integer                      -> Int32
           label                  text                         -> String
  NEEDS A DECISION: No version column: without one ClickHouse keeps an arbitrary row per key on merge. Inventing a now() would make the load non-deterministic and unvalidatable, so this needs a decision — add an updated_at to the source, or accept last-writer-wins by insertion order.

public.lsmb_sequence
  engine   : MergeTree
             no updates or deletes recorded against the source, so the table is append-only
  order by : label
             no query-shape evidence available for this table, so this is the primary key rather than a derivation. Populate pg_stat_statements, or compile the application's queries, and re-map before relying on it.
  columns  :
           label                  text                         -> String
           setting_key            text                         -> String
           prefix                 text                         -> Nullable(String)
           suffix                 text                         -> Nullable(String)
           sequence               text                         -> String
           accept_input           boolean                      -> Nullable(Bool)

public.makemodel
  engine   : MergeTree
             no updates or deletes recorded against the source, so the table is append-only
  order by : parts_id, make, model
             no query-shape evidence available for this table, so this is the primary key rather than a derivation. Populate pg_stat_statements, or compile the application's queries, and re-map before relying on it.
  columns  :
           parts_id               integer                      -> Int32
           barcode                text                         -> Nullable(String)
           make                   text                         -> String
           model                  text                         -> String

public.menu_acl
  engine   : MergeTree
             no updates or deletes recorded against the source, so the table is append-only
  order by : role_name, node_id
             no query-shape evidence available for this table, so this is the primary key rather than a derivation. Populate pg_stat_statements, or compile the application's queries, and re-map before relying on it.
  columns  :
           id                     integer                      -> Int32
           role_name              character varying            -> String
           acl_type               character varying            -> Nullable(String)
           node_id                integer                      -> Int32

public.menu_node
  engine   : MergeTree
             no updates or deletes recorded against the source, so the table is append-only
  order by : id
             no query-shape evidence available for this table, so this is the primary key rather than a derivation. Populate pg_stat_statements, or compile the application's queries, and re-map before relying on it.
  columns  :
           id                     integer                      -> Int32
           label                  character varying            -> String
           parent                 integer                      -> Nullable(Int32)
           position               integer                      -> Int32
           url                    text                         -> Nullable(String)
           standalone             boolean                      -> Nullable(Bool)
           menu                   boolean                      -> Nullable(Bool)

public.mfg_lot
  engine   : MergeTree
             no updates or deletes recorded against the source, so the table is append-only
  order by : 
             no query-shape evidence available for this table, so this is the primary key rather than a derivation. Populate pg_stat_statements, or compile the application's queries, and re-map before relying on it.
  columns  :
           id                     integer                      -> Int32
           lot_number             text                         -> String
           parts_id               integer                      -> Int32
    LOSSY qty                    numeric                      -> Decimal128(4)
           unconstrained numeric with no profile. Nothing here is a measurement; run `ekos migrate profile --tier p1` and re-map rather than accepting this default; source column is NOT NULL
           stock_date             date                         -> Date32
           trans_id               integer                      -> Nullable(Int32)
  1 lossy mapping(s) need an R3 approval before this design is used.
  NEEDS A DECISION: public.mfg_lot has no primary key and no observed filter predicates, so there is nothing to order by. ClickHouse requires an ORDER BY; choose one before generating DDL.
  DDL not emitted: public.mfg_lot has no ORDER BY. ClickHouse requires one, and choosing it is a design decision (RFC 0159) rather than something the emitter may invent.

public.mfg_lot_item
  engine   : MergeTree
             no updates or deletes recorded against the source, so the table is append-only
  order by : 
             no query-shape evidence available for this table, so this is the primary key rather than a derivation. Populate pg_stat_statements, or compile the application's queries, and re-map before relying on it.
  columns  :
           id                     integer                      -> Int32
           mfg_lot_id             integer                      -> Int32
           parts_id               integer                      -> Int32
    LOSSY qty                    numeric                      -> Decimal128(4)
           unconstrained numeric with no profile. Nothing here is a measurement; run `ekos migrate profile --tier p1` and re-map rather than accepting this default; source column is NOT NULL
  1 lossy mapping(s) need an R3 approval before this design is used.
  NEEDS A DECISION: public.mfg_lot_item has no primary key and no observed filter predicates, so there is nothing to order by. ClickHouse requires an ORDER BY; choose one before generating DDL.
  DDL not emitted: public.mfg_lot_item has no ORDER BY. ClickHouse requires one, and choosing it is a design decision (RFC 0159) rather than something the emitter may invent.

public.mime_type
  engine   : ReplacingMergeTree
             the source updates rows in place, but no column advances on update
  order by : mime_type
             no query-shape evidence available for this table, so this is the primary key rather than a derivation. Populate pg_stat_statements, or compile the application's queries, and re-map before relying on it.
  columns  :
           id                     integer                      -> Int32
           mime_type              text                         -> String
    narrow invoice_include        boolean                      -> Bool
           direct; declared nullable, but the profile measured no nulls in 684 rows; a null arriving later becomes a load failure rather than a silent default
  NEEDS A DECISION: No version column: without one ClickHouse keeps an arbitrary row per key on merge. Inventing a now() would make the load non-deterministic and unvalidatable, so this needs a decision — add an updated_at to the source, or accept last-writer-wins by insertion order.

public.note_class
  engine   : MergeTree
             no updates or deletes recorded against the source, so the table is append-only
  order by : id
             no query-shape evidence available for this table, so this is the primary key rather than a derivation. Populate pg_stat_statements, or compile the application's queries, and re-map before relying on it.
  columns  :
           id                     integer                      -> Int32
           class                  text                         -> String

public.oe
  engine   : MergeTree
             no updates or deletes recorded against the source, so the table is append-only
  order by : id
             no query-shape evidence available for this table, so this is the primary key rather than a derivation. Populate pg_stat_statements, or compile the application's queries, and re-map before relying on it.
  columns  :
           id                     integer                      -> Int32
    narrow ordnumber              text                         -> String
           direct; declared nullable, but the profile measured no nulls in 2112 rows; a null arriving later becomes a load failure rather than a silent default
    narrow transdate              date                         -> Date32
           Date32 covers 1900-2299; dates before 1900 are a COMPAT.CH.DATE_BEFORE_1900 finding; declared nullable, but the profile measured no nulls in 2112 rows; a null arriving later becomes a load failure rather than a silent default
           entity_id              integer                      -> Nullable(Int32)
    narrow amount_tc              numeric                      -> Decimal64(2)
           unconstrained numeric; the measured data uses precision 6 scale 2, so this holds every value seen — and only those; declared nullable, but the profile measured no nulls in 2112 rows; a null arriving later becomes a load failure rather than a silent default
    narrow netamount_tc           numeric                      -> Decimal64(2)
           unconstrained numeric; the measured data uses precision 6 scale 2, so this holds every value seen — and only those; declared nullable, but the profile measured no nulls in 2112 rows; a null arriving later becomes a load failure rather than a silent default
    narrow reqdate                date                         -> Date32
           Date32 covers 1900-2299; dates before 1900 are a COMPAT.CH.DATE_BEFORE_1900 finding; declared nullable, but the profile measured no nulls in 2112 rows; a null arriving later becomes a load failure rather than a silent default
    narrow taxincluded            boolean                      -> Bool
           direct; declared nullable, but the profile measured no nulls in 2112 rows; a null arriving later becomes a load failure rather than a silent default
           shippingpoint          text                         -> Nullable(String)
           notes                  text                         -> Nullable(String)
    LOSSY curr                   character(3)                 -> String
           PostgreSQL pads char(n) and ClickHouse does not; the padding is a real difference; declared nullable, but the profile measured no nulls in 2112 rows; a null arriving later becomes a load failure rather than a silent default
           person_id              integer                      -> Nullable(Int32)
    narrow closed                 boolean                      -> Bool
           direct; declared nullable, but the profile measured no nulls in 2112 rows; a null arriving later becomes a load failure rather than a silent default
    narrow quotation              boolean                      -> Bool
           direct; declared nullable, but the profile measured no nulls in 2112 rows; a null arriving later becomes a load failure rather than a silent default
           quonumber              text                         -> Nullable(String)
           intnotes               text                         -> Nullable(String)
           shipvia                text                         -> Nullable(String)
           language_code          character varying(6)         -> Nullable(String)
           ponumber               text                         -> Nullable(String)
    narrow terms                  smallint                     -> Int16
           direct; declared nullable, but the profile measured no nulls in 2112 rows; a null arriving later becomes a load failure rather than a silent default
           entity_credit_account  integer                      -> Int32
           oe_class_id            integer                      -> Int32
           workflow_id            integer                      -> Nullable(Int32)
           shipto                 integer                      -> Nullable(Int32)
           shipto_attn            text                         -> Nullable(String)
  1 lossy mapping(s) need an R3 approval before this design is used.

public.oe_class
  engine   : MergeTree
             no updates or deletes recorded against the source, so the table is append-only
  order by : oe_class
             no query-shape evidence available for this table, so this is the primary key rather than a derivation. Populate pg_stat_statements, or compile the application's queries, and re-map before relying on it.
  columns  :
    narrow id                     smallint                     -> Int16
           direct; declared nullable, but the profile measured no nulls in 4 rows; a null arriving later becomes a load failure rather than a silent default
           oe_class               text                         -> String

public.oe_tax
  engine   : MergeTree
             no updates or deletes recorded against the source, so the table is append-only
  order by : oe_id, tax_id
             no query-shape evidence available for this table, so this is the primary key rather than a derivation. Populate pg_stat_statements, or compile the application's queries, and re-map before relying on it.
  columns  :
           oe_id                  integer                      -> Int32
           tax_id                 integer                      -> Int32
    LOSSY basis                  numeric                      -> Decimal128(4)
           unconstrained numeric with no profile. Nothing here is a measurement; run `ekos migrate profile --tier p1` and re-map rather than accepting this default; source column is NOT NULL
           exempt                 smallint                     -> Int16
    LOSSY rate                   numeric                      -> Nullable(Decimal128(4))
           unconstrained numeric with no profile. Nothing here is a measurement; run `ekos migrate profile --tier p1` and re-map rather than accepting this default; source column is nullable
    LOSSY amount                 numeric                      -> Nullable(Decimal128(4))
           unconstrained numeric with no profile. Nothing here is a measurement; run `ekos migrate profile --tier p1` and re-map rather than accepting this default; source column is nullable
           source                 text                         -> Nullable(String)
  3 lossy mapping(s) need an R3 approval before this design is used.

public.open_forms
  engine   : MergeTree
             no updates or deletes recorded against the source, so the table is append-only
  order by : id
             no query-shape evidence available for this table, so this is the primary key rather than a derivation. Populate pg_stat_statements, or compile the application's queries, and re-map before relying on it.
  columns  :
           id                     integer                      -> Int32
           session_id             integer                      -> Nullable(Int32)
           form_name              character varying(100)       -> Nullable(String)
           last_used              timestamp without time zone  -> Nullable(DateTime64(6))

public.open_item
  engine   : MergeTree
             no updates or deletes recorded against the source, so the table is append-only
  order by : id
             no query-shape evidence available for this table, so this is the primary key rather than a derivation. Populate pg_stat_statements, or compile the application's queries, and re-map before relying on it.
  columns  :
           id                     integer                      -> Int32
           item_number            text                         -> String
    LOSSY item_type              character(2)                 -> String
           PostgreSQL pads char(n) and ClickHouse does not; the padding is a real difference; source column is NOT NULL
           account_id             integer                      -> Int32
  1 lossy mapping(s) need an R3 approval before this design is used.

public.orderitems
  engine   : MergeTree
             no updates or deletes recorded against the source, so the table is append-only
  order by : id
             no query-shape evidence available for this table, so this is the primary key rather than a derivation. Populate pg_stat_statements, or compile the application's queries, and re-map before relying on it.
  columns  :
           id                     integer                      -> Int32
    narrow trans_id               integer                      -> Int32
           direct; declared nullable, but the profile measured no nulls in 6177 rows; a null arriving later becomes a load failure rather than a silent default
    narrow parts_id               integer                      -> Int32
           direct; declared nullable, but the profile measured no nulls in 6177 rows; a null arriving later becomes a load failure rather than a silent default
    narrow description            text                         -> LowCardinality(String)
           the profile measured about 114 distinct values in 6177 rows, comfortably inside LowCardinality's useful range; declared nullable, but the profile measured no nulls in 6177 rows; a null arriving later becomes a load failure rather than a silent default
    narrow qty                    numeric                      -> Decimal64(0)
           unconstrained numeric; the measured data uses precision 2 scale 0, so this holds every value seen — and only those; declared nullable, but the profile measured no nulls in 6177 rows; a null arriving later becomes a load failure rather than a silent default
    narrow sellprice              numeric                      -> Decimal64(2)
           unconstrained numeric; the measured data uses precision 5 scale 2, so this holds every value seen — and only those; declared nullable, but the profile measured no nulls in 6177 rows; a null arriving later becomes a load failure rather than a silent default
    narrow precision              integer                      -> Int32
           direct; declared nullable, but the profile measured no nulls in 6177 rows; a null arriving later becomes a load failure rather than a silent default
    narrow discount               numeric                      -> Decimal64(0)
           unconstrained numeric; the measured data uses precision 1 scale 0, so this holds every value seen — and only those; declared nullable, but the profile measured no nulls in 6177 rows; a null arriving later becomes a load failure rather than a silent default
    narrow unit                   character varying(5)         -> LowCardinality(String)
           the profile measured about 2 distinct values in 6177 rows, comfortably inside LowCardinality's useful range; declared nullable, but the profile measured no nulls in 6177 rows; a null arriving later becomes a load failure rather than a silent default
    narrow reqdate                date                         -> Date32
           Date32 covers 1900-2299; dates before 1900 are a COMPAT.CH.DATE_BEFORE_1900 finding; declared nullable, but the profile measured no nulls in 6177 rows; a null arriving later becomes a load failure rather than a silent default
    narrow ship                   numeric                      -> Decimal64(0)
           unconstrained numeric; the measured data uses precision 2 scale 0, so this holds every value seen — and only those; declared nullable, but the profile measured no nulls in 6177 rows; a null arriving later becomes a load failure rather than a silent default
           serialnumber           text                         -> Nullable(String)
           notes                  text                         -> Nullable(String)

public.overpayment
  engine   : MergeTree
             no updates or deletes recorded against the source, so the table is append-only
  order by : id
             no query-shape evidence available for this table, so this is the primary key rather than a derivation. Populate pg_stat_statements, or compile the application's queries, and re-map before relying on it.
  columns  :
           id                     integer                      -> Int32
           open_item_id           integer                      -> Int32
           eca_id                 integer                      -> Int32

public.parts
  engine   : ReplacingMergeTree
             the source updates rows in place, but no column advances on update
  order by : id
             no query-shape evidence available for this table, so this is the primary key rather than a derivation. Populate pg_stat_statements, or compile the application's queries, and re-map before relying on it.
  columns  :
           id                     integer                      -> Int32
    narrow partnumber             text                         -> String
           direct; declared nullable, but the profile measured no nulls in 114 rows; a null arriving later becomes a load failure rather than a silent default
    narrow description            text                         -> String
           direct; declared nullable, but the profile measured no nulls in 114 rows; a null arriving later becomes a load failure rather than a silent default
    narrow unit                   character varying(5)         -> LowCardinality(String)
           the profile measured about 2 distinct values in 114 rows, comfortably inside LowCardinality's useful range; declared nullable, but the profile measured no nulls in 114 rows; a null arriving later becomes a load failure rather than a silent default
    narrow listprice              numeric                      -> Decimal64(2)
           unconstrained numeric; the measured data uses precision 5 scale 2, so this holds every value seen — and only those; declared nullable, but the profile measured no nulls in 114 rows; a null arriving later becomes a load failure rather than a silent default
    narrow sellprice              numeric                      -> Decimal64(2)
           unconstrained numeric; the measured data uses precision 5 scale 2, so this holds every value seen — and only those; declared nullable, but the profile measured no nulls in 114 rows; a null arriving later becomes a load failure rather than a silent default
    narrow lastcost               numeric                      -> Decimal64(2)
           unconstrained numeric; the measured data uses precision 5 scale 2, so this holds every value seen — and only those; declared nullable, but the profile measured no nulls in 114 rows; a null arriving later becomes a load failure rather than a silent default
    narrow priceupdate            date                         -> Date32
           Date32 covers 1900-2299; dates before 1900 are a COMPAT.CH.DATE_BEFORE_1900 finding; declared nullable, but the profile measured no nulls in 114 rows; a null arriving later becomes a load failure rather than a silent default
    narrow weight                 numeric                      -> Nullable(Decimal64(2))
           unconstrained numeric; the measured data uses precision 4 scale 2, so this holds every value seen — and only those; source column is nullable
    narrow onhand                 numeric                      -> Decimal64(0)
           unconstrained numeric; the measured data uses precision 3 scale 0, so this holds every value seen — and only those; declared nullable, but the profile measured no nulls in 114 rows; a null arriving later becomes a load failure rather than a silent default
    narrow notes                  text                         -> LowCardinality(String)
           the profile measured about 1 distinct values in 114 rows, comfortably inside LowCardinality's useful range; declared nullable, but the profile measured no nulls in 114 rows; a null arriving later becomes a load failure rather than a silent default
    narrow makemodel              boolean                      -> Bool
           direct; declared nullable, but the profile measured no nulls in 114 rows; a null arriving later becomes a load failure rather than a silent default
    narrow assembly               boolean                      -> Bool
           direct; declared nullable, but the profile measured no nulls in 114 rows; a null arriving later becomes a load failure rather than a silent default
    narrow alternate              boolean                      -> Bool
           direct; declared nullable, but the profile measured no nulls in 114 rows; a null arriving later becomes a load failure rather than a silent default
    narrow rop                    numeric                      -> Decimal64(0)
           unconstrained numeric; the measured data uses precision 2 scale 0, so this holds every value seen — and only those; declared nullable, but the profile measured no nulls in 114 rows; a null arriving later becomes a load failure rather than a silent default
           inventory_accno_id     integer                      -> Nullable(Int32)
    narrow income_accno_id        integer                      -> Int32
           direct; declared nullable, but the profile measured no nulls in 114 rows; a null arriving later becomes a load failure rather than a silent default
    narrow expense_accno_id       integer                      -> Int32
           direct; declared nullable, but the profile measured no nulls in 114 rows; a null arriving later becomes a load failure rather than a silent default
           returns_accno_id       integer                      -> Nullable(Int32)
           bin                    text                         -> Nullable(String)
    narrow obsolete               boolean                      -> Bool
           direct; declared nullable, but the profile measured no nulls in 114 rows; a null arriving later becomes a load failure rather than a silent default
    narrow bom                    boolean                      -> Bool
           direct; declared nullable, but the profile measured no nulls in 114 rows; a null arriving later becomes a load failure rather than a silent default
           image                  text                         -> Nullable(String)
           drawing                text                         -> Nullable(String)
           microfiche             text                         -> Nullable(String)
    narrow partsgroup_id          integer                      -> Int32
           direct; declared nullable, but the profile measured no nulls in 114 rows; a null arriving later becomes a load failure rather than a silent default
    LOSSY avgcost                numeric                      -> Nullable(Decimal128(4))
           unconstrained numeric with no profile. Nothing here is a measurement; run `ekos migrate profile --tier p1` and re-map rather than accepting this default; source column is nullable
           custom_attributes      jsonb                        -> Nullable(String)
           stored as text; ClickHouse's JSON type is version-dependent and validated at V2 only; source column is nullable
  1 lossy mapping(s) need an R3 approval before this design is used.
  NEEDS A DECISION: No version column: without one ClickHouse keeps an arbitrary row per key on merge. Inventing a now() would make the load non-deterministic and unvalidatable, so this needs a decision — add an updated_at to the source, or accept last-writer-wins by insertion order.

public.parts_translation
  engine   : MergeTree
             no updates or deletes recorded against the source, so the table is append-only
  order by : trans_id, language_code
             no query-shape evidence available for this table, so this is the primary key rather than a derivation. Populate pg_stat_statements, or compile the application's queries, and re-map before relying on it.
  columns  :
           trans_id               integer                      -> Int32
           language_code          character varying(6)         -> String
           description            text                         -> Nullable(String)

public.partscustomer
  engine   : MergeTree
             no updates or deletes recorded against the source, so the table is append-only
  order by : entry_id
             no query-shape evidence available for this table, so this is the primary key rather than a derivation. Populate pg_stat_statements, or compile the application's queries, and re-map before relying on it.
  columns  :
           parts_id               integer                      -> Nullable(Int32)
           credit_id              integer                      -> Nullable(Int32)
           pricegroup_id          integer                      -> Nullable(Int32)
    LOSSY pricebreak             numeric                      -> Nullable(Decimal128(4))
           unconstrained numeric with no profile. Nothing here is a measurement; run `ekos migrate profile --tier p1` and re-map rather than accepting this default; source column is nullable
    LOSSY sellprice              numeric                      -> Nullable(Decimal128(4))
           unconstrained numeric with no profile. Nothing here is a measurement; run `ekos migrate profile --tier p1` and re-map rather than accepting this default; source column is nullable
           validfrom              date                         -> Nullable(Date32)
           validto                date                         -> Nullable(Date32)
    LOSSY curr                   character(3)                 -> String
           PostgreSQL pads char(n) and ClickHouse does not; the padding is a real difference; source column is NOT NULL
           entry_id               integer                      -> Int32
    LOSSY qty                    numeric                      -> Nullable(Decimal128(4))
           unconstrained numeric with no profile. Nothing here is a measurement; run `ekos migrate profile --tier p1` and re-map rather than accepting this default; source column is nullable
  4 lossy mapping(s) need an R3 approval before this design is used.

public.partsgroup
  engine   : MergeTree
             no updates or deletes recorded against the source, so the table is append-only
  order by : id
             no query-shape evidence available for this table, so this is the primary key rather than a derivation. Populate pg_stat_statements, or compile the application's queries, and re-map before relying on it.
  columns  :
           id                     integer                      -> Int32
    narrow partsgroup             text                         -> String
           direct; declared nullable, but the profile measured no nulls in 8 rows; a null arriving later becomes a load failure rather than a silent default
           parent                 integer                      -> Nullable(Int32)
           last_updated           timestamp without time zone  -> DateTime64(6)

public.partsgroup_translation
  engine   : MergeTree
             no updates or deletes recorded against the source, so the table is append-only
  order by : trans_id, language_code
             no query-shape evidence available for this table, so this is the primary key rather than a derivation. Populate pg_stat_statements, or compile the application's queries, and re-map before relying on it.
  columns  :
           trans_id               integer                      -> Int32
           language_code          character varying(6)         -> String
           description            text                         -> Nullable(String)

public.partstax
  engine   : MergeTree
             no updates or deletes recorded against the source, so the table is append-only
  order by : parts_id, chart_id
             no query-shape evidence available for this table, so this is the primary key rather than a derivation. Populate pg_stat_statements, or compile the application's queries, and re-map before relying on it.
  columns  :
           parts_id               integer                      -> Int32
           chart_id               integer                      -> Int32
           taxcategory_id         integer                      -> Nullable(Int32)

public.partsvendor
  engine   : MergeTree
             no updates or deletes recorded against the source, so the table is append-only
  order by : entry_id
             no query-shape evidence available for this table, so this is the primary key rather than a derivation. Populate pg_stat_statements, or compile the application's queries, and re-map before relying on it.
  columns  :
           credit_id              integer                      -> Int32
           parts_id               integer                      -> Nullable(Int32)
           partnumber             text                         -> Nullable(String)
           leadtime               smallint                     -> Nullable(Int16)
    LOSSY lastcost               numeric                      -> Nullable(Decimal128(4))
           unconstrained numeric with no profile. Nothing here is a measurement; run `ekos migrate profile --tier p1` and re-map rather than accepting this default; source column is nullable
    LOSSY curr                   character(3)                 -> String
           PostgreSQL pads char(n) and ClickHouse does not; the padding is a real difference; source column is NOT NULL
           entry_id               integer                      -> Int32
  2 lossy mapping(s) need an R3 approval before this design is used.

public.payment
  engine   : MergeTree
             no updates or deletes recorded against the source, so the table is append-only
  order by : id
             no query-shape evidence available for this table, so this is the primary key rather than a derivation. Populate pg_stat_statements, or compile the application's queries, and re-map before relying on it.
  columns  :
           id                     integer                      -> Int32
           reference              text                         -> String
           payment_class          integer                      -> Int32
    narrow payment_date           date                         -> Date32
           Date32 covers 1900-2299; dates before 1900 are a COMPAT.CH.DATE_BEFORE_1900 finding; declared nullable, but the profile measured no nulls in 3286 rows; a null arriving later becomes a load failure rather than a silent default
    narrow closed                 boolean                      -> Bool
           direct; declared nullable, but the profile measured no nulls in 3286 rows; a null arriving later becomes a load failure rather than a silent default
    narrow entity_credit_id       integer                      -> Int32
           direct; declared nullable, but the profile measured no nulls in 3286 rows; a null arriving later becomes a load failure rather than a silent default
           employee_id            integer                      -> Nullable(Int32)
    LOSSY currency               character(3)                 -> String
           PostgreSQL pads char(n) and ClickHouse does not; the padding is a real difference; declared nullable, but the profile measured no nulls in 3286 rows; a null arriving later becomes a load failure rather than a silent default
    narrow notes                  text                         -> LowCardinality(String)
           the profile measured about 1 distinct values in 3286 rows, comfortably inside LowCardinality's useful range; declared nullable, but the profile measured no nulls in 3286 rows; a null arriving later becomes a load failure rather than a silent default
           trans_id               integer                      -> Int32
           account_id             integer                      -> Int32
  1 lossy mapping(s) need an R3 approval before this design is used.

public.payment_type
  engine   : MergeTree
             no updates or deletes recorded against the source, so the table is append-only
  order by : label
             no query-shape evidence available for this table, so this is the primary key rather than a derivation. Populate pg_stat_statements, or compile the application's queries, and re-map before relying on it.
  columns  :
           id                     integer                      -> Int32
           label                  text                         -> String

public.payroll_deduction
  engine   : MergeTree
             no updates or deletes recorded against the source, so the table is append-only
  order by : entity_id, type_id
             no query-shape evidence available for this table, so this is the primary key rather than a derivation. Populate pg_stat_statements, or compile the application's queries, and re-map before relying on it.
  columns  :
           entry_id               integer                      -> Int32
           entity_id              integer                      -> Int32
           type_id                integer                      -> Int32
    LOSSY rate                   numeric                      -> Decimal128(4)
           unconstrained numeric with no profile. Nothing here is a measurement; run `ekos migrate profile --tier p1` and re-map rather than accepting this default; source column is NOT NULL
  1 lossy mapping(s) need an R3 approval before this design is used.

public.payroll_deduction_class
  engine   : MergeTree
             no updates or deletes recorded against the source, so the table is append-only
  order by : country_id, label
             no query-shape evidence available for this table, so this is the primary key rather than a derivation. Populate pg_stat_statements, or compile the application's queries, and re-map before relying on it.
  columns  :
           id                     integer                      -> Int32
           country_id             integer                      -> Int32
           label                  text                         -> String
    LOSSY stored_proc_name       name                         -> String
           no mapping rule for this type; String preserves the text form but loses the semantics; source column is NOT NULL
  1 lossy mapping(s) need an R3 approval before this design is used.

public.payroll_deduction_type
  engine   : MergeTree
             no updates or deletes recorded against the source, so the table is append-only
  order by : 
             no query-shape evidence available for this table, so this is the primary key rather than a derivation. Populate pg_stat_statements, or compile the application's queries, and re-map before relying on it.
  columns  :
           id                     integer                      -> Int32
           account_id             integer                      -> Int32
           pdc_id                 integer                      -> Int32
           country_id             integer                      -> Int32
           label                  text                         -> String
           unit                   text                         -> String
    LOSSY default_amount         numeric                      -> Nullable(Decimal128(4))
           unconstrained numeric with no profile. Nothing here is a measurement; run `ekos migrate profile --tier p1` and re-map rather than accepting this default; source column is nullable
           calc_percent           boolean                      -> Bool
  1 lossy mapping(s) need an R3 approval before this design is used.
  NEEDS A DECISION: public.payroll_deduction_type has no primary key and no observed filter predicates, so there is nothing to order by. ClickHouse requires an ORDER BY; choose one before generating DDL.
  DDL not emitted: public.payroll_deduction_type has no ORDER BY. ClickHouse requires one, and choosing it is a design decision (RFC 0159) rather than something the emitter may invent.

public.payroll_employee_class
  engine   : MergeTree
             no updates or deletes recorded against the source, so the table is append-only
  order by : label
             no query-shape evidence available for this table, so this is the primary key rather than a derivation. Populate pg_stat_statements, or compile the application's queries, and re-map before relying on it.
  columns  :
           id                     integer                      -> Int32
           label                  text                         -> String

public.payroll_employee_class_to_income_type
  engine   : MergeTree
             no updates or deletes recorded against the source, so the table is append-only
  order by : ec_id, it_id
             no query-shape evidence available for this table, so this is the primary key rather than a derivation. Populate pg_stat_statements, or compile the application's queries, and re-map before relying on it.
  columns  :
           ec_id                  integer                      -> Int32
           it_id                  integer                      -> Int32

public.payroll_income_category
  engine   : MergeTree
             no updates or deletes recorded against the source, so the table is append-only
  order by : 
             no query-shape evidence available for this table, so this is the primary key rather than a derivation. Populate pg_stat_statements, or compile the application's queries, and re-map before relying on it.
  columns  :
           id                     integer                      -> Int32
    narrow label                  text                         -> String
           direct; declared nullable, but the profile measured no nulls in 4 rows; a null arriving later becomes a load failure rather than a silent default
  NEEDS A DECISION: public.payroll_income_category has no primary key and no observed filter predicates, so there is nothing to order by. ClickHouse requires an ORDER BY; choose one before generating DDL.
  DDL not emitted: public.payroll_income_category has no ORDER BY. ClickHouse requires one, and choosing it is a design decision (RFC 0159) rather than something the emitter may invent.

public.payroll_income_class
  engine   : MergeTree
             no updates or deletes recorded against the source, so the table is append-only
  order by : country_id, label
             no query-shape evidence available for this table, so this is the primary key rather than a derivation. Populate pg_stat_statements, or compile the application's queries, and re-map before relying on it.
  columns  :
           id                     integer                      -> Int32
           country_id             integer                      -> Int32
           label                  text                         -> String

public.payroll_income_type
  engine   : MergeTree
             no updates or deletes recorded against the source, so the table is append-only
  order by : 
             no query-shape evidence available for this table, so this is the primary key rather than a derivation. Populate pg_stat_statements, or compile the application's queries, and re-map before relying on it.
  columns  :
           id                     integer                      -> Int32
           account_id             integer                      -> Int32
           pic_id                 integer                      -> Int32
           country_id             integer                      -> Int32
           label                  text                         -> String
           unit                   text                         -> String
    LOSSY default_amount         numeric                      -> Nullable(Decimal128(4))
           unconstrained numeric with no profile. Nothing here is a measurement; run `ekos migrate profile --tier p1` and re-map rather than accepting this default; source column is nullable
  1 lossy mapping(s) need an R3 approval before this design is used.
  NEEDS A DECISION: public.payroll_income_type has no primary key and no observed filter predicates, so there is nothing to order by. ClickHouse requires an ORDER BY; choose one before generating DDL.
  DDL not emitted: public.payroll_income_type has no ORDER BY. ClickHouse requires one, and choosing it is a design decision (RFC 0159) rather than something the emitter may invent.

public.payroll_paid_timeoff
  engine   : MergeTree
             no updates or deletes recorded against the source, so the table is append-only
  order by : 
             no query-shape evidence available for this table, so this is the primary key rather than a derivation. Populate pg_stat_statements, or compile the application's queries, and re-map before relying on it.
  columns  :
           employee_id            integer                      -> Int32
           pto_class_id           integer                      -> Int32
           report_id              integer                      -> Int32
    LOSSY amount                 numeric                      -> Decimal128(4)
           unconstrained numeric with no profile. Nothing here is a measurement; run `ekos migrate profile --tier p1` and re-map rather than accepting this default; source column is NOT NULL
  1 lossy mapping(s) need an R3 approval before this design is used.
  NEEDS A DECISION: public.payroll_paid_timeoff has no primary key and no observed filter predicates, so there is nothing to order by. ClickHouse requires an ORDER BY; choose one before generating DDL.
  DDL not emitted: public.payroll_paid_timeoff has no ORDER BY. ClickHouse requires one, and choosing it is a design decision (RFC 0159) rather than something the emitter may invent.

public.payroll_pto_class
  engine   : MergeTree
             no updates or deletes recorded against the source, so the table is append-only
  order by : label
             no query-shape evidence available for this table, so this is the primary key rather than a derivation. Populate pg_stat_statements, or compile the application's queries, and re-map before relying on it.
  columns  :
           id                     integer                      -> Int32
           label                  text                         -> String

public.payroll_report
  engine   : MergeTree
             no updates or deletes recorded against the source, so the table is append-only
  order by : id
             no query-shape evidence available for this table, so this is the primary key rather than a derivation. Populate pg_stat_statements, or compile the application's queries, and re-map before relying on it.
  columns  :
           id                     integer                      -> Int32
           ec_id                  integer                      -> Int32
           payment_date           date                         -> Date32
           created_by             integer                      -> Nullable(Int32)
           approved_by            integer                      -> Nullable(Int32)

public.payroll_report_line
  engine   : MergeTree
             no updates or deletes recorded against the source, so the table is append-only
  order by : report_id, employee_id, it_id
             no query-shape evidence available for this table, so this is the primary key rather than a derivation. Populate pg_stat_statements, or compile the application's queries, and re-map before relying on it.
  columns  :
           id                     integer                      -> Int32
           report_id              integer                      -> Int32
           employee_id            integer                      -> Int32
           it_id                  integer                      -> Int32
    LOSSY qty                    numeric                      -> Decimal128(4)
           unconstrained numeric with no profile. Nothing here is a measurement; run `ekos migrate profile --tier p1` and re-map rather than accepting this default; source column is NOT NULL
    LOSSY rate                   numeric                      -> Decimal128(4)
           unconstrained numeric with no profile. Nothing here is a measurement; run `ekos migrate profile --tier p1` and re-map rather than accepting this default; source column is NOT NULL
           description            text                         -> Nullable(String)
  2 lossy mapping(s) need an R3 approval before this design is used.

public.payroll_wage
  engine   : MergeTree
             no updates or deletes recorded against the source, so the table is append-only
  order by : entity_id, type_id
             no query-shape evidence available for this table, so this is the primary key rather than a derivation. Populate pg_stat_statements, or compile the application's queries, and re-map before relying on it.
  columns  :
           entry_id               integer                      -> Int32
           entity_id              integer                      -> Int32
           type_id                integer                      -> Int32
    LOSSY rate                   numeric                      -> Decimal128(4)
           unconstrained numeric with no profile. Nothing here is a measurement; run `ekos migrate profile --tier p1` and re-map rather than accepting this default; source column is NOT NULL
  1 lossy mapping(s) need an R3 approval before this design is used.

public.person
  engine   : MergeTree
             no updates or deletes recorded against the source, so the table is append-only
  order by : id
             no query-shape evidence available for this table, so this is the primary key rather than a derivation. Populate pg_stat_statements, or compile the application's queries, and re-map before relying on it.
  columns  :
           id                     integer                      -> Int32
           entity_id              integer                      -> Int32
           salutation_id          integer                      -> Nullable(Int32)
           first_name             text                         -> String
           middle_name            text                         -> Nullable(String)
           last_name              text                         -> String
           created                date                         -> Date32
           birthdate              date                         -> Nullable(Date32)
           personal_id            text                         -> Nullable(String)

public.person_to_company
  engine   : MergeTree
             no updates or deletes recorded against the source, so the table is append-only
  order by : location_id, person_id
             no query-shape evidence available for this table, so this is the primary key rather than a derivation. Populate pg_stat_statements, or compile the application's queries, and re-map before relying on it.
  columns  :
           location_id            integer                      -> Int32
           person_id              integer                      -> Int32
           company_id             integer                      -> Int32

public.pricegroup
  engine   : MergeTree
             no updates or deletes recorded against the source, so the table is append-only
  order by : id
             no query-shape evidence available for this table, so this is the primary key rather than a derivation. Populate pg_stat_statements, or compile the application's queries, and re-map before relying on it.
  columns  :
           id                     integer                      -> Int32
           pricegroup             text                         -> Nullable(String)
           last_updated           timestamp without time zone  -> DateTime64(6)

public.recurring
  engine   : MergeTree
             no updates or deletes recorded against the source, so the table is append-only
  order by : 
             no query-shape evidence available for this table, so this is the primary key rather than a derivation. Populate pg_stat_statements, or compile the application's queries, and re-map before relying on it.
  columns  :
           id                     integer                      -> Int32
           reference              text                         -> Nullable(String)
           startdate              date                         -> Nullable(Date32)
           nextdate               date                         -> Nullable(Date32)
           enddate                date                         -> Nullable(Date32)
    LOSSY recurring_interval     interval                     -> Nullable(String)
           ClickHouse has no composite interval; a months/days/microseconds split is the real mapping and needs a decision; source column is nullable
           howmany                integer                      -> Nullable(Int32)
           payment                boolean                      -> Nullable(Bool)
  1 lossy mapping(s) need an R3 approval before this design is used.
  NEEDS A DECISION: public.recurring has no primary key and no observed filter predicates, so there is nothing to order by. ClickHouse requires an ORDER BY; choose one before generating DDL.
  DDL not emitted: public.recurring has no ORDER BY. ClickHouse requires one, and choosing it is a design decision (RFC 0159) rather than something the emitter may invent.

public.recurringemail
  engine   : MergeTree
             no updates or deletes recorded against the source, so the table is append-only
  order by : id, formname
             no query-shape evidence available for this table, so this is the primary key rather than a derivation. Populate pg_stat_statements, or compile the application's queries, and re-map before relying on it.
  columns  :
           id                     integer                      -> Int32
           formname               text                         -> String
           format                 text                         -> Nullable(String)
           message                text                         -> Nullable(String)

public.recurringprint
  engine   : MergeTree
             no updates or deletes recorded against the source, so the table is append-only
  order by : id, formname
             no query-shape evidence available for this table, so this is the primary key rather than a derivation. Populate pg_stat_statements, or compile the application's queries, and re-map before relying on it.
  columns  :
           id                     integer                      -> Int32
           formname               text                         -> String
           format                 text                         -> Nullable(String)
           printer                text                         -> Nullable(String)

public.robot
  engine   : MergeTree
             no updates or deletes recorded against the source, so the table is append-only
  order by : id
             no query-shape evidence available for this table, so this is the primary key rather than a derivation. Populate pg_stat_statements, or compile the application's queries, and re-map before relying on it.
  columns  :
           id                     integer                      -> Int32
           entity_id              integer                      -> Int32
           first_name             text                         -> Nullable(String)
           middle_name            text                         -> Nullable(String)
           last_name              text                         -> String
           created                date                         -> Date32

public.salutation
  engine   : MergeTree
             no updates or deletes recorded against the source, so the table is append-only
  order by : salutation
             no query-shape evidence available for this table, so this is the primary key rather than a derivation. Populate pg_stat_statements, or compile the application's queries, and re-map before relying on it.
  columns  :
           id                     integer                      -> Int32
           salutation             text                         -> String

public.session
  engine   : MergeTree
             no updates or deletes recorded against the source, so the table is append-only
  order by : session_id
             no query-shape evidence available for this table, so this is the primary key rather than a derivation. Populate pg_stat_statements, or compile the application's queries, and re-map before relying on it.
  columns  :
           session_id             integer                      -> Int32
           token                  character varying(32)        -> Nullable(String)
           last_used              timestamp without time zone  -> Nullable(DateTime64(6))
           ttl                    integer                      -> Int32
           users_id               integer                      -> Int32
    LOSSY notify_pasword         interval                     -> String
           ClickHouse has no composite interval; a months/days/microseconds split is the real mapping and needs a decision; source column is NOT NULL
  1 lossy mapping(s) need an R3 approval before this design is used.

public.session_history
  engine   : MergeTree
             no updates or deletes recorded against the source, so the table is append-only
  order by : session_id
             no query-shape evidence available for this table, so this is the primary key rather than a derivation. Populate pg_stat_statements, or compile the application's queries, and re-map before relying on it.
  columns  :
           session_id             integer                      -> Int32
           users_id               integer                      -> Int32
           created                timestamp without time zone  -> DateTime64(6)
           last_used              timestamp without time zone  -> Nullable(DateTime64(6))
           ended                  timestamp without time zone  -> Nullable(DateTime64(6))
           termination_reason     text                         -> Nullable(String)

public.sic
  engine   : MergeTree
             no updates or deletes recorded against the source, so the table is append-only
  order by : code
             no query-shape evidence available for this table, so this is the primary key rather than a derivation. Populate pg_stat_statements, or compile the application's queries, and re-map before relying on it.
  columns  :
           code                   character varying(6)         -> String
    LOSSY sictype                character(1)                 -> Nullable(String)
           PostgreSQL pads char(n) and ClickHouse does not; the padding is a real difference; source column is nullable
           description            text                         -> Nullable(String)
           last_updated           timestamp without time zone  -> DateTime64(6)
           custom_attributes      jsonb                        -> Nullable(String)
           stored as text; ClickHouse's JSON type is version-dependent and validated at V2 only; source column is nullable
  1 lossy mapping(s) need an R3 approval before this design is used.

public.tax
  engine   : MergeTree
             no updates or deletes recorded against the source, so the table is append-only
  order by : chart_id, validto
             no query-shape evidence available for this table, so this is the primary key rather than a derivation. Populate pg_stat_statements, or compile the application's queries, and re-map before relying on it.
  columns  :
           chart_id               integer                      -> Int32
    LOSSY rate                   numeric                      -> Decimal128(4)
           unconstrained numeric with no profile. Nothing here is a measurement; run `ekos migrate profile --tier p1` and re-map rather than accepting this default; declared nullable, but the profile measured no nulls in 1 rows; a null arriving later becomes a load failure rather than a silent default
    LOSSY minvalue               numeric                      -> Nullable(Decimal128(4))
           unconstrained numeric with no profile. Nothing here is a measurement; run `ekos migrate profile --tier p1` and re-map rather than accepting this default; source column is nullable
    LOSSY maxvalue               numeric                      -> Nullable(Decimal128(4))
           unconstrained numeric with no profile. Nothing here is a measurement; run `ekos migrate profile --tier p1` and re-map rather than accepting this default; source column is nullable
    narrow taxnumber              text                         -> String
           direct; declared nullable, but the profile measured no nulls in 1 rows; a null arriving later becomes a load failure rather than a silent default
           validto                timestamp without time zone  -> DateTime64(6)
           pass                   integer                      -> Int32
           taxmodule_id           integer                      -> Int32
  3 lossy mapping(s) need an R3 approval before this design is used.

public.tax_exempt_reason
  engine   : MergeTree
             no updates or deletes recorded against the source, so the table is append-only
  order by : id
             no query-shape evidence available for this table, so this is the primary key rather than a derivation. Populate pg_stat_statements, or compile the application's queries, and re-map before relying on it.
  columns  :
           id                     integer                      -> Int32
    narrow description            text                         -> String
           direct; declared nullable, but the profile measured no nulls in 2 rows; a null arriving later becomes a load failure rather than a silent default

public.tax_extended
  engine   : MergeTree
             no updates or deletes recorded against the source, so the table is append-only
  order by : entry_id
             no query-shape evidence available for this table, so this is the primary key rather than a derivation. Populate pg_stat_statements, or compile the application's queries, and re-map before relying on it.
  columns  :
    LOSSY tax_basis              numeric                      -> Nullable(Decimal128(4))
           unconstrained numeric with no profile. Nothing here is a measurement; run `ekos migrate profile --tier p1` and re-map rather than accepting this default; source column is nullable
    LOSSY rate                   numeric                      -> Nullable(Decimal128(4))
           unconstrained numeric with no profile. Nothing here is a measurement; run `ekos migrate profile --tier p1` and re-map rather than accepting this default; source column is nullable
           entry_id               integer                      -> Int32
  2 lossy mapping(s) need an R3 approval before this design is used.

public.taxcategory
  engine   : MergeTree
             no updates or deletes recorded against the source, so the table is append-only
  order by : taxcategory_id
             no query-shape evidence available for this table, so this is the primary key rather than a derivation. Populate pg_stat_statements, or compile the application's queries, and re-map before relying on it.
  columns  :
           taxcategory_id         integer                      -> Int32
           taxcategoryname        text                         -> String
           taxmodule_id           integer                      -> Int32

public.taxmodule
  engine   : MergeTree
             no updates or deletes recorded against the source, so the table is append-only
  order by : taxmodule_id
             no query-shape evidence available for this table, so this is the primary key rather than a derivation. Populate pg_stat_statements, or compile the application's queries, and re-map before relying on it.
  columns  :
           taxmodule_id           integer                      -> Int32
           taxmodulename          text                         -> String

public.template
  engine   : MergeTree
             no updates or deletes recorded against the source, so the table is append-only
  order by : 
             no query-shape evidence available for this table, so this is the primary key rather than a derivation. Populate pg_stat_statements, or compile the application's queries, and re-map before relying on it.
  columns  :
           id                     integer                      -> Int32
           template_name          text                         -> String
           language_code          character varying(6)         -> Nullable(String)
           template               text                         -> String
           format                 text                         -> String
           last_modified          timestamp without time zone  -> DateTime64(6)
  NEEDS A DECISION: public.template has no primary key and no observed filter predicates, so there is nothing to order by. ClickHouse requires an ORDER BY; choose one before generating DDL.
  DDL not emitted: public.template has no ORDER BY. ClickHouse requires one, and choosing it is a design decision (RFC 0159) rather than something the emitter may invent.

public.trans_type
  engine   : ReplacingMergeTree
             the source updates rows in place, but no column advances on update
  order by : code
             no query-shape evidence available for this table, so this is the primary key rather than a derivation. Populate pg_stat_statements, or compile the application's queries, and re-map before relying on it.
  columns  :
    LOSSY code                   character(2)                 -> String
           PostgreSQL pads char(n) and ClickHouse does not; the padding is a real difference; source column is NOT NULL
    narrow description            character varying(1000)      -> String
           direct; declared nullable, but the profile measured no nulls in 12 rows; a null arriving later becomes a load failure rather than a silent default
           details_table          text                         -> Nullable(String)
  1 lossy mapping(s) need an R3 approval before this design is used.
  NEEDS A DECISION: No version column: without one ClickHouse keeps an arbitrary row per key on merge. Inventing a now() would make the load non-deterministic and unvalidatable, so this needs a decision — add an updated_at to the source, or accept last-writer-wins by insertion order.

public.transactions
  engine   : MergeTree
             no updates or deletes recorded against the source, so the table is append-only
  order by : id
             no query-shape evidence available for this table, so this is the primary key rather than a derivation. Populate pg_stat_statements, or compile the application's queries, and re-map before relying on it.
  columns  :
           id                     integer                      -> Int32
           locked_by              integer                      -> Nullable(Int32)
           approved               boolean                      -> Bool
           approved_by            integer                      -> Nullable(Int32)
           approved_at            timestamp without time zone  -> Nullable(DateTime64(6))
    narrow transdate              date                         -> Date32
           Date32 covers 1900-2299; dates before 1900 are a COMPAT.CH.DATE_BEFORE_1900 finding; declared nullable, but the profile measured no nulls in 7106 rows; a null arriving later becomes a load failure rather than a silent default
           workflow_id            integer                      -> Nullable(Int32)
           reversing              integer                      -> Nullable(Int32)
    narrow reference              text                         -> String
           direct; declared nullable, but the profile measured no nulls in 7106 rows; a null arriving later becomes a load failure rather than a silent default
           description            text                         -> Nullable(String)
    LOSSY trans_type_code        character(2)                 -> String
           PostgreSQL pads char(n) and ClickHouse does not; the padding is a real difference; source column is NOT NULL
           entered_by             integer                      -> Nullable(Int32)
           notes                  text                         -> Nullable(String)
           batch_id               integer                      -> Nullable(Int32)
  1 lossy mapping(s) need an R3 approval before this design is used.

public.trial_balance__yearend_types
  engine   : MergeTree
             no updates or deletes recorded against the source, so the table is append-only
  order by : type
             no query-shape evidence available for this table, so this is the primary key rather than a derivation. Populate pg_stat_statements, or compile the application's queries, and re-map before relying on it.
  columns  :
           type                   text                         -> String

public.user_preference
  engine   : MergeTree
             no updates or deletes recorded against the source, so the table is append-only
  order by : id
             no query-shape evidence available for this table, so this is the primary key rather than a derivation. Populate pg_stat_statements, or compile the application's queries, and re-map before relying on it.
  columns  :
           id                     integer                      -> Int32
           user_id                integer                      -> Nullable(Int32)
           name                   text                         -> String
           value                  text                         -> String

public.users
  engine   : MergeTree
             no updates or deletes recorded against the source, so the table is append-only
  order by : username
             no query-shape evidence available for this table, so this is the primary key rather than a derivation. Populate pg_stat_statements, or compile the application's queries, and re-map before relying on it.
  columns  :
           id                     integer                      -> Int32
           username               character varying(30)        -> String
    LOSSY notify_password        interval                     -> String
           ClickHouse has no composite interval; a months/days/microseconds split is the real mapping and needs a decision; source column is NOT NULL
           entity_id              integer                      -> Int32
  1 lossy mapping(s) need an R3 approval before this design is used.

public.warehouse
  engine   : MergeTree
             no updates or deletes recorded against the source, so the table is append-only
  order by : id
             no query-shape evidence available for this table, so this is the primary key rather than a derivation. Populate pg_stat_statements, or compile the application's queries, and re-map before relying on it.
  columns  :
           id                     integer                      -> Int32
           description            text                         -> Nullable(String)
           last_updated           timestamp without time zone  -> DateTime64(6)

public.warehouse_inventory
  engine   : MergeTree
             no updates or deletes recorded against the source, so the table is append-only
  order by : entry_id
             no query-shape evidence available for this table, so this is the primary key rather than a derivation. Populate pg_stat_statements, or compile the application's queries, and re-map before relying on it.
  columns  :
           entity_id              integer                      -> Nullable(Int32)
           warehouse_id           integer                      -> Nullable(Int32)
           parts_id               integer                      -> Nullable(Int32)
           trans_id               integer                      -> Nullable(Int32)
           orderitems_id          integer                      -> Nullable(Int32)
    LOSSY qty                    numeric                      -> Nullable(Decimal128(4))
           unconstrained numeric with no profile. Nothing here is a measurement; run `ekos migrate profile --tier p1` and re-map rather than accepting this default; source column is nullable
           shippingdate           date                         -> Nullable(Date32)
           entry_id               integer                      -> Int32
  1 lossy mapping(s) need an R3 approval before this design is used.

public.workflow
  engine   : MergeTree
             no updates or deletes recorded against the source, so the table is append-only
  order by : workflow_id
             no query-shape evidence available for this table, so this is the primary key rather than a derivation. Populate pg_stat_statements, or compile the application's queries, and re-map before relying on it.
  columns  :
           workflow_id            integer                      -> Int32
           type                   character varying(50)        -> LowCardinality(String)
           state                  character varying(30)        -> LowCardinality(String)
    narrow last_update            timestamp without time zone  -> DateTime64(6)
           no zone applied: a no-TZ column is a wall-clock reading; declared nullable, but the profile measured no nulls in 3286 rows; a null arriving later becomes a load failure rather than a silent default

public.workflow_context
  engine   : MergeTree
             no updates or deletes recorded against the source, so the table is append-only
  order by : workflow_id
             no query-shape evidence available for this table, so this is the primary key rather than a derivation. Populate pg_stat_statements, or compile the application's queries, and re-map before relying on it.
  columns  :
           workflow_id            integer                      -> Int32
           context                jsonb                        -> Nullable(String)
           stored as text; ClickHouse's JSON type is version-dependent and validated at V2 only; source column is nullable

public.workflow_history
  engine   : MergeTree
             no updates or deletes recorded against the source, so the table is append-only
  order by : workflow_hist_id
             no query-shape evidence available for this table, so this is the primary key rather than a derivation. Populate pg_stat_statements, or compile the application's queries, and re-map before relying on it.
  columns  :
           workflow_hist_id       integer                      -> Int32
           workflow_id            integer                      -> Int32
           action                 character varying(25)        -> String
           description            character varying(255)       -> Nullable(String)
           state                  character varying(30)        -> String
           workflow_user          character varying(50)        -> Nullable(String)
           history_date           timestamp without time zone  -> Nullable(DateTime64(6))
           workflow_entity_id     integer                      -> Nullable(Int32)

public.yearend
  engine   : MergeTree
             no updates or deletes recorded against the source, so the table is append-only
  order by : trans_id
             no query-shape evidence available for this table, so this is the primary key rather than a derivation. Populate pg_stat_statements, or compile the application's queries, and re-map before relying on it.
  columns  :
           trans_id               integer                      -> Int32
           reversed               boolean                      -> Nullable(Bool)
           transdate              date                         -> Nullable(Date32)

DDL for 158 table(s) written to /home/legion/PycharmProjects/ledgersmb-analytics-demo/clickhouse/ddl/ekos_generated_raw.sql
### exit=0  wall=2.4s

### 2026-09-28T15:45:30Z  ekos migrate load --unit public.account --env sandbox
public.account -> lsmb_raw.account (sandbox, 1 chunk(s))
  [ddl_create] public.account:ddl ok
  [dml_insert] public.account:chunk:0 ok

Loaded. Validate with `ekos migrate validate --unit public.account`.
### exit=0  wall=2.0s

### 2026-09-28T15:45:32Z  ekos migrate validate --unit public.account --tier v3
  skipping custom_attributes: no canonical rule for jsonb
public.account -> lsmb_raw.account
  source LSN: 0/2F587DA0
  v1 passed — 0 control(s) fired
    read via postgres:lsmb-pg/ledgersmb and clickhouse:reader
  v2 passed — 0 control(s) fired
    read via postgres:lsmb-pg/ledgersmb and clickhouse:reader
  v3 passed — 0 control(s) fired
    read via postgres:lsmb-pg/ledgersmb and clickhouse:reader

Every tier run passed. Note: no planted controls were run, so this says the tiers found nothing — not that they would have.
### exit=0  wall=0.8s

### 2026-09-28T15:45:33Z  ekos migrate load --unit public.account_heading --env sandbox
public.account_heading -> lsmb_raw.account_heading (sandbox, 1 chunk(s))
  [ddl_create] public.account_heading:ddl ok
  [dml_insert] public.account_heading:chunk:0 ok

Loaded. Validate with `ekos migrate validate --unit public.account_heading`.
### exit=0  wall=2.0s

### 2026-09-28T15:45:35Z  ekos migrate validate --unit public.account_heading --tier v3
public.account_heading -> lsmb_raw.account_heading
  source LSN: 0/2F587DA0
  v1 passed — 0 control(s) fired
    read via postgres:lsmb-pg/ledgersmb and clickhouse:reader
  v2 passed — 0 control(s) fired
    read via postgres:lsmb-pg/ledgersmb and clickhouse:reader
  v3 passed — 0 control(s) fired
    read via postgres:lsmb-pg/ledgersmb and clickhouse:reader

Every tier run passed. Note: no planted controls were run, so this says the tiers found nothing — not that they would have.
### exit=0  wall=0.9s

### 2026-09-28T15:45:36Z  ekos migrate load --unit public.account_link --env sandbox
public.account_link -> lsmb_raw.account_link (sandbox, 1 chunk(s))
  [ddl_create] public.account_link:ddl ok
  [dml_insert] public.account_link:chunk:0 ok

Loaded. Validate with `ekos migrate validate --unit public.account_link`.
### exit=0  wall=2.0s

### 2026-09-28T15:45:38Z  ekos migrate validate --unit public.account_link --tier v3
public.account_link -> lsmb_raw.account_link
  source LSN: 0/2F587DA0
  v1 passed — 0 control(s) fired
    read via postgres:lsmb-pg/ledgersmb and clickhouse:reader
  v2 passed — 0 control(s) fired
    read via postgres:lsmb-pg/ledgersmb and clickhouse:reader
  v3 passed — 0 control(s) fired
    read via postgres:lsmb-pg/ledgersmb and clickhouse:reader

Every tier run passed. Note: no planted controls were run, so this says the tiers found nothing — not that they would have.
### exit=0  wall=0.9s

### 2026-09-28T15:45:38Z  ekos migrate load --unit public.acc_trans --env sandbox
public.acc_trans -> lsmb_raw.acc_trans (sandbox, 1 chunk(s))
Error: public.acc_trans:ddl is R3 and has no matching approval.
  R3 because: 11 downstream consumers depend on this (threshold 10)

Raise one with `ekos migrate review --unit public.acc_trans --env sandbox`, then approve it. Approving is human-only and has no MCP equivalent, by design.
### exit=1  wall=1.5s

### 2026-09-28T15:45:40Z  ekos migrate review --unit public.acc_trans --env sandbox
Raised REQ:public.acc_trans:sandbox
  risk     : R3 because: 11 downstream consumers depend on this (threshold 10)
  needs    : 1 distinct approver(s)
  evidence : must be rendered and that recorded (pass --show-evidence)
  covers   : 2 artifact(s) — the DDL and every chunk, so one decision covers the load
  evidence : 29 fact(s) frozen
  requester: cli:legion — whoever approves must be someone else

Approve with `ekos migrate approve REQ:public.acc_trans:sandbox --as <you>`.
### exit=0  wall=1.6s

### 2026-09-28T15:45:41Z  ekos migrate approve REQ:public.acc_trans:sandbox --as cli:legion --show-evidence
Error: an approver may not be the requester. human:cli:legion raised this request, so somebody else has to approve it.
### exit=1  wall=1.3s

### 2026-09-28T15:45:43Z  ekos migrate approve REQ:public.acc_trans:sandbox --as demo.finance-controller --show-evidence
Approved REQ:public.acc_trans:sandbox (R3)
### exit=0  wall=1.4s

### 2026-09-28T15:45:44Z  ekos migrate load --unit public.acc_trans --env sandbox
public.acc_trans -> lsmb_raw.acc_trans (sandbox, 1 chunk(s))
  [ddl_create] public.acc_trans:ddl ok
  [dml_insert] public.acc_trans:chunk:0 ok

Loaded. Validate with `ekos migrate validate --unit public.acc_trans`.
### exit=0  wall=2.1s

### 2026-09-28T15:45:46Z  ekos migrate validate --unit public.acc_trans --tier v3
  skipping additional_data: no canonical rule for jsonb
public.acc_trans -> lsmb_raw.acc_trans
  source LSN: 0/2F587DA0
  v1 passed — 0 control(s) fired
    read via postgres:lsmb-pg/ledgersmb and clickhouse:reader
  v2 passed — 0 control(s) fired
    read via postgres:lsmb-pg/ledgersmb and clickhouse:reader
  v3 passed — 0 control(s) fired
    read via postgres:lsmb-pg/ledgersmb and clickhouse:reader

Every tier run passed. Note: no planted controls were run, so this says the tiers found nothing — not that they would have.
### exit=0  wall=1.5s

### 2026-09-28T15:45:48Z  ekos migrate load --unit public.transactions --env sandbox
public.transactions -> lsmb_raw.transactions (sandbox, 1 chunk(s))
Error: public.transactions:ddl is R3 and has no matching approval.
  R3 because: 26 downstream consumers depend on this (threshold 10)

Raise one with `ekos migrate review --unit public.transactions --env sandbox`, then approve it. Approving is human-only and has no MCP equivalent, by design.
### exit=1  wall=1.5s

### 2026-09-28T15:45:49Z  ekos migrate review --unit public.transactions --env sandbox
Raised REQ:public.transactions:sandbox
  risk     : R3 because: 26 downstream consumers depend on this (threshold 10)
  needs    : 1 distinct approver(s)
  evidence : must be rendered and that recorded (pass --show-evidence)
  covers   : 2 artifact(s) — the DDL and every chunk, so one decision covers the load
  evidence : 27 fact(s) frozen
  requester: cli:legion — whoever approves must be someone else

Approve with `ekos migrate approve REQ:public.transactions:sandbox --as <you>`.
### exit=0  wall=1.6s

### 2026-09-28T15:45:51Z  ekos migrate approve REQ:public.transactions:sandbox --as cli:legion --show-evidence
Error: an approver may not be the requester. human:cli:legion raised this request, so somebody else has to approve it.
### exit=1  wall=1.3s

### 2026-09-28T15:45:52Z  ekos migrate approve REQ:public.transactions:sandbox --as demo.finance-controller --show-evidence
Approved REQ:public.transactions:sandbox (R3)
### exit=0  wall=1.5s

### 2026-09-28T15:45:54Z  ekos migrate load --unit public.transactions --env sandbox
public.transactions -> lsmb_raw.transactions (sandbox, 1 chunk(s))
  [ddl_create] public.transactions:ddl ok
  [dml_insert] public.transactions:chunk:0 ok

Loaded. Validate with `ekos migrate validate --unit public.transactions`.
### exit=0  wall=2.1s

### 2026-09-28T15:45:56Z  ekos migrate validate --unit public.transactions --tier v3
public.transactions -> lsmb_raw.transactions
  source LSN: 0/2F587DA0
  v1 passed — 0 control(s) fired
    read via postgres:lsmb-pg/ledgersmb and clickhouse:reader
  v2 passed — 0 control(s) fired
    read via postgres:lsmb-pg/ledgersmb and clickhouse:reader
  v3 passed — 0 control(s) fired
    read via postgres:lsmb-pg/ledgersmb and clickhouse:reader

Every tier run passed. Note: no planted controls were run, so this says the tiers found nothing — not that they would have.
### exit=0  wall=0.9s

### 2026-09-28T15:45:57Z  ekos migrate load --unit public.gl --env sandbox
public.gl -> lsmb_raw.gl (sandbox, 1 chunk(s))
  [ddl_create] public.gl:ddl ok
  [dml_insert] public.gl:chunk:0 ok

Loaded. Validate with `ekos migrate validate --unit public.gl`.
### exit=0  wall=2.0s

### 2026-09-28T15:45:59Z  ekos migrate validate --unit public.gl --tier v3
public.gl -> lsmb_raw.gl
  source LSN: 0/2F587DA0
  v1 passed — 0 control(s) fired
    read via postgres:lsmb-pg/ledgersmb and clickhouse:reader
  v2 passed — 0 control(s) fired
    read via postgres:lsmb-pg/ledgersmb and clickhouse:reader
  v3 passed — 0 control(s) fired
    read via postgres:lsmb-pg/ledgersmb and clickhouse:reader

Every tier run passed. Note: no planted controls were run, so this says the tiers found nothing — not that they would have.
### exit=0  wall=0.8s

### 2026-09-28T15:46:00Z  ekos migrate load --unit public.ar --env sandbox
public.ar -> lsmb_raw.ar (sandbox, 1 chunk(s))
  [ddl_create] public.ar:ddl ok
  [dml_insert] public.ar:chunk:0 ok

Loaded. Validate with `ekos migrate validate --unit public.ar`.
### exit=0  wall=2.1s

### 2026-09-28T15:46:02Z  ekos migrate validate --unit public.ar --tier v3
public.ar -> lsmb_raw.ar
  source LSN: 0/2F587DA0
  v1 passed — 0 control(s) fired
    read via postgres:lsmb-pg/ledgersmb and clickhouse:reader
  v2 passed — 0 control(s) fired
    read via postgres:lsmb-pg/ledgersmb and clickhouse:reader
  v3 passed — 0 control(s) fired
    read via postgres:lsmb-pg/ledgersmb and clickhouse:reader

Every tier run passed. Note: no planted controls were run, so this says the tiers found nothing — not that they would have.
### exit=0  wall=0.9s

### 2026-09-28T15:46:03Z  ekos migrate load --unit public.ap --env sandbox
public.ap -> lsmb_raw.ap (sandbox, 1 chunk(s))
  [ddl_create] public.ap:ddl ok
  [dml_insert] public.ap:chunk:0 ok

Loaded. Validate with `ekos migrate validate --unit public.ap`.
### exit=0  wall=2.1s

### 2026-09-28T15:46:05Z  ekos migrate validate --unit public.ap --tier v3
public.ap -> lsmb_raw.ap
  source LSN: 0/2F587DA0
  v1 passed — 0 control(s) fired
    read via postgres:lsmb-pg/ledgersmb and clickhouse:reader
  v2 passed — 0 control(s) fired
    read via postgres:lsmb-pg/ledgersmb and clickhouse:reader
  v3 passed — 0 control(s) fired
    read via postgres:lsmb-pg/ledgersmb and clickhouse:reader

Every tier run passed. Note: no planted controls were run, so this says the tiers found nothing — not that they would have.
### exit=0  wall=0.9s

### 2026-09-28T15:46:06Z  ekos migrate load --unit public.payment --env sandbox
public.payment -> lsmb_raw.payment (sandbox, 1 chunk(s))
  [ddl_create] public.payment:ddl ok
  [dml_insert] public.payment:chunk:0 ok

Loaded. Validate with `ekos migrate validate --unit public.payment`.
### exit=0  wall=2.0s

### 2026-09-28T15:46:08Z  ekos migrate validate --unit public.payment --tier v3
public.payment -> lsmb_raw.payment
  source LSN: 0/2F587DA0
  v1 passed — 0 control(s) fired
    read via postgres:lsmb-pg/ledgersmb and clickhouse:reader
  v2 passed — 0 control(s) fired
    read via postgres:lsmb-pg/ledgersmb and clickhouse:reader
  v3 passed — 0 control(s) fired
    read via postgres:lsmb-pg/ledgersmb and clickhouse:reader

Every tier run passed. Note: no planted controls were run, so this says the tiers found nothing — not that they would have.
### exit=0  wall=0.9s

### 2026-09-28T15:46:08Z  ekos migrate load --unit public.open_item --env sandbox
public.open_item -> lsmb_raw.open_item (sandbox, 1 chunk(s))
  [ddl_create] public.open_item:ddl ok
  [dml_insert] public.open_item:chunk:0 ok

Loaded. Validate with `ekos migrate validate --unit public.open_item`.
### exit=0  wall=2.0s

### 2026-09-28T15:46:11Z  ekos migrate validate --unit public.open_item --tier v3
public.open_item -> lsmb_raw.open_item
  source LSN: 0/2F587DA0
  v1 passed — 0 control(s) fired
    read via postgres:lsmb-pg/ledgersmb and clickhouse:reader
  v2 passed — 0 control(s) fired
    read via postgres:lsmb-pg/ledgersmb and clickhouse:reader
  v3 passed — 0 control(s) fired
    read via postgres:lsmb-pg/ledgersmb and clickhouse:reader

Every tier run passed. Note: no planted controls were run, so this says the tiers found nothing — not that they would have.
### exit=0  wall=0.9s

### 2026-09-28T15:46:11Z  ekos migrate load --unit public.trans_type --env sandbox
public.trans_type -> lsmb_raw.trans_type (sandbox, 1 chunk(s))
  [ddl_create] public.trans_type:ddl ok
  [dml_insert] public.trans_type:chunk:0 ok

Loaded. Validate with `ekos migrate validate --unit public.trans_type`.
### exit=0  wall=2.0s

### 2026-09-28T15:46:13Z  ekos migrate validate --unit public.trans_type --tier v3
public.trans_type -> lsmb_raw.trans_type
  source LSN: 0/2F587DA0
  v1 passed — 0 control(s) fired
    read via postgres:lsmb-pg/ledgersmb and clickhouse:reader
  v2 passed — 0 control(s) fired
    read via postgres:lsmb-pg/ledgersmb and clickhouse:reader
  v3 passed — 0 control(s) fired
    read via postgres:lsmb-pg/ledgersmb and clickhouse:reader

Every tier run passed. Note: no planted controls were run, so this says the tiers found nothing — not that they would have.
### exit=0  wall=0.8s

### 2026-09-28T15:46:14Z  ekos migrate load --unit public.currency --env sandbox
public.currency -> lsmb_raw.currency (sandbox, 1 chunk(s))
  [ddl_create] public.currency:ddl ok
  [dml_insert] public.currency:chunk:0 ok

Loaded. Validate with `ekos migrate validate --unit public.currency`.
### exit=0  wall=2.0s

### 2026-09-28T15:46:16Z  ekos migrate validate --unit public.currency --tier v3
public.currency -> lsmb_raw.currency
  source LSN: 0/2F587DA0
  v1 passed — 0 control(s) fired
    read via postgres:lsmb-pg/ledgersmb and clickhouse:reader
  v2 passed — 0 control(s) fired
    read via postgres:lsmb-pg/ledgersmb and clickhouse:reader
  v3 passed — 0 control(s) fired
    read via postgres:lsmb-pg/ledgersmb and clickhouse:reader

Every tier run passed. Note: no planted controls were run, so this says the tiers found nothing — not that they would have.
### exit=0  wall=0.8s

### 2026-09-28T15:46:17Z  ekos migrate load --unit public.parts --env sandbox
public.parts -> lsmb_raw.parts (sandbox, 1 chunk(s))
Error: public.parts:ddl is R3 and has no matching approval.
  R3 because: 27 downstream consumers depend on this (threshold 10)

Raise one with `ekos migrate review --unit public.parts --env sandbox`, then approve it. Approving is human-only and has no MCP equivalent, by design.
### exit=1  wall=1.5s

### 2026-09-28T15:46:19Z  ekos migrate review --unit public.parts --env sandbox
Raised REQ:public.parts:sandbox
  risk     : R3 because: 27 downstream consumers depend on this (threshold 10)
  needs    : 1 distinct approver(s)
  evidence : must be rendered and that recorded (pass --show-evidence)
  covers   : 2 artifact(s) — the DDL and every chunk, so one decision covers the load
  evidence : 48 fact(s) frozen
  requester: cli:legion — whoever approves must be someone else

Approve with `ekos migrate approve REQ:public.parts:sandbox --as <you>`.
### exit=0  wall=1.6s

### 2026-09-28T15:46:20Z  ekos migrate approve REQ:public.parts:sandbox --as cli:legion --show-evidence
Error: an approver may not be the requester. human:cli:legion raised this request, so somebody else has to approve it.
### exit=1  wall=1.3s

### 2026-09-28T15:46:21Z  ekos migrate approve REQ:public.parts:sandbox --as demo.finance-controller --show-evidence
Approved REQ:public.parts:sandbox (R3)
### exit=0  wall=1.4s

### 2026-09-28T15:46:23Z  ekos migrate load --unit public.parts --env sandbox
public.parts -> lsmb_raw.parts (sandbox, 1 chunk(s))
  [ddl_create] public.parts:ddl ok
  [dml_insert] public.parts:chunk:0 ok

Loaded. Validate with `ekos migrate validate --unit public.parts`.
### exit=0  wall=2.0s

### 2026-09-28T15:46:25Z  ekos migrate validate --unit public.parts --tier v3
  skipping custom_attributes: no canonical rule for jsonb
public.parts -> lsmb_raw.parts
  source LSN: 0/2F587DA0
  v1 passed — 0 control(s) fired
    read via postgres:lsmb-pg/ledgersmb and clickhouse:reader
  v2 passed — 0 control(s) fired
    read via postgres:lsmb-pg/ledgersmb and clickhouse:reader
  v3 passed — 0 control(s) fired
    read via postgres:lsmb-pg/ledgersmb and clickhouse:reader

Every tier run passed. Note: no planted controls were run, so this says the tiers found nothing — not that they would have.
### exit=0  wall=0.9s

### 2026-09-28T15:46:26Z  ekos migrate load --unit public.partsgroup --env sandbox
public.partsgroup -> lsmb_raw.partsgroup (sandbox, 1 chunk(s))
  [ddl_create] public.partsgroup:ddl ok
  [dml_insert] public.partsgroup:chunk:0 ok

Loaded. Validate with `ekos migrate validate --unit public.partsgroup`.
### exit=0  wall=2.0s

### 2026-09-28T15:46:28Z  ekos migrate validate --unit public.partsgroup --tier v3
public.partsgroup -> lsmb_raw.partsgroup
  source LSN: 0/2F587DA0
  v1 passed — 0 control(s) fired
    read via postgres:lsmb-pg/ledgersmb and clickhouse:reader
  v2 passed — 0 control(s) fired
    read via postgres:lsmb-pg/ledgersmb and clickhouse:reader
  v3 passed — 0 control(s) fired
    read via postgres:lsmb-pg/ledgersmb and clickhouse:reader

Every tier run passed. Note: no planted controls were run, so this says the tiers found nothing — not that they would have.
### exit=0  wall=0.8s

### 2026-09-28T15:46:29Z  ekos migrate load --unit public.partstax --env sandbox
public.partstax -> lsmb_raw.partstax (sandbox, 1 chunk(s))
  [ddl_create] public.partstax:ddl ok
  [dml_insert] public.partstax:chunk:0 ok

Loaded. Validate with `ekos migrate validate --unit public.partstax`.
### exit=0  wall=2.0s

### 2026-09-28T15:46:31Z  ekos migrate validate --unit public.partstax --tier v3
public.partstax -> lsmb_raw.partstax
  source LSN: 0/2F587DA0
  v1 passed — 0 control(s) fired
    read via postgres:lsmb-pg/ledgersmb and clickhouse:reader
  v2 passed — 0 control(s) fired
    read via postgres:lsmb-pg/ledgersmb and clickhouse:reader
  v3 passed — 0 control(s) fired
    read via postgres:lsmb-pg/ledgersmb and clickhouse:reader

Every tier run passed. Note: no planted controls were run, so this says the tiers found nothing — not that they would have.
### exit=0  wall=0.8s

### 2026-09-28T15:46:32Z  ekos migrate load --unit public.invoice --env sandbox
public.invoice -> lsmb_raw.invoice (sandbox, 1 chunk(s))
  [ddl_create] public.invoice:ddl ok
  [dml_insert] public.invoice:chunk:0 ok

Loaded. Validate with `ekos migrate validate --unit public.invoice`.
### exit=0  wall=2.1s

### 2026-09-28T15:46:34Z  ekos migrate validate --unit public.invoice --tier v3
public.invoice -> lsmb_raw.invoice
  source LSN: 0/2F587DA0
  v1 passed — 0 control(s) fired
    read via postgres:lsmb-pg/ledgersmb and clickhouse:reader
  v2 passed — 0 control(s) fired
    read via postgres:lsmb-pg/ledgersmb and clickhouse:reader
  v3 passed — 0 control(s) fired
    read via postgres:lsmb-pg/ledgersmb and clickhouse:reader

Every tier run passed. Note: no planted controls were run, so this says the tiers found nothing — not that they would have.
### exit=0  wall=1.1s

### 2026-09-28T15:46:35Z  ekos migrate load --unit public.oe --env sandbox
public.oe -> lsmb_raw.oe (sandbox, 1 chunk(s))
  [ddl_create] public.oe:ddl ok
  [dml_insert] public.oe:chunk:0 ok

Loaded. Validate with `ekos migrate validate --unit public.oe`.
### exit=0  wall=2.1s

### 2026-09-28T15:46:37Z  ekos migrate validate --unit public.oe --tier v3
public.oe -> lsmb_raw.oe
  source LSN: 0/2F587DA0
  v1 passed — 0 control(s) fired
    read via postgres:lsmb-pg/ledgersmb and clickhouse:reader
  v2 passed — 0 control(s) fired
    read via postgres:lsmb-pg/ledgersmb and clickhouse:reader
  v3 passed — 0 control(s) fired
    read via postgres:lsmb-pg/ledgersmb and clickhouse:reader

Every tier run passed. Note: no planted controls were run, so this says the tiers found nothing — not that they would have.
### exit=0  wall=0.9s

### 2026-09-28T15:46:38Z  ekos migrate load --unit public.oe_class --env sandbox
public.oe_class -> lsmb_raw.oe_class (sandbox, 1 chunk(s))
  [ddl_create] public.oe_class:ddl ok
  [dml_insert] public.oe_class:chunk:0 ok

Loaded. Validate with `ekos migrate validate --unit public.oe_class`.
### exit=0  wall=2.0s

### 2026-09-28T15:46:40Z  ekos migrate validate --unit public.oe_class --tier v3
public.oe_class -> lsmb_raw.oe_class
  source LSN: 0/2F587DA0
  v1 passed — 0 control(s) fired
    read via postgres:lsmb-pg/ledgersmb and clickhouse:reader
  v2 passed — 0 control(s) fired
    read via postgres:lsmb-pg/ledgersmb and clickhouse:reader
  v3 passed — 0 control(s) fired
    read via postgres:lsmb-pg/ledgersmb and clickhouse:reader

Every tier run passed. Note: no planted controls were run, so this says the tiers found nothing — not that they would have.
### exit=0  wall=0.8s

### 2026-09-28T15:46:41Z  ekos migrate load --unit public.orderitems --env sandbox
public.orderitems -> lsmb_raw.orderitems (sandbox, 1 chunk(s))
  [ddl_create] public.orderitems:ddl ok
  [dml_insert] public.orderitems:chunk:0 ok

Loaded. Validate with `ekos migrate validate --unit public.orderitems`.
### exit=0  wall=2.1s

### 2026-09-28T15:46:43Z  ekos migrate validate --unit public.orderitems --tier v3
public.orderitems -> lsmb_raw.orderitems
  source LSN: 0/2F587DA0
  v1 passed — 0 control(s) fired
    read via postgres:lsmb-pg/ledgersmb and clickhouse:reader
  v2 passed — 0 control(s) fired
    read via postgres:lsmb-pg/ledgersmb and clickhouse:reader
  v3 passed — 0 control(s) fired
    read via postgres:lsmb-pg/ledgersmb and clickhouse:reader

Every tier run passed. Note: no planted controls were run, so this says the tiers found nothing — not that they would have.
### exit=0  wall=0.9s

### 2026-09-28T15:46:44Z  ekos migrate load --unit public.inventory_report --env sandbox
public.inventory_report -> lsmb_raw.inventory_report (sandbox, 1 chunk(s))
  [ddl_create] public.inventory_report:ddl ok
  [dml_insert] public.inventory_report:chunk:0 ok

Loaded. Validate with `ekos migrate validate --unit public.inventory_report`.
### exit=0  wall=2.0s

### 2026-09-28T15:46:46Z  ekos migrate validate --unit public.inventory_report --tier v3
public.inventory_report -> lsmb_raw.inventory_report
  source LSN: 0/2F587DA0
  v1 passed — 0 control(s) fired
    read via postgres:lsmb-pg/ledgersmb and clickhouse:reader
  v2 passed — 0 control(s) fired
    read via postgres:lsmb-pg/ledgersmb and clickhouse:reader
  v3 passed — 0 control(s) fired
    read via postgres:lsmb-pg/ledgersmb and clickhouse:reader

Every tier run passed. Note: no planted controls were run, so this says the tiers found nothing — not that they would have.
### exit=0  wall=0.8s

### 2026-09-28T15:46:46Z  ekos migrate load --unit public.inventory_report_line --env sandbox
public.inventory_report_line -> lsmb_raw.inventory_report_line (sandbox, 1 chunk(s))
  [ddl_create] public.inventory_report_line:ddl ok
  [dml_insert] public.inventory_report_line:chunk:0 ok

Loaded. Validate with `ekos migrate validate --unit public.inventory_report_line`.
### exit=0  wall=2.0s

### 2026-09-28T15:46:49Z  ekos migrate validate --unit public.inventory_report_line --tier v3
public.inventory_report_line -> lsmb_raw.inventory_report_line
  source LSN: 0/2F587DA0
  v1 passed — 0 control(s) fired
    read via postgres:lsmb-pg/ledgersmb and clickhouse:reader
  v2 passed — 0 control(s) fired
    read via postgres:lsmb-pg/ledgersmb and clickhouse:reader
  v3 passed — 0 control(s) fired
    read via postgres:lsmb-pg/ledgersmb and clickhouse:reader

Every tier run passed. Note: no planted controls were run, so this says the tiers found nothing — not that they would have.
### exit=0  wall=0.9s

### 2026-09-28T15:46:49Z  ekos migrate load --unit public.warehouse --env sandbox
public.warehouse -> lsmb_raw.warehouse (sandbox, 0 chunk(s))
  [ddl_create] public.warehouse:ddl ok

Loaded. Validate with `ekos migrate validate --unit public.warehouse`.
### exit=0  wall=2.1s

### 2026-09-28T15:46:51Z  ekos migrate validate --unit public.warehouse --tier v3
public.warehouse -> lsmb_raw.warehouse
  source LSN: 0/2F587DA0
  v1 passed — 0 control(s) fired
    read via postgres:lsmb-pg/ledgersmb and clickhouse:reader
  v2 passed — 0 control(s) fired
    read via postgres:lsmb-pg/ledgersmb and clickhouse:reader
  v3 passed — 0 control(s) fired
    read via postgres:lsmb-pg/ledgersmb and clickhouse:reader

Every tier run passed. Note: no planted controls were run, so this says the tiers found nothing — not that they would have.
### exit=0  wall=0.8s

### 2026-09-28T15:46:52Z  ekos migrate load --unit public.entity --env sandbox
public.entity -> lsmb_raw.entity (sandbox, 1 chunk(s))
Error: public.entity:ddl is R3 and has no matching approval.
  R3 because: 50 downstream consumers depend on this (threshold 10)

Raise one with `ekos migrate review --unit public.entity --env sandbox`, then approve it. Approving is human-only and has no MCP equivalent, by design.
### exit=1  wall=1.5s

### 2026-09-28T15:46:54Z  ekos migrate review --unit public.entity --env sandbox
Raised REQ:public.entity:sandbox
  risk     : R1 (R1)
  needs    : 0 distinct approver(s)
  covers   : 2 artifact(s) — the DDL and every chunk, so one decision covers the load
  evidence : 13 fact(s) frozen
  requester: cli:legion — whoever approves must be someone else

Approve with `ekos migrate approve REQ:public.entity:sandbox --as <you>`.
### exit=0  wall=1.6s

### 2026-09-28T15:46:55Z  ekos migrate approve REQ:public.entity:sandbox --as cli:legion --show-evidence
Error: an approver may not be the requester. human:cli:legion raised this request, so somebody else has to approve it.
### exit=1  wall=1.4s

### 2026-09-28T15:46:57Z  ekos migrate approve REQ:public.entity:sandbox --as demo.finance-controller --show-evidence
Approved REQ:public.entity:sandbox (R1)
### exit=0  wall=1.4s

### 2026-09-28T15:46:58Z  ekos migrate load --unit public.entity --env sandbox
public.entity -> lsmb_raw.entity (sandbox, 1 chunk(s))
  [ddl_create] public.entity:ddl ok
  [dml_insert] public.entity:chunk:0 ok

Loaded. Validate with `ekos migrate validate --unit public.entity`.
### exit=0  wall=2.0s

### 2026-09-28T15:47:00Z  ekos migrate validate --unit public.entity --tier v3
  skipping custom_attributes: no canonical rule for jsonb
public.entity -> lsmb_raw.entity
  source LSN: 0/2F587DA0
  v1 passed — 0 control(s) fired
    read via postgres:lsmb-pg/ledgersmb and clickhouse:reader
  v2 passed — 0 control(s) fired
    read via postgres:lsmb-pg/ledgersmb and clickhouse:reader
  v3 passed — 0 control(s) fired
    read via postgres:lsmb-pg/ledgersmb and clickhouse:reader

Every tier run passed. Note: no planted controls were run, so this says the tiers found nothing — not that they would have.
### exit=0  wall=0.8s

### 2026-09-28T15:47:01Z  ekos migrate load --unit public.company --env sandbox
public.company -> lsmb_raw.company (sandbox, 1 chunk(s))
  [ddl_create] public.company:ddl ok
  [dml_insert] public.company:chunk:0 ok

Loaded. Validate with `ekos migrate validate --unit public.company`.
### exit=0  wall=2.0s

### 2026-09-28T15:47:03Z  ekos migrate validate --unit public.company --tier v3
public.company -> lsmb_raw.company
  source LSN: 0/2F587DA0
  v1 passed — 0 control(s) fired
    read via postgres:lsmb-pg/ledgersmb and clickhouse:reader
  v2 passed — 0 control(s) fired
    read via postgres:lsmb-pg/ledgersmb and clickhouse:reader
  v3 passed — 0 control(s) fired
    read via postgres:lsmb-pg/ledgersmb and clickhouse:reader

Every tier run passed. Note: no planted controls were run, so this says the tiers found nothing — not that they would have.
### exit=0  wall=0.8s

### 2026-09-28T15:47:04Z  ekos migrate load --unit public.entity_class --env sandbox
public.entity_class -> lsmb_raw.entity_class (sandbox, 1 chunk(s))
  [ddl_create] public.entity_class:ddl ok
  [dml_insert] public.entity_class:chunk:0 ok

Loaded. Validate with `ekos migrate validate --unit public.entity_class`.
### exit=0  wall=2.0s

### 2026-09-28T15:47:06Z  ekos migrate validate --unit public.entity_class --tier v3
public.entity_class -> lsmb_raw.entity_class
  source LSN: 0/2F587DA0
  v1 passed — 0 control(s) fired
    read via postgres:lsmb-pg/ledgersmb and clickhouse:reader
  v2 passed — 0 control(s) fired
    read via postgres:lsmb-pg/ledgersmb and clickhouse:reader
  v3 passed — 0 control(s) fired
    read via postgres:lsmb-pg/ledgersmb and clickhouse:reader

Every tier run passed. Note: no planted controls were run, so this says the tiers found nothing — not that they would have.
### exit=0  wall=0.8s

### 2026-09-28T15:47:07Z  ekos migrate load --unit public.entity_credit_account --env sandbox
public.entity_credit_account -> lsmb_raw.entity_credit_account (sandbox, 1 chunk(s))
Error: public.entity_credit_account:ddl is R3 and has no matching approval.
  R3 because: 26 downstream consumers depend on this (threshold 10)

Raise one with `ekos migrate review --unit public.entity_credit_account --env sandbox`, then approve it. Approving is human-only and has no MCP equivalent, by design.
### exit=1  wall=1.5s

### 2026-09-28T15:47:08Z  ekos migrate review --unit public.entity_credit_account --env sandbox
Raised REQ:public.entity_credit_account:sandbox
  risk     : R3 because: 26 downstream consumers depend on this (threshold 10)
  needs    : 1 distinct approver(s)
  evidence : must be rendered and that recorded (pass --show-evidence)
  covers   : 2 artifact(s) — the DDL and every chunk, so one decision covers the load
  evidence : 41 fact(s) frozen
  requester: cli:legion — whoever approves must be someone else

Approve with `ekos migrate approve REQ:public.entity_credit_account:sandbox --as <you>`.
### exit=0  wall=1.6s

### 2026-09-28T15:47:10Z  ekos migrate approve REQ:public.entity_credit_account:sandbox --as cli:legion --show-evidence
Error: an approver may not be the requester. human:cli:legion raised this request, so somebody else has to approve it.
### exit=1  wall=1.3s

### 2026-09-28T15:47:11Z  ekos migrate approve REQ:public.entity_credit_account:sandbox --as demo.finance-controller --show-evidence
Approved REQ:public.entity_credit_account:sandbox (R3)
### exit=0  wall=1.5s

### 2026-09-28T15:47:13Z  ekos migrate load --unit public.entity_credit_account --env sandbox
public.entity_credit_account -> lsmb_raw.entity_credit_account (sandbox, 1 chunk(s))
  [ddl_create] public.entity_credit_account:ddl ok
  [dml_insert] public.entity_credit_account:chunk:0 ok

Loaded. Validate with `ekos migrate validate --unit public.entity_credit_account`.
### exit=0  wall=2.1s

### 2026-09-28T15:47:15Z  ekos migrate validate --unit public.entity_credit_account --tier v3
public.entity_credit_account -> lsmb_raw.entity_credit_account
  source LSN: 0/2F587DA0
  v1 passed — 0 control(s) fired
    read via postgres:lsmb-pg/ledgersmb and clickhouse:reader
  v2 passed — 0 control(s) fired
    read via postgres:lsmb-pg/ledgersmb and clickhouse:reader
  v3 passed — 0 control(s) fired
    read via postgres:lsmb-pg/ledgersmb and clickhouse:reader

Every tier run passed. Note: no planted controls were run, so this says the tiers found nothing — not that they would have.
### exit=0  wall=0.9s

### 2026-09-28T15:47:16Z  ekos migrate load --unit public.business --env sandbox
public.business -> lsmb_raw.business (sandbox, 1 chunk(s))
  [ddl_create] public.business:ddl ok
  [dml_insert] public.business:chunk:0 ok

Loaded. Validate with `ekos migrate validate --unit public.business`.
### exit=0  wall=2.0s

### 2026-09-28T15:47:18Z  ekos migrate validate --unit public.business --tier v3
public.business -> lsmb_raw.business
  source LSN: 0/2F587DA0
  v1 passed — 0 control(s) fired
    read via postgres:lsmb-pg/ledgersmb and clickhouse:reader
  v2 passed — 0 control(s) fired
    read via postgres:lsmb-pg/ledgersmb and clickhouse:reader
  v3 passed — 0 control(s) fired
    read via postgres:lsmb-pg/ledgersmb and clickhouse:reader

Every tier run passed. Note: no planted controls were run, so this says the tiers found nothing — not that they would have.
### exit=0  wall=0.8s

### 2026-09-28T15:47:19Z  ekos migrate load --unit public.country --env sandbox
public.country -> lsmb_raw.country (sandbox, 1 chunk(s))
Error: public.country:ddl is R3 and has no matching approval.
  R3 because: 16 downstream consumers depend on this (threshold 10)

Raise one with `ekos migrate review --unit public.country --env sandbox`, then approve it. Approving is human-only and has no MCP equivalent, by design.
### exit=1  wall=1.5s

### 2026-09-28T15:47:20Z  ekos migrate review --unit public.country --env sandbox
Raised REQ:public.country:sandbox
  risk     : R3 because: 16 downstream consumers depend on this (threshold 10)
  needs    : 1 distinct approver(s)
  evidence : must be rendered and that recorded (pass --show-evidence)
  covers   : 2 artifact(s) — the DDL and every chunk, so one decision covers the load
  evidence : 12 fact(s) frozen
  requester: cli:legion — whoever approves must be someone else

Approve with `ekos migrate approve REQ:public.country:sandbox --as <you>`.
### exit=0  wall=1.6s

### 2026-09-28T15:47:22Z  ekos migrate approve REQ:public.country:sandbox --as cli:legion --show-evidence
Error: an approver may not be the requester. human:cli:legion raised this request, so somebody else has to approve it.
### exit=1  wall=1.3s

### 2026-09-28T15:47:23Z  ekos migrate approve REQ:public.country:sandbox --as demo.finance-controller --show-evidence
Approved REQ:public.country:sandbox (R3)
### exit=0  wall=1.4s

### 2026-09-28T15:47:24Z  ekos migrate load --unit public.country --env sandbox
public.country -> lsmb_raw.country (sandbox, 1 chunk(s))
  [ddl_create] public.country:ddl ok
  [dml_insert] public.country:chunk:0 ok

Loaded. Validate with `ekos migrate validate --unit public.country`.
### exit=0  wall=2.0s

### 2026-09-28T15:47:26Z  ekos migrate validate --unit public.country --tier v3
public.country -> lsmb_raw.country
  source LSN: 0/2F587DA0
  v1 passed — 0 control(s) fired
    read via postgres:lsmb-pg/ledgersmb and clickhouse:reader
  v2 passed — 0 control(s) fired
    read via postgres:lsmb-pg/ledgersmb and clickhouse:reader
  v3 passed — 0 control(s) fired
    read via postgres:lsmb-pg/ledgersmb and clickhouse:reader

Every tier run passed. Note: no planted controls were run, so this says the tiers found nothing — not that they would have.
### exit=0  wall=0.8s

### 2026-09-28T15:47:27Z  ekos migrate load --unit public.location --env sandbox
public.location -> lsmb_raw.location (sandbox, 1 chunk(s))
  [ddl_create] public.location:ddl ok
  [dml_insert] public.location:chunk:0 ok

Loaded. Validate with `ekos migrate validate --unit public.location`.
### exit=0  wall=2.0s

### 2026-09-28T15:47:29Z  ekos migrate validate --unit public.location --tier v3
public.location -> lsmb_raw.location
  source LSN: 0/2F587DA0
  v1 passed — 0 control(s) fired
    read via postgres:lsmb-pg/ledgersmb and clickhouse:reader
  v2 passed — 0 control(s) fired
    read via postgres:lsmb-pg/ledgersmb and clickhouse:reader
  v3 passed — 0 control(s) fired
    read via postgres:lsmb-pg/ledgersmb and clickhouse:reader

Every tier run passed. Note: no planted controls were run, so this says the tiers found nothing — not that they would have.
### exit=0  wall=0.9s

### 2026-09-28T15:47:30Z  ekos migrate load --unit public.eca_to_location --env sandbox
public.eca_to_location -> lsmb_raw.eca_to_location (sandbox, 1 chunk(s))
  [ddl_create] public.eca_to_location:ddl ok
  [dml_insert] public.eca_to_location:chunk:0 ok

Loaded. Validate with `ekos migrate validate --unit public.eca_to_location`.
### exit=0  wall=2.0s

### 2026-09-28T15:47:32Z  ekos migrate validate --unit public.eca_to_location --tier v3
public.eca_to_location -> lsmb_raw.eca_to_location
  source LSN: 0/2F587DA0
  v1 passed — 0 control(s) fired
    read via postgres:lsmb-pg/ledgersmb and clickhouse:reader
  v2 passed — 0 control(s) fired
    read via postgres:lsmb-pg/ledgersmb and clickhouse:reader
  v3 passed — 0 control(s) fired
    read via postgres:lsmb-pg/ledgersmb and clickhouse:reader

Every tier run passed. Note: no planted controls were run, so this says the tiers found nothing — not that they would have.
### exit=0  wall=0.8s

### 2026-09-28T15:47:33Z  ekos migrate report --out /home/legion/PycharmProjects/ledgersmb-analytics-demo/docs/migration_report.md
Report written to /home/legion/PycharmProjects/ledgersmb-analytics-demo/docs/migration_report.md

Not signable. The blockers above are mechanical: none of them is a judgement call at sign-off.
### exit=0  wall=1.4s
